uri,kode,laereplan_kode,laereplan_versjon,laereplan_tittel_bokmaal,fag,aarstrinn,status,tekst_bokmaal,tekst_nynorsk,tekst_default,tekst_engelsk,har_nynorsk,samme_som,gjenbruk_av
http://psi.udir.no/kl06/KM294,KM294,MAT07,02,Læreplan i fordypning i matematikk,"Fordypning i matematikk 8. årstrinn | Fordypning i matematikk, 9. årstrinn | Fordypning i matematikk 10. årstrinn",Tiende årstrinn,status_publisert,"bruke teknologi som verktøy for kunnskapssøking, kommunikasjon, kreativitet og læring i matematikk",,"bruke teknologi som verktøy for kunnskapssøking, kommunikasjon, kreativitet og læring i matematikk",,nei,,
http://psi.udir.no/kl06/KM295,KM295,MAT07,02,Læreplan i fordypning i matematikk,"Fordypning i matematikk 8. årstrinn | Fordypning i matematikk, 9. årstrinn | Fordypning i matematikk 10. årstrinn",Tiende årstrinn,status_publisert,"utforske, planlegge og modellere situasjoner knyttet til temaer innenfor samfunn og arbeidsliv og presentere og argumentere for resultatene",,"utforske, planlegge og modellere situasjoner knyttet til temaer innenfor samfunn og arbeidsliv og presentere og argumentere for resultatene",,nei,,
http://psi.udir.no/kl06/KM296,KM296,MAT07,02,Læreplan i fordypning i matematikk,"Fordypning i matematikk 8. årstrinn | Fordypning i matematikk, 9. årstrinn | Fordypning i matematikk 10. årstrinn",Tiende årstrinn,status_publisert,"bruke, forklare og lage formler uttrykt med ord og symboler med utgangspunkt i en praktisk problemstilling",,"bruke, forklare og lage formler uttrykt med ord og symboler med utgangspunkt i en praktisk problemstilling",,nei,,
http://psi.udir.no/kl06/KM297,KM297,MAT07,02,Læreplan i fordypning i matematikk,"Fordypning i matematikk 8. årstrinn | Fordypning i matematikk, 9. årstrinn | Fordypning i matematikk 10. årstrinn",Tiende årstrinn,status_publisert,tolke og diskutere statistiske framstillinger knyttet til bærekraftig utvikling,,tolke og diskutere statistiske framstillinger knyttet til bærekraftig utvikling,,nei,,
http://psi.udir.no/kl06/KM298,KM298,MAT07,02,Læreplan i fordypning i matematikk,"Fordypning i matematikk 8. årstrinn | Fordypning i matematikk, 9. årstrinn | Fordypning i matematikk 10. årstrinn",Tiende årstrinn,status_publisert,"lage, utføre og presentere oppgaver knyttet til sannsynlighetsregning",,"lage, utføre og presentere oppgaver knyttet til sannsynlighetsregning",,nei,,
http://psi.udir.no/kl06/KM299,KM299,MAT07,02,Læreplan i fordypning i matematikk,"Fordypning i matematikk 8. årstrinn | Fordypning i matematikk, 9. årstrinn | Fordypning i matematikk 10. årstrinn",Tiende årstrinn,status_publisert,utforske og representere kombinatoriske problemer,,utforske og representere kombinatoriske problemer,,nei,,
http://psi.udir.no/kl06/KM300,KM300,MAT07,02,Læreplan i fordypning i matematikk,"Fordypning i matematikk 8. årstrinn | Fordypning i matematikk, 9. årstrinn | Fordypning i matematikk 10. årstrinn",Tiende årstrinn,status_publisert,"diskutere, planlegge, lage og vurdere spilldesign og egne spill",,"diskutere, planlegge, lage og vurdere spilldesign og egne spill",,nei,,
http://psi.udir.no/kl06/KM301,KM301,MAT07,02,Læreplan i fordypning i matematikk,"Fordypning i matematikk 8. årstrinn | Fordypning i matematikk, 9. årstrinn | Fordypning i matematikk 10. årstrinn",Tiende årstrinn,status_publisert,beregne og vurdere betingelser for og kostnader ved ulike typer kjøp fra inn- og utland,,beregne og vurdere betingelser for og kostnader ved ulike typer kjøp fra inn- og utland,,nei,,
http://psi.udir.no/kl06/KM187,KM187,ENG03,02,Læreplan i fordypning i engelsk,Engelsk fordypning 8. årstrinn | Engelsk fordypning 9. årstrinn | Engelsk fordypning 10. årstrinn,Tiende årstrinn,status_publisert,"bruke engelsk muntlig og skriftlig i digital samhandling tilpasset formål, mottaker og situasjon",,"bruke engelsk muntlig og skriftlig i digital samhandling tilpasset formål, mottaker og situasjon",,nei,,
http://psi.udir.no/kl06/KM188,KM188,ENG03,02,Læreplan i fordypning i engelsk,Engelsk fordypning 8. årstrinn | Engelsk fordypning 9. årstrinn | Engelsk fordypning 10. årstrinn,Tiende årstrinn,status_publisert,"skape ulike typer muntlige og skriftlige tekster om selvvalgte emner som presenterer, forteller eller forklarer gjennom ulike medier",,"skape ulike typer muntlige og skriftlige tekster om selvvalgte emner som presenterer, forteller eller forklarer gjennom ulike medier",,nei,,
http://psi.udir.no/kl06/KM189,KM189,ENG03,02,Læreplan i fordypning i engelsk,Engelsk fordypning 8. årstrinn | Engelsk fordypning 9. årstrinn | Engelsk fordypning 10. årstrinn,Tiende årstrinn,status_publisert,videreutvikle egne muntlige og skriftlige tekster på bakgrunn av tilbakemeldinger,,videreutvikle egne muntlige og skriftlige tekster på bakgrunn av tilbakemeldinger,,nei,,
http://psi.udir.no/kl06/KM190,KM190,ENG03,02,Læreplan i fordypning i engelsk,Engelsk fordypning 8. årstrinn | Engelsk fordypning 9. årstrinn | Engelsk fordypning 10. årstrinn,Tiende årstrinn,status_publisert,"utforske og presentere innhold, form og formål i spill, film og musikk",,"utforske og presentere innhold, form og formål i spill, film og musikk",,nei,,
http://psi.udir.no/kl06/KM197,KM197,ENG03,02,Læreplan i fordypning i engelsk,Engelsk fordypning 8. årstrinn | Engelsk fordypning 9. årstrinn | Engelsk fordypning 10. årstrinn,Tiende årstrinn,status_publisert,"reflektere over variasjon i tenkesett, kommunikasjonsmønstre og samhandlingsformer i den virtuelle og virkelige verden",,"reflektere over variasjon i tenkesett, kommunikasjonsmønstre og samhandlingsformer i den virtuelle og virkelige verden",,nei,,
http://psi.udir.no/kl06/KM193,KM193,ENG03,02,Læreplan i fordypning i engelsk,Engelsk fordypning 8. årstrinn | Engelsk fordypning 9. årstrinn | Engelsk fordypning 10. årstrinn,Tiende årstrinn,status_publisert,skape digitale produkter som kombinerer ulike medietyper,,skape digitale produkter som kombinerer ulike medietyper,,nei,,
http://psi.udir.no/kl06/KM192,KM192,ENG03,02,Læreplan i fordypning i engelsk,Engelsk fordypning 8. årstrinn | Engelsk fordypning 9. årstrinn | Engelsk fordypning 10. årstrinn,Tiende årstrinn,status_publisert,utforske og sammenligne språkbruk og virkemidler i ulike medier og sammenhenger,,utforske og sammenligne språkbruk og virkemidler i ulike medier og sammenhenger,,nei,,
http://psi.udir.no/kl06/KM194,KM194,ENG03,02,Læreplan i fordypning i engelsk,Engelsk fordypning 8. årstrinn | Engelsk fordypning 9. årstrinn | Engelsk fordypning 10. årstrinn,Tiende årstrinn,status_publisert,utforske og reflektere over hvordan synsvinkel og avsender kan påvirke et budskap,,utforske og reflektere over hvordan synsvinkel og avsender kan påvirke et budskap,,nei,,
http://psi.udir.no/kl06/KM191,KM191,ENG03,02,Læreplan i fordypning i engelsk,Engelsk fordypning 8. årstrinn | Engelsk fordypning 9. årstrinn | Engelsk fordypning 10. årstrinn,Tiende årstrinn,status_publisert,presentere selvvalgte interesseområder,,presentere selvvalgte interesseområder,,nei,,
http://psi.udir.no/kl06/KM196,KM196,ENG03,02,Læreplan i fordypning i engelsk,Engelsk fordypning 8. årstrinn | Engelsk fordypning 9. årstrinn | Engelsk fordypning 10. årstrinn,Tiende årstrinn,status_publisert,gjøre rede for egen rolle i ulike medier og reflektere kritisk over hvordan eleven framstiller seg selv og andre på nett,,gjøre rede for egen rolle i ulike medier og reflektere kritisk over hvordan eleven framstiller seg selv og andre på nett,,nei,,
http://psi.udir.no/kl06/KM195,KM195,ENG03,02,Læreplan i fordypning i engelsk,Engelsk fordypning 8. årstrinn | Engelsk fordypning 9. årstrinn | Engelsk fordypning 10. årstrinn,Tiende årstrinn,status_publisert,bruke kilder på en kritisk og etterrettelig måte og følge regler for personvern og opphavsrett,,bruke kilder på en kritisk og etterrettelig måte og følge regler for personvern og opphavsrett,,nei,,
http://psi.udir.no/kl06/KM1304,KM1304,NOR06,02,Læreplan i fordypning i norsk,"Fordypning i norsk, 8. årstrinn | Fordypning i norsk, 9. årstrinn | Fordypning i norsk, 10. årstrinn",Tiende årstrinn,status_publisert,"formulere og fordype seg i problemstillinger som omhandler språk eller tekst, og presentere resultatet av arbeidet ved å bruke ulike uttrykksformer",,"formulere og fordype seg i problemstillinger som omhandler språk eller tekst, og presentere resultatet av arbeidet ved å bruke ulike uttrykksformer",,nei,,
http://psi.udir.no/kl06/KM1305,KM1305,NOR06,02,Læreplan i fordypning i norsk,"Fordypning i norsk, 8. årstrinn | Fordypning i norsk, 9. årstrinn | Fordypning i norsk, 10. årstrinn",Tiende årstrinn,status_publisert,"utforske og presentere innhold, form og formål i spill, filmer, romaner eller andre selvvalgte tekster",,"utforske og presentere innhold, form og formål i spill, filmer, romaner eller andre selvvalgte tekster",,nei,,
http://psi.udir.no/kl06/KM1306,KM1306,NOR06,02,Læreplan i fordypning i norsk,"Fordypning i norsk, 8. årstrinn | Fordypning i norsk, 9. årstrinn | Fordypning i norsk, 10. årstrinn",Tiende årstrinn,status_publisert,"reflektere over likheter og forskjeller i normer, kultur og verdier i den virtuelle og den virkelige verden",,"reflektere over likheter og forskjeller i normer, kultur og verdier i den virtuelle og den virkelige verden",,nei,,
http://psi.udir.no/kl06/KM1307,KM1307,NOR06,02,Læreplan i fordypning i norsk,"Fordypning i norsk, 8. årstrinn | Fordypning i norsk, 9. årstrinn | Fordypning i norsk, 10. årstrinn",Tiende årstrinn,status_publisert,"utforske og gjøre rede for hvordan eventyr, myter og andre tekster fra eldre tider ligger til grunn for ulike typer nyere tekster",,"utforske og gjøre rede for hvordan eventyr, myter og andre tekster fra eldre tider ligger til grunn for ulike typer nyere tekster",,nei,,
http://psi.udir.no/kl06/KM1308,KM1308,NOR06,02,Læreplan i fordypning i norsk,"Fordypning i norsk, 8. årstrinn | Fordypning i norsk, 9. årstrinn | Fordypning i norsk, 10. årstrinn",Tiende årstrinn,status_publisert,undersøke og beskrive språksituasjonen i eget nærmiljø,,undersøke og beskrive språksituasjonen i eget nærmiljø,,nei,,
http://psi.udir.no/kl06/KM1309,KM1309,NOR06,02,Læreplan i fordypning i norsk,"Fordypning i norsk, 8. årstrinn | Fordypning i norsk, 9. årstrinn | Fordypning i norsk, 10. årstrinn",Tiende årstrinn,status_publisert,utforske og sammenligne språkbruk og retoriske virkemidler i ulike medier og sammenhenger,,utforske og sammenligne språkbruk og retoriske virkemidler i ulike medier og sammenhenger,,nei,,
http://psi.udir.no/kl06/KM1310,KM1310,NOR06,02,Læreplan i fordypning i norsk,"Fordypning i norsk, 8. årstrinn | Fordypning i norsk, 9. årstrinn | Fordypning i norsk, 10. årstrinn",Tiende årstrinn,status_publisert,utforske og vurdere hvordan digitale medier påvirker og endrer språk og kommunikasjon,,utforske og vurdere hvordan digitale medier påvirker og endrer språk og kommunikasjon,,nei,,
http://psi.udir.no/kl06/KM1311,KM1311,NOR06,02,Læreplan i fordypning i norsk,"Fordypning i norsk, 8. årstrinn | Fordypning i norsk, 9. årstrinn | Fordypning i norsk, 10. årstrinn",Tiende årstrinn,status_publisert,"reflektere kritisk over egen rolle i digital kommunikasjon, og hvordan eleven framstiller seg selv og andre på nett",,"reflektere kritisk over egen rolle i digital kommunikasjon, og hvordan eleven framstiller seg selv og andre på nett",,nei,,
http://psi.udir.no/kl06/KM1312,KM1312,NOR06,02,Læreplan i fordypning i norsk,"Fordypning i norsk, 8. årstrinn | Fordypning i norsk, 9. årstrinn | Fordypning i norsk, 10. årstrinn",Tiende årstrinn,status_publisert,bruke kilder på en kritisk og etterrettelig måte og følge regler for personvern og opphavsrett,,bruke kilder på en kritisk og etterrettelig måte og følge regler for personvern og opphavsrett,,nei,,
http://psi.udir.no/kl06/KM1313,KM1313,NOR06,02,Læreplan i fordypning i norsk,"Fordypning i norsk, 8. årstrinn | Fordypning i norsk, 9. årstrinn | Fordypning i norsk, 10. årstrinn",Tiende årstrinn,status_publisert,dokumentere og vurdere egen utvikling i arbeidet med faget,,dokumentere og vurdere egen utvikling i arbeidet med faget,,nei,,
http://psi.udir.no/kl06/KM1170,KM1170,ARB01,03,Læreplan for arbeidslivsfag på ungdomstrinnet,"Arbeidslivsfag, 8. årstrinn | Arbeidslivsfag, 9. årstrinn | Arbeidslivsfag, 10. årstrinn",Tiende årstrinn,status_publisert,undersøke behov for varer og tjenester på skolen og i lokalsamfunnet,,undersøke behov for varer og tjenester på skolen og i lokalsamfunnet,,nei,,
http://psi.udir.no/kl06/KM1176,KM1176,ARB01,03,Læreplan for arbeidslivsfag på ungdomstrinnet,"Arbeidslivsfag, 8. årstrinn | Arbeidslivsfag, 9. årstrinn | Arbeidslivsfag, 10. årstrinn",Tiende årstrinn,status_publisert,planlegge praktiske og yrkesrettede arbeidsoppdrag,,planlegge praktiske og yrkesrettede arbeidsoppdrag,,nei,,
http://psi.udir.no/kl06/KM1171,KM1171,ARB01,03,Læreplan for arbeidslivsfag på ungdomstrinnet,"Arbeidslivsfag, 8. årstrinn | Arbeidslivsfag, 9. årstrinn | Arbeidslivsfag, 10. årstrinn",Tiende årstrinn,status_publisert,produsere og levere varer og tjenester etter kvalitetskrav,,produsere og levere varer og tjenester etter kvalitetskrav,,nei,,
http://psi.udir.no/kl06/KM1174,KM1174,ARB01,03,Læreplan for arbeidslivsfag på ungdomstrinnet,"Arbeidslivsfag, 8. årstrinn | Arbeidslivsfag, 9. årstrinn | Arbeidslivsfag, 10. årstrinn",Tiende årstrinn,status_publisert,"bruke fagbegreper, arbeidsmetoder, verktøy, materialer og teknologi tilpasset arbeidsoppdrag og begrunne valg",,"bruke fagbegreper, arbeidsmetoder, verktøy, materialer og teknologi tilpasset arbeidsoppdrag og begrunne valg",,nei,,
http://psi.udir.no/kl06/KM1169,KM1169,ARB01,03,Læreplan for arbeidslivsfag på ungdomstrinnet,"Arbeidslivsfag, 8. årstrinn | Arbeidslivsfag, 9. årstrinn | Arbeidslivsfag, 10. årstrinn",Tiende årstrinn,status_publisert,"samarbeide, fremme forslag og delta i beslutninger i et arbeidsfellesskap",,"samarbeide, fremme forslag og delta i beslutninger i et arbeidsfellesskap",,nei,,
http://psi.udir.no/kl06/KM1172,KM1172,ARB01,03,Læreplan for arbeidslivsfag på ungdomstrinnet,"Arbeidslivsfag, 8. årstrinn | Arbeidslivsfag, 9. årstrinn | Arbeidslivsfag, 10. årstrinn",Tiende årstrinn,status_publisert,ivareta bærekraftige prinsipper i alle deler av arbeidsoppdraget,,ivareta bærekraftige prinsipper i alle deler av arbeidsoppdraget,,nei,,
http://psi.udir.no/kl06/KM1173,KM1173,ARB01,03,Læreplan for arbeidslivsfag på ungdomstrinnet,"Arbeidslivsfag, 8. årstrinn | Arbeidslivsfag, 9. årstrinn | Arbeidslivsfag, 10. årstrinn",Tiende årstrinn,status_publisert,"beskrive og vurdere risiko, og følge etiske retningslinjer og arbeidslivets regler i arbeidsoppdraget",,"beskrive og vurdere risiko, og følge etiske retningslinjer og arbeidslivets regler i arbeidsoppdraget",,nei,,
http://psi.udir.no/kl06/KM1175,KM1175,ARB01,03,Læreplan for arbeidslivsfag på ungdomstrinnet,"Arbeidslivsfag, 8. årstrinn | Arbeidslivsfag, 9. årstrinn | Arbeidslivsfag, 10. årstrinn",Tiende årstrinn,status_publisert,"vurdere sin egen og gruppens arbeidsinnsats, arbeidsprosess og arbeidsoppdragets resultat",,"vurdere sin egen og gruppens arbeidsinnsats, arbeidsprosess og arbeidsoppdragets resultat",,nei,,
http://psi.udir.no/kl06/KM1159,KM1159,UTV01,03,Læreplan for utdanningsvalg på ungdomstrinnet,"Utdanningsvalg på ungdomstrinnet | Utdanningsvalg på ungdomstrinnet, 9. årstrinn | Utdanningsvalg på ungdomstrinnet, 10. årstrinn",Tiende årstrinn,status_publisert,"beskrive egne styrker og egenskaper og interesser, og kunne se dette i sammenheng med utdannings- og yrkesønsker og livsmestring","beskrive eigne styrker, eigenskapar og interesser og kunne sjå dette i samanheng med utdannings- og yrkesønske og livsmeistring","beskrive egne styrker og egenskaper og interesser, og kunne se dette i sammenheng med utdannings- og yrkesønsker og livsmestring","describe their own strengths, qualities and interests, and consider them in relation to their desired education, career and life skills",ja,,
http://psi.udir.no/kl06/KM1167,KM1167,UTV01,03,Læreplan for utdanningsvalg på ungdomstrinnet,"Utdanningsvalg på ungdomstrinnet | Utdanningsvalg på ungdomstrinnet, 9. årstrinn | Utdanningsvalg på ungdomstrinnet, 10. årstrinn",Tiende årstrinn,status_publisert,"samle, analysere og bruke informasjon om utdanning og arbeid","samle, analysere og bruke informasjon om utdanning og arbeid","samle, analysere og bruke informasjon om utdanning og arbeid","gather, analyse and use information about education and employment",ja,,
http://psi.udir.no/kl06/KM1160,KM1160,UTV01,03,Læreplan for utdanningsvalg på ungdomstrinnet,"Utdanningsvalg på ungdomstrinnet | Utdanningsvalg på ungdomstrinnet, 9. årstrinn | Utdanningsvalg på ungdomstrinnet, 10. årstrinn",Tiende årstrinn,status_publisert,"utforske utdanningsmuligheter på varierte måter, og gjøre rede for ulike utdanningsveier og hvilke yrkesområder de kan føre til","utforske utdanningsmoglegheiter på varierte måtar, og gjere greie for ulike utdanningsvegar og kva yrkesområde dei kan føre til","utforske utdanningsmuligheter på varierte måter, og gjøre rede for ulike utdanningsveier og hvilke yrkesområder de kan føre til","explore career opportunities in various ways, and describe different educational pathways and careers they may lead to",ja,,
http://psi.udir.no/kl06/KM1161,KM1161,UTV01,03,Læreplan for utdanningsvalg på ungdomstrinnet,"Utdanningsvalg på ungdomstrinnet | Utdanningsvalg på ungdomstrinnet, 9. årstrinn | Utdanningsvalg på ungdomstrinnet, 10. årstrinn",Tiende årstrinn,status_publisert,"tilegne seg kunnskap om arbeidslivet gjennom utprøving og utforskning og reflektere over hvordan bærekraftsmål, konjunkturer og teknologi påvirker arbeidsmarked, yrker og arbeidsmåter","tileigne seg kunnskap om arbeidslivet gjennom utprøving og utforsking og reflektere over korleis berekraftsmål, konjunkturar og teknologi påverkar arbeidsmarknad, yrke og arbeidsmåtar","tilegne seg kunnskap om arbeidslivet gjennom utprøving og utforskning og reflektere over hvordan bærekraftsmål, konjunkturer og teknologi påvirker arbeidsmarked, yrker og arbeidsmåter","gain knowledge of the workplace by testing, exploring and reflecting on how sustainability goals, conjunctures and technology impact the labour market, occupations and working methods",ja,,
http://psi.udir.no/kl06/KM1162,KM1162,UTV01,03,Læreplan for utdanningsvalg på ungdomstrinnet,"Utdanningsvalg på ungdomstrinnet | Utdanningsvalg på ungdomstrinnet, 9. årstrinn | Utdanningsvalg på ungdomstrinnet, 10. årstrinn",Tiende årstrinn,status_publisert,diskutere konsekvenser av utenforskap og forstå økonomisk og sosial verdi av arbeid på individ- og samfunnsnivå,diskutere konsekvensar av utanforskap og forstå økonomisk og sosial verdi av arbeid på individ- og samfunnsnivå,diskutere konsekvenser av utenforskap og forstå økonomisk og sosial verdi av arbeid på individ- og samfunnsnivå,discuss consequences of exclusion and awareness of the economic and social value of working at both the individual and social level,ja,,
http://psi.udir.no/kl06/KM1163,KM1163,UTV01,03,Læreplan for utdanningsvalg på ungdomstrinnet,"Utdanningsvalg på ungdomstrinnet | Utdanningsvalg på ungdomstrinnet, 9. årstrinn | Utdanningsvalg på ungdomstrinnet, 10. årstrinn",Tiende årstrinn,status_publisert,gjøre rede for hva og hvem som kan påvirke karrierevalg og hva dette har å si for egne valg,gjere greie for kva og kven som kan påverke karriereval og kva dette har å seie for eigne val,gjøre rede for hva og hvem som kan påvirke karrierevalg og hva dette har å si for egne valg,describe what and who can impact career choices and how this affects one's own choices,ja,,
http://psi.udir.no/kl06/KM1164,KM1164,UTV01,03,Læreplan for utdanningsvalg på ungdomstrinnet,"Utdanningsvalg på ungdomstrinnet | Utdanningsvalg på ungdomstrinnet, 9. årstrinn | Utdanningsvalg på ungdomstrinnet, 10. årstrinn",Tiende årstrinn,status_publisert,utforske og drøfte kjønnsrelaterte perspektiver i karrierevalg,utforske og drøfte kjønnsrelaterte perspektiv i eit karriereval,utforske og drøfte kjønnsrelaterte perspektiver i karrierevalg,explore and discuss gender-related perspectives in career choices,ja,,
http://psi.udir.no/kl06/KM1165,KM1165,UTV01,03,Læreplan for utdanningsvalg på ungdomstrinnet,"Utdanningsvalg på ungdomstrinnet | Utdanningsvalg på ungdomstrinnet, 9. årstrinn | Utdanningsvalg på ungdomstrinnet, 10. årstrinn",Tiende årstrinn,status_publisert,"se muligheter og omsette egne idéer til handling og valg, og reflektere sammen med andre over konsekvenser av karrierevalg","sjå moglegheiter og omsette eigne idear til handling og val, og reflektere saman med andre over konsekvensar av karriereval","se muligheter og omsette egne idéer til handling og valg, og reflektere sammen med andre over konsekvenser av karrierevalg","see the opportunities and transform their own ideas into taking action and making decisions, and reflect with others on the consequences of career choices",ja,,
http://psi.udir.no/kl06/KM1166,KM1166,UTV01,03,Læreplan for utdanningsvalg på ungdomstrinnet,"Utdanningsvalg på ungdomstrinnet | Utdanningsvalg på ungdomstrinnet, 9. årstrinn | Utdanningsvalg på ungdomstrinnet, 10. årstrinn",Tiende årstrinn,status_publisert,utvikle og bruke mestringsstrategier for å håndtere overganger og utfordringer relatert til utdanning og karriere,utvikle og bruke meistringsstrategiar for å handtere overgangar og utfordringar relaterte til utdanning og karriere,utvikle og bruke mestringsstrategier for å håndtere overganger og utfordringer relatert til utdanning og karriere,develop and use coping strategies to handle transitions and challenges related to education and careers,ja,,
http://psi.udir.no/kl06/KM1168,KM1168,UTV01,03,Læreplan for utdanningsvalg på ungdomstrinnet,"Utdanningsvalg på ungdomstrinnet | Utdanningsvalg på ungdomstrinnet, 9. årstrinn | Utdanningsvalg på ungdomstrinnet, 10. årstrinn",Tiende årstrinn,status_publisert,"tolke stillingsannonser, skrive CV og jobbsøknad og tilegne seg kunnskap om hvordan man gjør et godt jobbintervju","tolke stillingsannonsar, skrive CV og jobbsøknad og tileigne seg kunnskap om korleis ein gjer eit godt jobbintervju","tolke stillingsannonser, skrive CV og jobbsøknad og tilegne seg kunnskap om hvordan man gjør et godt jobbintervju","interpret job advertisements, write a CV and job application, and learn how to make a good impression during an interview",ja,,
http://psi.udir.no/kl06/KM3202,KM3202,TPR01,02,Læreplan i valfaget teknologi og design,Teknologi i praksis,Åttende årstrinn | Niende årstrinn | Tiende årstrinn,status_publisert,designe og grunngi konsept for teknologiske produkt,designe og grunngi konsept for teknologiske produkt,designe og grunngi konsept for teknologiske produkt,,ja,,
http://psi.udir.no/kl06/KM3201,KM3201,TPR01,02,Læreplan i valfaget teknologi og design,Teknologi i praksis,Åttende årstrinn | Niende årstrinn | Tiende årstrinn,status_publisert,velje og bruke ulike materialar og verktøy i arbeidet med prototypar for teknologiske produkt,velje og bruke ulike materialar og verktøy i arbeidet med prototypar for teknologiske produkt,velje og bruke ulike materialar og verktøy i arbeidet med prototypar for teknologiske produkt,,ja,,
http://psi.udir.no/kl06/KM3199,KM3199,TPR01,02,Læreplan i valfaget teknologi og design,Teknologi i praksis,Åttende årstrinn | Niende årstrinn | Tiende årstrinn,status_publisert,lage prototypar for teknologiske produkt og reflektere over korleis desse kan betrast eller utviklast vidare,lage prototypar for teknologiske produkt og reflektere over korleis desse kan betrast eller utviklast vidare,lage prototypar for teknologiske produkt og reflektere over korleis desse kan betrast eller utviklast vidare,,ja,,
http://psi.udir.no/kl06/KM3200,KM3200,TPR01,02,Læreplan i valfaget teknologi og design,Teknologi i praksis,Åttende årstrinn | Niende årstrinn | Tiende årstrinn,status_publisert,"grunngi val av design, materialar, verktøy og framgangsmåtar, og reflektere over kor trygge og berekraftige vala er","grunngi val av design, materialar, verktøy og framgangsmåtar, og reflektere over kor trygge og berekraftige vala er","grunngi val av design, materialar, verktøy og framgangsmåtar, og reflektere over kor trygge og berekraftige vala er",,ja,,
http://psi.udir.no/kl06/KM3231,KM3231,RSL01,02,Læreplan i valfaget reiseliv,Reiseliv,Åttende årstrinn | Niende årstrinn | Tiende årstrinn,status_publisert,utforske lokalt eller regionalt reiseliv og gjere greie for tilbod til ulike målgrupper,utforske lokalt eller regionalt reiseliv og gjere greie for tilbod til ulike målgrupper,utforske lokalt eller regionalt reiseliv og gjere greie for tilbod til ulike målgrupper,,ja,,
http://psi.udir.no/kl06/KM3232,KM3232,RSL01,02,Læreplan i valfaget reiseliv,Reiseliv,Åttende årstrinn | Niende årstrinn | Tiende årstrinn,status_publisert,undersøkje og formidle moglegheiter og særtrekk ved lokal eller regional kultur og natur som kan vere attraktive i eit reiselivsperspektiv,undersøkje og formidle moglegheiter og særtrekk ved lokal eller regional kultur og natur som kan vere attraktive i eit reiselivsperspektiv,undersøkje og formidle moglegheiter og særtrekk ved lokal eller regional kultur og natur som kan vere attraktive i eit reiselivsperspektiv,,ja,,
http://psi.udir.no/kl06/KM3233,KM3233,RSL01,02,Læreplan i valfaget reiseliv,Reiseliv,Åttende årstrinn | Niende årstrinn | Tiende årstrinn,status_publisert,"planleggje, marknadsføre og utføre lokale eller regionale reiselivstenester, og formidle eige arbeid med reiselivstenester","planleggje, marknadsføre og utføre lokale eller regionale reiselivstenester, og formidle eige arbeid med reiselivstenester","planleggje, marknadsføre og utføre lokale eller regionale reiselivstenester, og formidle eige arbeid med reiselivstenester",,ja,,
http://psi.udir.no/kl06/KM3234,KM3234,RSL01,02,Læreplan i valfaget reiseliv,Reiseliv,Åttende årstrinn | Niende årstrinn | Tiende årstrinn,status_publisert,vurdere korleis turisme kan påverke natur og miljø og finne døme på slik påverknad lokalt og globalt,vurdere korleis turisme kan påverke natur og miljø og finne døme på slik påverknad lokalt og globalt,vurdere korleis turisme kan påverke natur og miljø og finne døme på slik påverknad lokalt og globalt,,ja,,
http://psi.udir.no/kl06/KM3235,KM3235,LKA01,02,Læreplan i valfaget kulturarv,Levende kulturarv,Åttende årstrinn | Niende årstrinn | Tiende årstrinn,status_publisert,"bruke ferdigheiter, teknikkar, reiskapar og verktøy for å utøve ulike handverk og tradisjonar","bruke ferdigheiter, teknikkar, reiskapar og verktøy for å utøve ulike handverk og tradisjonar","bruke ferdigheiter, teknikkar, reiskapar og verktøy for å utøve ulike handverk og tradisjonar",,ja,,
http://psi.udir.no/kl06/KM3236,KM3236,LKA01,02,Læreplan i valfaget kulturarv,Levende kulturarv,Åttende årstrinn | Niende årstrinn | Tiende årstrinn,status_publisert,"drøfte korleis ein ved å bruke, formidle og vidareutvikle kulturarv på ein berekraftig måte kan ta vare på han for framtida","drøfte korleis ein ved å bruke, formidle og vidareutvikle kulturarv på ein berekraftig måte kan ta vare på han for framtida","drøfte korleis ein ved å bruke, formidle og vidareutvikle kulturarv på ein berekraftig måte kan ta vare på han for framtida",,ja,,
http://psi.udir.no/kl06/KM3237,KM3237,LKA01,02,Læreplan i valfaget kulturarv,Levende kulturarv,Åttende årstrinn | Niende årstrinn | Tiende årstrinn,status_publisert,"utforske og formidle korleis materiell og immateriell kulturarv utviklar seg i samspel med, og er ein del av, eit moderne, mangfaldig samfunn","utforske og formidle korleis materiell og immateriell kulturarv utviklar seg i samspel med, og er ein del av, eit moderne, mangfaldig samfunn","utforske og formidle korleis materiell og immateriell kulturarv utviklar seg i samspel med, og er ein del av, eit moderne, mangfaldig samfunn",,ja,,
http://psi.udir.no/kl06/KM3238,KM3238,LKA01,02,Læreplan i valfaget kulturarv,Levende kulturarv,Åttende årstrinn | Niende årstrinn | Tiende årstrinn,status_publisert,"beskrive korleis kulturarv kan vere ein identitetsmarkør, og reflektere over korleis dette kan komme til uttrykk i ulike grupper i samfunnet","beskrive korleis kulturarv kan vere ein identitetsmarkør, og reflektere over korleis dette kan komme til uttrykk i ulike grupper i samfunnet","beskrive korleis kulturarv kan vere ein identitetsmarkør, og reflektere over korleis dette kan komme til uttrykk i ulike grupper i samfunnet",,ja,,
http://psi.udir.no/kl06/KM3215,KM3215,TRA01,02,Læreplan i valgfaget trafikk,Trafikk,Åttende årstrinn | Niende årstrinn | Tiende årstrinn,status_publisert,utforske og gjøre seg kjent med trafikken i nærmiljøet og foreslå konkrete trafikksikkerhetstiltak,,utforske og gjøre seg kjent med trafikken i nærmiljøet og foreslå konkrete trafikksikkerhetstiltak,,nei,,
http://psi.udir.no/kl06/KM3216,KM3216,TRA01,02,Læreplan i valgfaget trafikk,Trafikk,Åttende årstrinn | Niende årstrinn | Tiende årstrinn,status_publisert,reflektere over og vise hvordan trafikksikkerhetsutstyr kan redusere ulykker og skader,,reflektere over og vise hvordan trafikksikkerhetsutstyr kan redusere ulykker og skader,,nei,,
http://psi.udir.no/kl06/KM3217,KM3217,TRA01,02,Læreplan i valgfaget trafikk,Trafikk,Åttende årstrinn | Niende årstrinn | Tiende årstrinn,status_publisert,"drøfte faktorer som har betydning for mobilitet, folkehelse og miljø",,"drøfte faktorer som har betydning for mobilitet, folkehelse og miljø",,nei,,
http://psi.udir.no/kl06/KM3218,KM3218,TRA01,02,Læreplan i valgfaget trafikk,Trafikk,Åttende årstrinn | Niende årstrinn | Tiende årstrinn,status_publisert,utføre livreddende førstehjelp og tiltak på et skadested for å ivareta egen og andres helse og sikkerhet,,utføre livreddende førstehjelp og tiltak på et skadested for å ivareta egen og andres helse og sikkerhet,,nei,,
http://psi.udir.no/kl06/KM3219,KM3219,TRA01,02,Læreplan i valgfaget trafikk,Trafikk,Åttende årstrinn | Niende årstrinn | Tiende årstrinn,status_publisert,beskrive trafikken i et historisk perspektiv og drøfte utfordringer i dag og i fremtiden,,beskrive trafikken i et historisk perspektiv og drøfte utfordringer i dag og i fremtiden,,nei,,
http://psi.udir.no/kl06/KM3220,KM3220,TRA01,02,Læreplan i valgfaget trafikk,Trafikk,Åttende årstrinn | Niende årstrinn | Tiende årstrinn,status_publisert,reflektere over og vise hva det innebærer å opptre trygt og ansvarsfullt i trafikken og diskutere etiske dilemmaer i trafikken,,reflektere over og vise hva det innebærer å opptre trygt og ansvarsfullt i trafikken og diskutere etiske dilemmaer i trafikken,,nei,,
http://psi.udir.no/kl06/KM3239,KM3239,SOS01,02,Læreplan i valgfaget produksjon for scene,Sal og scene,Åttende årstrinn | Niende årstrinn | Tiende årstrinn,status_publisert,planlegge og delta i scenisk produksjon for publikum,,planlegge og delta i scenisk produksjon for publikum,,nei,,
http://psi.udir.no/kl06/KM3240,KM3240,SOS01,02,Læreplan i valgfaget produksjon for scene,Sal og scene,Åttende årstrinn | Niende årstrinn | Tiende årstrinn,status_publisert,"utforske, reflektere over og gjøre rede for ulike prosesser som inngår i en scenisk produksjon, og utføre oppgaver knyttet til scenisk produksjon",,"utforske, reflektere over og gjøre rede for ulike prosesser som inngår i en scenisk produksjon, og utføre oppgaver knyttet til scenisk produksjon",,nei,,
http://psi.udir.no/kl06/KM3242,KM3242,SOS01,02,Læreplan i valgfaget produksjon for scene,Sal og scene,Åttende årstrinn | Niende årstrinn | Tiende årstrinn,status_publisert,bidra til dynamisk samspill i utforskende kreative prosesser,,bidra til dynamisk samspill i utforskende kreative prosesser,,nei,,
http://psi.udir.no/kl06/KM3241,KM3241,SOS01,02,Læreplan i valgfaget produksjon for scene,Sal og scene,Åttende årstrinn | Niende årstrinn | Tiende årstrinn,status_publisert,utforske og samtale om ulike kunstneriske uttrykk og kulturopplevelser,,utforske og samtale om ulike kunstneriske uttrykk og kulturopplevelser,,nei,,
http://psi.udir.no/kl06/KM3209,KM3209,PVT01,02,Læreplan i valgfaget utvikling av produkter og tjenester,Produksjon av varer og tjenester,Åttende årstrinn | Niende årstrinn | Tiende årstrinn,status_publisert,utforske og identifisere et marked og behovene i det,,utforske og identifisere et marked og behovene i det,,nei,,
http://psi.udir.no/kl06/KM3210,KM3210,PVT01,02,Læreplan i valgfaget utvikling av produkter og tjenester,Produksjon av varer og tjenester,Åttende årstrinn | Niende årstrinn | Tiende årstrinn,status_publisert,utvikle et produkt eller en tjeneste som møter et definert behov,,utvikle et produkt eller en tjeneste som møter et definert behov,,nei,,
http://psi.udir.no/kl06/KM3211,KM3211,PVT01,02,Læreplan i valgfaget utvikling av produkter og tjenester,Produksjon av varer og tjenester,Åttende årstrinn | Niende årstrinn | Tiende årstrinn,status_publisert,vurdere problemstillinger rundt etikk og bærekraft i egen bedrift,,vurdere problemstillinger rundt etikk og bærekraft i egen bedrift,,nei,,
http://psi.udir.no/kl06/KM3212,KM3212,PVT01,02,Læreplan i valgfaget utvikling av produkter og tjenester,Produksjon av varer og tjenester,Åttende årstrinn | Niende årstrinn | Tiende årstrinn,status_publisert,planlegge og gjennomføre drift av en bedrift i samarbeid med andre,,planlegge og gjennomføre drift av en bedrift i samarbeid med andre,,nei,,
http://psi.udir.no/kl06/KM3213,KM3213,PVT01,02,Læreplan i valgfaget utvikling av produkter og tjenester,Produksjon av varer og tjenester,Åttende årstrinn | Niende årstrinn | Tiende årstrinn,status_publisert,bruke budsjett og regnskap for å holde oversikt over driften av bedriften,,bruke budsjett og regnskap for å holde oversikt over driften av bedriften,,nei,,
http://psi.udir.no/kl06/KM3214,KM3214,PVT01,02,Læreplan i valgfaget utvikling av produkter og tjenester,Produksjon av varer og tjenester,Åttende årstrinn | Niende årstrinn | Tiende årstrinn,status_publisert,dokumentere drift og reflektere over ulike sider ved egen bedrift,,dokumentere drift og reflektere over ulike sider ved egen bedrift,,nei,,
http://psi.udir.no/kl06/KM3203,KM3203,PRG01,02,Læreplan i valgfaget programmering,Programmering,Åttende årstrinn | Niende årstrinn | Tiende årstrinn,status_publisert,"gjøre rede for hvordan datamaskiner og dataprogram fungerer, og forklare egne og andres koder",,"gjøre rede for hvordan datamaskiner og dataprogram fungerer, og forklare egne og andres koder",,nei,,
http://psi.udir.no/kl06/KM3204,KM3204,PRG01,02,Læreplan i valgfaget programmering,Programmering,Åttende årstrinn | Niende årstrinn | Tiende årstrinn,status_publisert,"bruke flere programmeringsspråk, deriblant minst ett som er tekstbasert",,"bruke flere programmeringsspråk, deriblant minst ett som er tekstbasert",,nei,,
http://psi.udir.no/kl06/KM3205,KM3205,PRG01,02,Læreplan i valgfaget programmering,Programmering,Åttende årstrinn | Niende årstrinn | Tiende årstrinn,status_publisert,"bruke grunnleggende prinsipper i programmering, slik som variabler, løkker, vilkår og funksjoner, og reflektere over bruken av disse",,"bruke grunnleggende prinsipper i programmering, slik som variabler, løkker, vilkår og funksjoner, og reflektere over bruken av disse",,nei,,
http://psi.udir.no/kl06/KM3206,KM3206,PRG01,02,Læreplan i valgfaget programmering,Programmering,Åttende årstrinn | Niende årstrinn | Tiende årstrinn,status_publisert,"analysere problemer, gjøre dem om til delproblemer og gjøre rede for hvordan noen av delproblemene kan løses med programmering",,"analysere problemer, gjøre dem om til delproblemer og gjøre rede for hvordan noen av delproblemene kan løses med programmering",,nei,,
http://psi.udir.no/kl06/KM3207,KM3207,PRG01,02,Læreplan i valgfaget programmering,Programmering,Åttende årstrinn | Niende årstrinn | Tiende årstrinn,status_publisert,planlegge og skape et digitalt produkt og vurdere dette med tanke på brukervennlighet,,planlegge og skape et digitalt produkt og vurdere dette med tanke på brukervennlighet,,nei,,
http://psi.udir.no/kl06/KM3208,KM3208,PRG01,02,Læreplan i valgfaget programmering,Programmering,Åttende årstrinn | Niende årstrinn | Tiende årstrinn,status_publisert,"utvikle og feilsøke dataprogram som løser definerte problemer, inkludert kontrollering eller simulering av fysiske objekter",,"utvikle og feilsøke dataprogram som løser definerte problemer, inkludert kontrollering eller simulering av fysiske objekter",,nei,,
http://psi.udir.no/kl06/KM3221,KM3221,PHF01,02,Læreplan i valgfaget praktisk håndverksfag,Praktisk håndverksfag,Åttende årstrinn | Niende årstrinn | Tiende årstrinn,status_publisert,forstå og følge arbeidstegninger eller instruksjoner for å lage et produkt,,forstå og følge arbeidstegninger eller instruksjoner for å lage et produkt,,nei,,
http://psi.udir.no/kl06/KM3222,KM3222,PHF01,02,Læreplan i valgfaget praktisk håndverksfag,Praktisk håndverksfag,Åttende årstrinn | Niende årstrinn | Tiende årstrinn,status_publisert,"velge verktøy og begrunne valget, og bruke og vedlikeholde verktøyene på en trygg måte",,"velge verktøy og begrunne valget, og bruke og vedlikeholde verktøyene på en trygg måte",,nei,,
http://psi.udir.no/kl06/KM3223,KM3223,PHF01,02,Læreplan i valgfaget praktisk håndverksfag,Praktisk håndverksfag,Åttende årstrinn | Niende årstrinn | Tiende årstrinn,status_publisert,holde orden og oversikt i arbeidet og på arbeidsplassen,,holde orden og oversikt i arbeidet og på arbeidsplassen,,nei,,
http://psi.udir.no/kl06/KM3224,KM3224,PHF01,02,Læreplan i valgfaget praktisk håndverksfag,Praktisk håndverksfag,Åttende årstrinn | Niende årstrinn | Tiende årstrinn,status_publisert,utforske og beskrive råmaterialers egenskaper og bruksområder,,utforske og beskrive råmaterialers egenskaper og bruksområder,,nei,,
http://psi.udir.no/kl06/KM3225,KM3225,PHF01,02,Læreplan i valgfaget praktisk håndverksfag,Praktisk håndverksfag,Åttende årstrinn | Niende årstrinn | Tiende årstrinn,status_publisert,drøfte valg av råmaterialer og produksjon i et bærekraftig perspektiv,,drøfte valg av råmaterialer og produksjon i et bærekraftig perspektiv,,nei,,
http://psi.udir.no/kl06/KM3226,KM3226,PHF01,02,Læreplan i valgfaget praktisk håndverksfag,Praktisk håndverksfag,Åttende årstrinn | Niende årstrinn | Tiende årstrinn,status_publisert,"ferdigstille produkter på en håndverksmessig, funksjonell, kreativ og estetisk måte",,"ferdigstille produkter på en håndverksmessig, funksjonell, kreativ og estetisk måte",,nei,,
http://psi.udir.no/kl06/KM3266,KM3266,NMF01,02,Læreplan i valgfaget friluftsliv,"Natur, miljø og friluftsliv",Åttende årstrinn | Niende årstrinn | Tiende årstrinn,status_publisert,ferdes i naturen på en trygg og sporløs måte og ta ansvar for seg selv og andre,,ferdes i naturen på en trygg og sporløs måte og ta ansvar for seg selv og andre,,nei,,
http://psi.udir.no/kl06/KM3267,KM3267,NMF01,02,Læreplan i valgfaget friluftsliv,"Natur, miljø og friluftsliv",Åttende årstrinn | Niende årstrinn | Tiende årstrinn,status_publisert,"planlegge og gjennomføre turer ute til ulike årstider, også med overnatting, og gjøre rede for valg av rute og leirplass",,"planlegge og gjennomføre turer ute til ulike årstider, også med overnatting, og gjøre rede for valg av rute og leirplass",,nei,,
http://psi.udir.no/kl06/KM3268,KM3268,NMF01,02,Læreplan i valgfaget friluftsliv,"Natur, miljø og friluftsliv",Åttende årstrinn | Niende årstrinn | Tiende årstrinn,status_publisert,holde orden på og vurdere bruk av utstyr og bekledning,,holde orden på og vurdere bruk av utstyr og bekledning,,nei,,
http://psi.udir.no/kl06/KM3269,KM3269,NMF01,02,Læreplan i valgfaget friluftsliv,"Natur, miljø og friluftsliv",Åttende årstrinn | Niende årstrinn | Tiende årstrinn,status_publisert,"fiske, jakte eller høste fra naturen og fortelle hvordan naturressursene kan brukes og oppbevares",,"fiske, jakte eller høste fra naturen og fortelle hvordan naturressursene kan brukes og oppbevares",,nei,,
http://psi.udir.no/kl06/KM3270,KM3270,NMF01,02,Læreplan i valgfaget friluftsliv,"Natur, miljø og friluftsliv",Åttende årstrinn | Niende årstrinn | Tiende årstrinn,status_publisert,reflektere over etisk og bærekraftig bruk av naturressurser,,reflektere over etisk og bærekraftig bruk av naturressurser,,nei,,
http://psi.udir.no/kl06/KM3271,KM3271,NMF01,02,Læreplan i valgfaget friluftsliv,"Natur, miljø og friluftsliv",Åttende årstrinn | Niende årstrinn | Tiende årstrinn,status_publisert,"forstå og bruke teknikker knyttet til kart og kompass, bålfyring, knuter, førstehjelp og redskaper",,"forstå og bruke teknikker knyttet til kart og kompass, bålfyring, knuter, førstehjelp og redskaper",,nei,,
http://psi.udir.no/kl06/KM3272,KM3272,NMF01,02,Læreplan i valgfaget friluftsliv,"Natur, miljø og friluftsliv",Åttende årstrinn | Niende årstrinn | Tiende årstrinn,status_publisert,gjøre rede for allemannsretten og bestemmelser som regulerer ferdsel i og bruk av naturen,,gjøre rede for allemannsretten og bestemmelser som regulerer ferdsel i og bruk av naturen,,nei,,
http://psi.udir.no/kl06/KM3247,KM3247,MOI01,02,Læreplan i valgfaget medier og kommunikasjon,Medier og informasjon,Åttende årstrinn | Niende årstrinn | Tiende årstrinn,status_publisert,"planlegge, produsere og presentere sammensatte medietekster",,"planlegge, produsere og presentere sammensatte medietekster",,nei,,
http://psi.udir.no/kl06/KM3248,KM3248,MOI01,02,Læreplan i valgfaget medier og kommunikasjon,Medier og informasjon,Åttende årstrinn | Niende årstrinn | Tiende årstrinn,status_publisert,bruke ulike virkemidler i utforming av innhold og tilpasse kommunikasjonen til ulike målgrupper i ulike mediekanaler,,bruke ulike virkemidler i utforming av innhold og tilpasse kommunikasjonen til ulike målgrupper i ulike mediekanaler,,nei,,
http://psi.udir.no/kl06/KM3249,KM3249,MOI01,02,Læreplan i valgfaget medier og kommunikasjon,Medier og informasjon,Åttende årstrinn | Niende årstrinn | Tiende årstrinn,status_publisert,vise digital dømmekraft og følge regler for ytringsfrihet og personvern i egen medieproduksjon,,vise digital dømmekraft og følge regler for ytringsfrihet og personvern i egen medieproduksjon,,nei,,
http://psi.udir.no/kl06/KM3250,KM3250,MOI01,02,Læreplan i valgfaget medier og kommunikasjon,Medier og informasjon,Åttende årstrinn | Niende årstrinn | Tiende årstrinn,status_publisert,"innhente, vurdere og bearbeide relevante kilder i eget arbeid",,"innhente, vurdere og bearbeide relevante kilder i eget arbeid",,nei,,
http://psi.udir.no/kl06/KM3251,KM3251,MOI01,02,Læreplan i valgfaget medier og kommunikasjon,Medier og informasjon,Åttende årstrinn | Niende årstrinn | Tiende årstrinn,status_publisert,reflektere over hvordan individet og samfunnet påvirkes av kommunikasjon gjennom ulike medier,,reflektere over hvordan individet og samfunnet påvirkes av kommunikasjon gjennom ulike medier,,nei,,
http://psi.udir.no/kl06/KM3252,KM3252,ISA01,02,Læreplan i valgfaget internasjonalt samarbeid,Internasjonalt samarbeid,Åttende årstrinn | Niende årstrinn | Tiende årstrinn,status_publisert,"utforske og reflektere over forskjeller og likheter mellom egne og andre menneskers kulturer, holdninger og levemåter i dialog med mennesker i andre land",,"utforske og reflektere over forskjeller og likheter mellom egne og andre menneskers kulturer, holdninger og levemåter i dialog med mennesker i andre land",,nei,,
http://psi.udir.no/kl06/KM3254,KM3254,ISA01,02,Læreplan i valgfaget internasjonalt samarbeid,Internasjonalt samarbeid,Åttende årstrinn | Niende årstrinn | Tiende årstrinn,status_publisert,"drøfte etiske problemstillinger som gjelder menneskerettigheter, miljø eller forskjeller i levekår og utforske tiltak som kan bidra til å løse disse problemene",,"drøfte etiske problemstillinger som gjelder menneskerettigheter, miljø eller forskjeller i levekår og utforske tiltak som kan bidra til å løse disse problemene",,nei,,
http://psi.udir.no/kl06/KM3253,KM3253,ISA01,02,Læreplan i valgfaget internasjonalt samarbeid,Internasjonalt samarbeid,Åttende årstrinn | Niende årstrinn | Tiende årstrinn,status_publisert,utforske og gjøre rede for hvordan en organisasjon eller en sosial bevegelse arbeider med internasjonale problemstillinger og solidaritetsspørsmål,,utforske og gjøre rede for hvordan en organisasjon eller en sosial bevegelse arbeider med internasjonale problemstillinger og solidaritetsspørsmål,,nei,,
http://psi.udir.no/kl06/KM3255,KM3255,ISA01,02,Læreplan i valgfaget internasjonalt samarbeid,Internasjonalt samarbeid,Åttende årstrinn | Niende årstrinn | Tiende årstrinn,status_publisert,utforske bakgrunnen for en internasjonal avtale og reflektere over hvordan ulike maktforhold og interessemotsetninger kan håndteres gjennom dialog og samhandling,,utforske bakgrunnen for en internasjonal avtale og reflektere over hvordan ulike maktforhold og interessemotsetninger kan håndteres gjennom dialog og samhandling,,nei,,
http://psi.udir.no/kl06/KM3243,KM3243,IFA01,02,Læreplan i valgfaget innsats for andre,Innsats for andre,Åttende årstrinn | Niende årstrinn | Tiende årstrinn,status_publisert,utforske og reflektere over hva frivillig arbeid og sosialt entreprenørskap innebærer og hva dette betyr i praksis,,utforske og reflektere over hva frivillig arbeid og sosialt entreprenørskap innebærer og hva dette betyr i praksis,,nei,,
http://psi.udir.no/kl06/KM3244,KM3244,IFA01,02,Læreplan i valgfaget innsats for andre,Innsats for andre,Åttende årstrinn | Niende årstrinn | Tiende årstrinn,status_publisert,planlegge og utvikle sosiale tiltak som bidrar til et inkluderende samfunn,,planlegge og utvikle sosiale tiltak som bidrar til et inkluderende samfunn,,nei,,
http://psi.udir.no/kl06/KM3245,KM3245,IFA01,02,Læreplan i valgfaget innsats for andre,Innsats for andre,Åttende årstrinn | Niende årstrinn | Tiende årstrinn,status_publisert,gjennomføre praktiske sosiale tiltak for andre i samarbeid med andre,,gjennomføre praktiske sosiale tiltak for andre i samarbeid med andre,,nei,,
http://psi.udir.no/kl06/KM3246,KM3246,IFA01,02,Læreplan i valgfaget innsats for andre,Innsats for andre,Åttende årstrinn | Niende årstrinn | Tiende årstrinn,status_publisert,følge etiske retningslinjer og tilpasse kommunikasjonen til ulike målgrupper,,følge etiske retningslinjer og tilpasse kommunikasjonen til ulike målgrupper,,nei,,
http://psi.udir.no/kl06/KM3195,KM3195,FIP01,02,Læreplan i valgfaget ideer og praktisk forskning,Forskning i praksis,Åttende årstrinn | Niende årstrinn | Tiende årstrinn,status_publisert,"utforske og drøfte egne og andres ideer og problemstillinger, og formulere spørsmål og hypoteser som grunnlag for videre undersøkelser",,"utforske og drøfte egne og andres ideer og problemstillinger, og formulere spørsmål og hypoteser som grunnlag for videre undersøkelser",,nei,,
http://psi.udir.no/kl06/KM3196,KM3196,FIP01,02,Læreplan i valgfaget ideer og praktisk forskning,Forskning i praksis,Åttende årstrinn | Niende årstrinn | Tiende årstrinn,status_publisert,"planlegge, gjennomføre og presentere vitenskapelige undersøkelser basert på egne ideer eller interesser, og drøfte resultater fra undersøkelser",,"planlegge, gjennomføre og presentere vitenskapelige undersøkelser basert på egne ideer eller interesser, og drøfte resultater fra undersøkelser",,nei,,
http://psi.udir.no/kl06/KM3198,KM3198,FIP01,02,Læreplan i valgfaget ideer og praktisk forskning,Forskning i praksis,Åttende årstrinn | Niende årstrinn | Tiende årstrinn,status_publisert,velge og bruke relevante forskningsmetoder og verktøy i gjennomføring av eget utforskingsarbeid,,velge og bruke relevante forskningsmetoder og verktøy i gjennomføring av eget utforskingsarbeid,,nei,,
http://psi.udir.no/kl06/KM3197,KM3197,FIP01,02,Læreplan i valgfaget ideer og praktisk forskning,Forskning i praksis,Åttende årstrinn | Niende årstrinn | Tiende årstrinn,status_publisert,"bearbeide, analysere og kritisk granske innhentede data alene og sammen med andre",,"bearbeide, analysere og kritisk granske innhentede data alene og sammen med andre",,nei,,
http://psi.udir.no/kl06/KM3273,KM3273,FAH01,02,Læreplan i valgfaget fysisk aktivitet og helse,Fysisk aktivitet og helse,Åttende årstrinn | Niende årstrinn | Tiende årstrinn,status_publisert,øve på og gjennomføre varierte bevegelsesaktiviteter alene og sammen med andre,,øve på og gjennomføre varierte bevegelsesaktiviteter alene og sammen med andre,,nei,,
http://psi.udir.no/kl06/KM3274,KM3274,FAH01,02,Læreplan i valgfaget fysisk aktivitet og helse,Fysisk aktivitet og helse,Åttende årstrinn | Niende årstrinn | Tiende årstrinn,status_publisert,"anerkjenne forskjeller mellom seg selv og andre i bevegelsesaktiviteter, inkludere alle, samarbeide og oppmuntre medelever til å delta i fysisk aktivitet",,"anerkjenne forskjeller mellom seg selv og andre i bevegelsesaktiviteter, inkludere alle, samarbeide og oppmuntre medelever til å delta i fysisk aktivitet",,nei,,
http://psi.udir.no/kl06/KM3275,KM3275,FAH01,02,Læreplan i valgfaget fysisk aktivitet og helse,Fysisk aktivitet og helse,Åttende årstrinn | Niende årstrinn | Tiende årstrinn,status_publisert,tilberede enkle helsefremmende måltider og reflektere over verdien av å spise sammen med andre,,tilberede enkle helsefremmende måltider og reflektere over verdien av å spise sammen med andre,,nei,,
http://psi.udir.no/kl06/KM3276,KM3276,FAH01,02,Læreplan i valgfaget fysisk aktivitet og helse,Fysisk aktivitet og helse,Åttende årstrinn | Niende årstrinn | Tiende årstrinn,status_publisert,drøfte hvordan fysisk aktivitet og kosthold kan bidra til god fysisk og psykisk helse,,drøfte hvordan fysisk aktivitet og kosthold kan bidra til god fysisk og psykisk helse,,nei,,
http://psi.udir.no/kl06/KM3227,KM3227,DOR01,02,Læreplan i valgfaget design og redesign,Design og redesign,Åttende årstrinn | Niende årstrinn | Tiende årstrinn,status_publisert,utarbeide ideer og løsningsalternativer og videreutvikle dem til egne produkter,,utarbeide ideer og løsningsalternativer og videreutvikle dem til egne produkter,,nei,,
http://psi.udir.no/kl06/KM3228,KM3228,DOR01,02,Læreplan i valgfaget design og redesign,Design og redesign,Åttende årstrinn | Niende årstrinn | Tiende årstrinn,status_publisert,utforske og diskutere eksisterende produkters design og materialer i et livssyklusperspektiv,,utforske og diskutere eksisterende produkters design og materialer i et livssyklusperspektiv,,nei,,
http://psi.udir.no/kl06/KM3229,KM3229,DOR01,02,Læreplan i valgfaget design og redesign,Design og redesign,Åttende årstrinn | Niende årstrinn | Tiende årstrinn,status_publisert,designe og redesigne i ulike materialer på en kostnadseffektiv og miljøbesparende måte,,designe og redesigne i ulike materialer på en kostnadseffektiv og miljøbesparende måte,,nei,,
http://psi.udir.no/kl06/KM3230,KM3230,DOR01,02,Læreplan i valgfaget design og redesign,Design og redesign,Åttende årstrinn | Niende årstrinn | Tiende årstrinn,status_publisert,bruke egnede design- og håndverksteknikker og verktøy til å utforme produkter i ulike materialer,,bruke egnede design- og håndverksteknikker og verktøy til å utforme produkter i ulike materialer,,nei,,
http://psi.udir.no/kl06/KM3257,KM3257,DIP01,02,Læreplan i valgfaget demokrati i praksis,Demokrati i praksis,Åttende årstrinn | Niende årstrinn | Tiende årstrinn,status_publisert,"gjøre rede for grunnleggende demokratiske verdier, prinsipper og utfordringer",,"gjøre rede for grunnleggende demokratiske verdier, prinsipper og utfordringer",,nei,,
http://psi.udir.no/kl06/KM3256,KM3256,DIP01,02,Læreplan i valgfaget demokrati i praksis,Demokrati i praksis,Åttende årstrinn | Niende årstrinn | Tiende årstrinn,status_publisert,utforske demokratiske prosesser på egen skole og i lokalsamfunnet og vurdere prosessene i lys av sentrale verdier og prinsipper som demokratiet bygger på,,utforske demokratiske prosesser på egen skole og i lokalsamfunnet og vurdere prosessene i lys av sentrale verdier og prinsipper som demokratiet bygger på,,nei,,
http://psi.udir.no/kl06/KM3258,KM3258,DIP01,02,Læreplan i valgfaget demokrati i praksis,Demokrati i praksis,Åttende årstrinn | Niende årstrinn | Tiende årstrinn,status_publisert,utforske og reflektere over hvordan medbestemmelse og beslutningsprosesser fungerer i praksis,,utforske og reflektere over hvordan medbestemmelse og beslutningsprosesser fungerer i praksis,,nei,,
http://psi.udir.no/kl06/KM3259,KM3259,DIP01,02,Læreplan i valgfaget demokrati i praksis,Demokrati i praksis,Åttende årstrinn | Niende årstrinn | Tiende årstrinn,status_publisert,delta i meningsbrytninger og håndtere uenighet,,delta i meningsbrytninger og håndtere uenighet,,nei,,
http://psi.udir.no/kl06/KM3261,KM3261,DIP01,02,Læreplan i valgfaget demokrati i praksis,Demokrati i praksis,Åttende årstrinn | Niende årstrinn | Tiende årstrinn,status_publisert,reflektere over hva som binder et demokratisk samfunn sammen,,reflektere over hva som binder et demokratisk samfunn sammen,,nei,,
http://psi.udir.no/kl06/KM3260,KM3260,DIP01,02,Læreplan i valgfaget demokrati i praksis,Demokrati i praksis,Åttende årstrinn | Niende årstrinn | Tiende årstrinn,status_publisert,bruke ulike påvirkningskanaler for å nå ut til en bestemt målgruppe og reflektere over etiske problemstillinger knyttet til påvirkning,,bruke ulike påvirkningskanaler for å nå ut til en bestemt målgruppe og reflektere over etiske problemstillinger knyttet til påvirkning,,nei,,
http://psi.udir.no/kl06/KM12609,KM12609,FSP01,04,Læreplan i fremmedspråk,"Fremmedspråk fellesfag nivå I, 8. årstrinn | Fremmedspråk fellesfag nivå I, 9. årstrinn | Fremmedspråk fellesfag nivå I, 10. årstrinn | Fremmedspråk fellesfag nivå I, 1. år | Fremmedspråk fellesfag nivå I | Fremmedspråk fellesfag nivå I+II, 1. år | Fremmedspråk fellesfag nivå I+II, 2. år | Fremmedspråk fellesfag nivå I+II",Åttende årstrinn | Niende årstrinn | Tiende årstrinn | Videregående trinn 1 | Videregående trinn 2 | Videregående trinn 3,status_publisert,lytte til og forstå enkel og tydelig tale om personlige og dagligdagse emner,lytte til og forstå enkel og tydeleg tale om personlege og daglegdagse emne,lytte til og forstå enkel og tydelig tale om personlige og dagligdagse emner,listen to and understand simple and clear speech about personal and everyday topics,ja,,KM10382
http://psi.udir.no/kl06/KM12610,KM12610,FSP01,04,Læreplan i fremmedspråk,"Fremmedspråk fellesfag nivå I, 8. årstrinn | Fremmedspråk fellesfag nivå I, 9. årstrinn | Fremmedspråk fellesfag nivå I, 10. årstrinn | Fremmedspråk fellesfag nivå I, 1. år | Fremmedspråk fellesfag nivå I | Fremmedspråk fellesfag nivå I+II, 1. år | Fremmedspråk fellesfag nivå I+II, 2. år | Fremmedspråk fellesfag nivå I+II",Åttende årstrinn | Niende årstrinn | Tiende årstrinn | Videregående trinn 1 | Videregående trinn 2 | Videregående trinn 3,status_publisert,delta i enkle samtaler i dagligdagse situasjoner om aktiviteter og kjente emner,delta i enkle samtalar i daglegdagse situasjonar om aktivitetar og kjende emne,delta i enkle samtaler i dagligdagse situasjoner om aktiviteter og kjente emner,participate in simple conversations in everyday situations about activities and familiar topics,ja,,KM10383
http://psi.udir.no/kl06/KM12611,KM12611,FSP01,04,Læreplan i fremmedspråk,"Fremmedspråk fellesfag nivå I, 8. årstrinn | Fremmedspråk fellesfag nivå I, 9. årstrinn | Fremmedspråk fellesfag nivå I, 10. årstrinn | Fremmedspråk fellesfag nivå I, 1. år | Fremmedspråk fellesfag nivå I | Fremmedspråk fellesfag nivå I+II, 1. år | Fremmedspråk fellesfag nivå I+II, 2. år | Fremmedspråk fellesfag nivå I+II",Åttende årstrinn | Niende årstrinn | Tiende årstrinn | Videregående trinn 1 | Videregående trinn 2 | Videregående trinn 3,status_publisert,"muntlig fortelle om dagligliv og opplevelser og uttrykke meninger, også spontant","munnleg fortelje om daglegliv og opplevingar og uttrykkje meiningar, òg spontant","muntlig fortelle om dagligliv og opplevelser og uttrykke meninger, også spontant","talk about daily life and experiences and express opinions, also spontaneously",ja,,KM10384
http://psi.udir.no/kl06/KM12612,KM12612,FSP01,04,Læreplan i fremmedspråk,"Fremmedspråk fellesfag nivå I, 8. årstrinn | Fremmedspråk fellesfag nivå I, 9. årstrinn | Fremmedspråk fellesfag nivå I, 10. årstrinn | Fremmedspråk fellesfag nivå I, 1. år | Fremmedspråk fellesfag nivå I | Fremmedspråk fellesfag nivå I+II, 1. år | Fremmedspråk fellesfag nivå I+II, 2. år | Fremmedspråk fellesfag nivå I+II",Åttende årstrinn | Niende årstrinn | Tiende årstrinn | Videregående trinn 1 | Videregående trinn 2 | Videregående trinn 3,status_publisert,lese og forstå tilpassede og enklere autentiske tekster om personlige og dagligdagse emner,lese og forstå tilpassa og enklare autentiske tekstar om personlege og daglegdagse emne,lese og forstå tilpassede og enklere autentiske tekster om personlige og dagligdagse emner,read and understand adapted and simple authentic texts about personal and everyday topics,ja,,KM10385
http://psi.udir.no/kl06/KM12613,KM12613,FSP01,04,Læreplan i fremmedspråk,"Fremmedspråk fellesfag nivå I, 8. årstrinn | Fremmedspråk fellesfag nivå I, 9. årstrinn | Fremmedspråk fellesfag nivå I, 10. årstrinn | Fremmedspråk fellesfag nivå I, 1. år | Fremmedspråk fellesfag nivå I | Fremmedspråk fellesfag nivå I+II, 1. år | Fremmedspråk fellesfag nivå I+II, 2. år | Fremmedspråk fellesfag nivå I+II",Åttende årstrinn | Niende årstrinn | Tiende årstrinn | Videregående trinn 1 | Videregående trinn 2 | Videregående trinn 3,status_publisert,"skrive enkle tekster om dagligliv og opplevelser som forteller, beskriver og informerer, med og uten hjelpemidler","skrive enkle tekstar om daglegliv og opplevingar som fortel, beskriv og informerer, med og utan hjelpemiddel","skrive enkle tekster om dagligliv og opplevelser som forteller, beskriver og informerer, med og uten hjelpemidler","write simple texts about daily life and experiences that tell, describe and inform, with and without aids",ja,,KM10386
http://psi.udir.no/kl06/KM12614,KM12614,FSP01,04,Læreplan i fremmedspråk,"Fremmedspråk fellesfag nivå I, 8. årstrinn | Fremmedspråk fellesfag nivå I, 9. årstrinn | Fremmedspråk fellesfag nivå I, 10. årstrinn | Fremmedspråk fellesfag nivå I, 1. år | Fremmedspråk fellesfag nivå I | Fremmedspråk fellesfag nivå I+II, 1. år | Fremmedspråk fellesfag nivå I+II, 2. år | Fremmedspråk fellesfag nivå I+II",Åttende årstrinn | Niende årstrinn | Tiende årstrinn | Videregående trinn 1 | Videregående trinn 2 | Videregående trinn 3,status_publisert,"bruke enkle språklige strukturer, regler for uttale og rettskriving og språkets offisielle alfabet eller tegn for å kommunisere på en situasjonstilpasset måte","bruke enkle språklege strukturar, reglar for uttale og rettskriving og det offisielle alfabetet til eller teikn for språket for å kommunisere på ein situasjonstilpassa måte","bruke enkle språklige strukturer, regler for uttale og rettskriving og språkets offisielle alfabet eller tegn for å kommunisere på en situasjonstilpasset måte","use simple language structures, rules for pronunciation and spelling and the official alphabet or characters of the language to communicate in a way that is adapted to the situation",ja,,KM10387
http://psi.udir.no/kl06/KM12615,KM12615,FSP01,04,Læreplan i fremmedspråk,"Fremmedspråk fellesfag nivå I, 8. årstrinn | Fremmedspråk fellesfag nivå I, 9. årstrinn | Fremmedspråk fellesfag nivå I, 10. årstrinn | Fremmedspråk fellesfag nivå I, 1. år | Fremmedspråk fellesfag nivå I | Fremmedspråk fellesfag nivå I+II, 1. år | Fremmedspråk fellesfag nivå I+II, 2. år | Fremmedspråk fellesfag nivå I+II",Åttende årstrinn | Niende årstrinn | Tiende årstrinn | Videregående trinn 1 | Videregående trinn 2 | Videregående trinn 3,status_publisert,"bruke relevante lærings- og kommunikasjonsstrategier, digitale ressurser og erfaringer fra tidligere språklæring i læringsprosessen","bruke relevante lærings- og kommunikasjonsstrategiar, digitale ressursar og erfaringar frå tidlegare språklæring i læringsprosessen","bruke relevante lærings- og kommunikasjonsstrategier, digitale ressurser og erfaringer fra tidligere språklæring i læringsprosessen","use relevant learning and communication strategies, digital resources and experiences from earlier language learning in the learning process",ja,,KM10388
http://psi.udir.no/kl06/KM12616,KM12616,FSP01,04,Læreplan i fremmedspråk,"Fremmedspråk fellesfag nivå I, 8. årstrinn | Fremmedspråk fellesfag nivå I, 9. årstrinn | Fremmedspråk fellesfag nivå I, 10. årstrinn | Fremmedspråk fellesfag nivå I, 1. år | Fremmedspråk fellesfag nivå I | Fremmedspråk fellesfag nivå I+II, 1. år | Fremmedspråk fellesfag nivå I+II, 2. år | Fremmedspråk fellesfag nivå I+II",Åttende årstrinn | Niende årstrinn | Tiende årstrinn | Videregående trinn 1 | Videregående trinn 2 | Videregående trinn 3,status_publisert,"utforske og beskrive levemåter, tradisjoner og geografi i områder der språket snakkes, og se sammenhenger med egen bakgrunn","utforske og beskrive levemåtar, tradisjonar og geografi i område der ein snakkar språket, og sjå samanhengar med eigen bakgrunn","utforske og beskrive levemåter, tradisjoner og geografi i områder der språket snakkes, og se sammenhenger med egen bakgrunn","explore and describe ways of life, traditions and geography in areas where the language is spoken and identify connections to one’s own background",ja,,KM10389
http://psi.udir.no/kl06/KM12617,KM12617,FSP01,04,Læreplan i fremmedspråk,"Fremmedspråk fellesfag nivå I, 8. årstrinn | Fremmedspråk fellesfag nivå I, 9. årstrinn | Fremmedspråk fellesfag nivå I, 10. årstrinn | Fremmedspråk fellesfag nivå I, 1. år | Fremmedspråk fellesfag nivå I | Fremmedspråk fellesfag nivå I+II, 1. år | Fremmedspråk fellesfag nivå I+II, 2. år | Fremmedspråk fellesfag nivå I+II",Åttende årstrinn | Niende årstrinn | Tiende årstrinn | Videregående trinn 1 | Videregående trinn 2 | Videregående trinn 3,status_publisert,"utforske og beskrive kunstneriske og kulturelle uttrykk fra områder der språket snakkes, og gi uttrykk for egne opplevelser","utforske og beskrive kunstnarlege og kulturelle uttrykk frå område der ein snakkar språket, og gi uttrykk for eigne opplevingar","utforske og beskrive kunstneriske og kulturelle uttrykk fra områder der språket snakkes, og gi uttrykk for egne opplevelser",explore and describe artistic and cultural expressions from areas where the language is spoken and express one’s own experiences,ja,,KM10390
http://psi.udir.no/kl06/KM2183,KM2183,SFS02,02,Læreplan i samisk fordypning,"Fordypning i samisk, 8. årstrinn | Fordypning i samisk, 9. årstrinn | Fordypning i samisk, 10. årstrinn",Tiende årstrinn,status_publisert,utvikle og fordype seg i problemstillinger knyttet til språk eller tekst ut fra egne interesser og presentere resultatet av arbeidet ved å bruke ulike uttrykksformer,,"iežas beroštumiid vuođul ovddidit ja čiekŋudit čuolmmaide mat gusket gillii dahje tekstii, ja bohtosa presenteret iešguđetlágan albmanahttinvugiiguin",,nei,,
http://psi.udir.no/kl06/KM2184,KM2184,SFS02,02,Læreplan i samisk fordypning,"Fordypning i samisk, 8. årstrinn | Fordypning i samisk, 9. årstrinn | Fordypning i samisk, 10. årstrinn",Tiende årstrinn,status_publisert,"undersøke og presentere noen likheter og forskjeller mellom de samiske språkene når det gjelder språk, skriftlige tekster eller muntlige tradisjoner",,"iskat ja presenteret muhtun ovttaláganvuođaid ja erohusaid sámegielaid gaskka ieš giela, giela teavsttaid dahje njálmmálaš árbevieruid ektui",,nei,,
http://psi.udir.no/kl06/KM2185,KM2185,SFS02,02,Læreplan i samisk fordypning,"Fordypning i samisk, 8. årstrinn | Fordypning i samisk, 9. årstrinn | Fordypning i samisk, 10. årstrinn",Tiende årstrinn,status_publisert,"utforske og gjøre rede for hvordan eventyr, sagn, myter og andre muntlige tradisjoner kommer til syne i ulike nyere tekster",,"suokkardit ja válddahit mo máidnasat, cukcasat, myhtat ja eará njálmmálaš árbevierut oidnojit iešguđetlágan ođđasit teavsttain",,nei,,
http://psi.udir.no/kl06/KM2186,KM2186,SFS02,02,Læreplan i samisk fordypning,"Fordypning i samisk, 8. årstrinn | Fordypning i samisk, 9. årstrinn | Fordypning i samisk, 10. årstrinn",Tiende årstrinn,status_publisert,utforske og sammenligne språkbruk og retoriske virkemidler i ulike medier og sammenhenger,,suokkardit ja buohtastahttit giellageavaheami ja retoralaš váikkuhangaskaomiid iešguđet mediain ja oktavuođain,,nei,,
http://psi.udir.no/kl06/KM2187,KM2187,SFS02,02,Læreplan i samisk fordypning,"Fordypning i samisk, 8. årstrinn | Fordypning i samisk, 9. årstrinn | Fordypning i samisk, 10. årstrinn",Tiende årstrinn,status_publisert,skape digitale produkter som kombinerer ulike medietyper,,ráhkadit digitála buktagiid mat kombinerejit iešguđetlágan mediamálliid,,nei,,
http://psi.udir.no/kl06/KM2188,KM2188,SFS02,02,Læreplan i samisk fordypning,"Fordypning i samisk, 8. årstrinn | Fordypning i samisk, 9. årstrinn | Fordypning i samisk, 10. årstrinn",Tiende årstrinn,status_publisert,utforske og vurdere hvordan digitale medier påvirker og endrer språk og kommunikasjon og også språkvalg,,"suokkardit ja árvvoštallat mo digitála mediat váikkuhit ja rievdadit giela ja gulahallama, ja maid giellaválljema",,nei,,
http://psi.udir.no/kl06/KM2189,KM2189,SFS02,02,Læreplan i samisk fordypning,"Fordypning i samisk, 8. årstrinn | Fordypning i samisk, 9. årstrinn | Fordypning i samisk, 10. årstrinn",Tiende årstrinn,status_publisert,formidle egne opplevelser og tolkninger av tekster kreativt med og uten bruk av digitale verktøy,,kreatiivvalaččat ja digitála reaidduiguin ja daid haga gaskkustit iežas vásáhusaid ja dulkomiid teavsttain,,nei,,
http://psi.udir.no/kl06/KM2190,KM2190,SFS02,02,Læreplan i samisk fordypning,"Fordypning i samisk, 8. årstrinn | Fordypning i samisk, 9. årstrinn | Fordypning i samisk, 10. årstrinn",Tiende årstrinn,status_publisert,"reflektere kritisk over egen rolle i digital kommunikasjon, og hvordan eleven framstiller seg selv og andre på nett",,kritihkalaččat reflekteret iežas rolla ektui digitála gulahallamis ja dan ektui mo neahtas čájeha iežas ja earáid,,nei,,
http://psi.udir.no/kl06/KM2191,KM2191,SFS02,02,Læreplan i samisk fordypning,"Fordypning i samisk, 8. årstrinn | Fordypning i samisk, 9. årstrinn | Fordypning i samisk, 10. årstrinn",Tiende årstrinn,status_publisert,bruke kilder på en kritisk og etterprøvbar måte og følge regler for personvern og opphavsrett,,"gálduid geavahit kritihkalaččat ja rehálaččat, ja čuovvut njuolggadusaid persovdnasuodjaleami ja dahkkivuoigatvuođa birra",,nei,,
http://psi.udir.no/kl06/KM2192,KM2192,SFS02,02,Læreplan i samisk fordypning,"Fordypning i samisk, 8. årstrinn | Fordypning i samisk, 9. årstrinn | Fordypning i samisk, 10. årstrinn",Tiende årstrinn,status_publisert,dokumentere og vurdere egen utvikling i arbeidet med faget,,duođaštit ja árvvoštallat iežas ovdáneami barggus fágain,,nei,,
http://psi.udir.no/kl06/KM13338,KM13338,ENG01,06,Læreplan i engelsk,Engelsk 1. årstrinn | Engelsk 2. årstrinn,Andre årstrinn,status_publisert,bruke digitale ressurser for å oppleve språket via autentiske språkmodeller og samtalepartnere,bruke digitale ressursar for å oppleve språket via autentiske språkmodellar og samtalepartnarar,bruke digitale ressurser for å oppleve språket via autentiske språkmodeller og samtalepartnere,use digital aids to experience the language through authentic language models and interlocutors,ja,,KM11751
http://psi.udir.no/kl06/KM13329,KM13329,ENG01,06,Læreplan i engelsk,Engelsk 1. årstrinn | Engelsk 2. årstrinn,Andre årstrinn,status_publisert,lytte til og gjenkjenne språklyder og stavelser i ord,lytte til og kjenne att språklydar og stavingar i ord,lytte til og gjenkjenne språklyder og stavelser i ord,listen to and recognise phonemes and syllables in words,ja,,KM11742
http://psi.udir.no/kl06/KM13330,KM13330,ENG01,06,Læreplan i engelsk,Engelsk 1. årstrinn | Engelsk 2. årstrinn,Andre årstrinn,status_publisert,koble språklyder til bokstaver og stavemønstre og trekke bokstavlyder sammen til ord,kople språklydar til bokstavar og stavemønster og trekkje bokstavlydar saman til ord,koble språklyder til bokstaver og stavemønstre og trekke bokstavlyder sammen til ord,associate phonemes with letters and spelling patterns and combine letter sounds into words,ja,,KM11743
http://psi.udir.no/kl06/KM13331,KM13331,ENG01,06,Læreplan i engelsk,Engelsk 1. årstrinn | Engelsk 2. årstrinn,Andre årstrinn,status_publisert,lytte til og utforske det engelske alfabetet og uttalemønstre i lek- og sangaktiviteter,lytte til og utforske det engelske alfabetet og uttalemønster i leik- og songaktivitetar,lytte til og utforske det engelske alfabetet og uttalemønstre i lek- og sangaktiviteter,listen to and explore the English alphabet and pronunciation patterns through play and singing,ja,,KM11744
http://psi.udir.no/kl06/KM13334,KM13334,ENG01,06,Læreplan i engelsk,Engelsk 1. årstrinn | Engelsk 2. årstrinn,Andre årstrinn,status_publisert,oppdage høyfrekvente ord og fraser i ulike type tekster,oppdage høgfrekvente ord og frasar i ulike typar tekstar,oppdage høyfrekvente ord og fraser i ulike type tekster,find high frequency words and phrases in different types of texts,ja,,KM11747
http://psi.udir.no/kl06/KM13332,KM13332,ENG01,06,Læreplan i engelsk,Engelsk 1. årstrinn | Engelsk 2. årstrinn,Andre årstrinn,status_publisert,"stille og svare på enkle spørsmål, følge enkle instruksjoner og bruke noen høflighetsuttrykk","stille og svare på enkle spørsmål, følgje enkle instruksjonar og bruke nokre høflegheitsuttrykk","stille og svare på enkle spørsmål, følge enkle instruksjoner og bruke noen høflighetsuttrykk","ask and answer simple questions, follow simple instructions and use some polite expressions",ja,,KM11745
http://psi.udir.no/kl06/KM13333,KM13333,ENG01,06,Læreplan i engelsk,Engelsk 1. årstrinn | Engelsk 2. årstrinn,Andre årstrinn,status_publisert,"delta i innøvde dialoger og spontane samtaler om egne behov og følelser, dagligliv og interesser","delta i innøvde dialogar og spontane samtalar om eigne behov og kjensler, daglegliv og interesser","delta i innøvde dialoger og spontane samtaler om egne behov og følelser, dagligliv og interesser","participate in rehearsed dialogues and spontaneous conversations about one’s own needs and feelings, daily life and interests",ja,,KM11746
http://psi.udir.no/kl06/KM13335,KM13335,ENG01,06,Læreplan i engelsk,Engelsk 1. årstrinn | Engelsk 2. årstrinn,Andre årstrinn,status_publisert,oppdage ord som er felles for engelsk og andre språk eleven kjenner til,oppdage ord som er felles for engelsk og andre språk eleven kjenner til,oppdage ord som er felles for engelsk og andre språk eleven kjenner til,find words that are common to English and other languages with which the pupil is familiar,ja,,KM11748
http://psi.udir.no/kl06/KM13336,KM13336,ENG01,06,Læreplan i engelsk,Engelsk 1. årstrinn | Engelsk 2. årstrinn,Andre årstrinn,status_publisert,"lytte til, lese og samtale om innhold i enkle tekster, inkludert billedbøker","lytte til, lese og samtale om innhald i enkle tekstar, inkludert biletbøker","lytte til, lese og samtale om innhold i enkle tekster, inkludert billedbøker","listen to, read and talk about the content of simple texts, including picture books",ja,,KM11749
http://psi.udir.no/kl06/KM13339,KM13339,ENG01,06,Læreplan i engelsk,Engelsk 1. årstrinn | Engelsk 2. årstrinn,Andre årstrinn,status_publisert,"lese og eksperimentere med å skrive kjente ord, fraser og enkle setninger","lese og eksperimentere med å skrive kjende ord, frasar og enkle setningar","lese og eksperimentere med å skrive kjente ord, fraser og enkle setninger","read and experiment with writing familiar words, phrases and simple sentences",ja,,KM11752
http://psi.udir.no/kl06/KM13337,KM13337,ENG01,06,Læreplan i engelsk,Engelsk 1. årstrinn | Engelsk 2. årstrinn,Andre årstrinn,status_publisert,tilegne seg ord og kulturell kunnskap gjennom engelskspråklig barnelitteratur og barnekultur,tileigne seg ord og kulturell kunnskap gjennom engelskspråkleg barnelitteratur og barnekultur,tilegne seg ord og kulturell kunnskap gjennom engelskspråklig barnelitteratur og barnekultur,learn words and acquire cultural knowledge through English-language literature for children,ja,,KM11750
http://psi.udir.no/kl06/KM13343,KM13343,ENG01,06,Læreplan i engelsk,Engelsk 3. årstrinn | Engelsk 4. årstrinn,Fjerde årstrinn,status_publisert,utforske ulike ordbøker og hvordan de kan brukes i språklæring,utforske ulike ordbøker og korleis dei kan brukast i språklæring,utforske ulike ordbøker og hvordan de kan brukes i språklæring,explore different dictionaries and how they can be used in language learning,ja,,KM11756
http://psi.udir.no/kl06/KM13351,KM13351,ENG01,06,Læreplan i engelsk,Engelsk 3. årstrinn | Engelsk 4. årstrinn,Fjerde årstrinn,status_publisert,bruke digitale ressurser til å utforske språket og samhandle med andre,bruke digitale ressursar til å utforske språket og samhandle med andre,bruke digitale ressurser til å utforske språket og samhandle med andre,use digital resources to explore the language and interact with others,ja,,KM11764
http://psi.udir.no/kl06/KM13340,KM13340,ENG01,06,Læreplan i engelsk,Engelsk 3. årstrinn | Engelsk 4. årstrinn,Fjerde årstrinn,status_publisert,utforske og bruke det engelske alfabetet og uttalemønstre i varierte lek- sang- og språklæringsaktiviteter,"utforske og bruke det engelske alfabetet og uttalemønster i varierte leik, song- og språklæringsaktivitetar",utforske og bruke det engelske alfabetet og uttalemønstre i varierte lek- sang- og språklæringsaktiviteter,"explore and use the English alphabet and pronunciation patterns in a variety of playing, singing and language-learning activities",ja,,KM11753
http://psi.udir.no/kl06/KM13354,KM13354,ENG01,06,Læreplan i engelsk,Engelsk 3. årstrinn | Engelsk 4. årstrinn,Fjerde årstrinn,status_publisert,lytte til og forstå ord og uttrykk i tilpassede tekster,lytte til og forstå ord og uttrykk i tilpassa tekstar,lytte til og forstå ord og uttrykk i tilpassede tekster,listen to and understand words and expressions in adapted texts,ja,,KM11767
http://psi.udir.no/kl06/KM13341,KM13341,ENG01,06,Læreplan i engelsk,Engelsk 3. årstrinn | Engelsk 4. årstrinn,Fjerde årstrinn,status_publisert,"bruke noen vanlige småord, høflighetsuttrykk og enkle fraser og setninger for å få hjelp til å forstå og bli forstått","bruke nokre vanlege småord, høflegheitsuttrykk og enkle frasar og setningar for å få hjelp til å forstå og bli forstått","bruke noen vanlige småord, høflighetsuttrykk og enkle fraser og setninger for å få hjelp til å forstå og bli forstått","use a number of common small words, polite expressions and simple phrases and sentences to obtain help to understand and be understood",ja,,KM11754
http://psi.udir.no/kl06/KM13342,KM13342,ENG01,06,Læreplan i engelsk,Engelsk 3. årstrinn | Engelsk 4. årstrinn,Fjerde årstrinn,status_publisert,"delta i samtaler om egne og andres behov, følelser, dagligliv og interesser og bruke samtaleregler","delta i samtalar om eigne og andre sine behov, kjensler, daglegliv og interesser og bruke samtalereglar","delta i samtaler om egne og andres behov, følelser, dagligliv og interesser og bruke samtaleregler","participate in conversations on one’s own and others’ needs, feelings, daily life and interests and use conversation rules",ja,,KM11755
http://psi.udir.no/kl06/KM13346,KM13346,ENG01,06,Læreplan i engelsk,Engelsk 3. årstrinn | Engelsk 4. årstrinn,Fjerde årstrinn,status_publisert,oppdage og leke med ord og uttrykk som er felles for engelsk og andre språk eleven kjenner til,oppdage og leike med ord og uttrykk som er felles for engelsk og andre språk eleven kjenner til,oppdage og leke med ord og uttrykk som er felles for engelsk og andre språk eleven kjenner til,discover and play with words and expressions that are common to both English and other languages with which the pupil is familiar,ja,,KM11759
http://psi.udir.no/kl06/KM13344,KM13344,ENG01,06,Læreplan i engelsk,Engelsk 3. årstrinn | Engelsk 4. årstrinn,Fjerde årstrinn,status_publisert,identifisere ordklasser i tilpassede tekster,identifisere ordklassar i tilpassa tekstar,identifisere ordklasser i tilpassede tekster,identify word classes in adapted texts,ja,,KM11757
http://psi.udir.no/kl06/KM13345,KM13345,ENG01,06,Læreplan i engelsk,Engelsk 3. årstrinn | Engelsk 4. årstrinn,Fjerde årstrinn,status_publisert,følge enkle regler for rettskriving og setningsstruktur,følgje enkle reglar for rettskriving og setningsstruktur,følge enkle regler for rettskriving og setningsstruktur,follow simple rules for spelling and syntax,ja,,KM11758
http://psi.udir.no/kl06/KM13347,KM13347,ENG01,06,Læreplan i engelsk,Engelsk 3. årstrinn | Engelsk 4. årstrinn,Fjerde årstrinn,status_publisert,lese og forstå tekster med lydrette ord og kjente og ukjente ordbilder,lese og forstå tekstar med lydrette ord og kjende og ukjende ordbilete,lese og forstå tekster med lydrette ord og kjente og ukjente ordbilder,read and understand texts with phonetic words and familiar and unfamiliar word images,ja,,KM11760
http://psi.udir.no/kl06/KM13348,KM13348,ENG01,06,Læreplan i engelsk,Engelsk 3. årstrinn | Engelsk 4. årstrinn,Fjerde årstrinn,status_publisert,"lese og forstå betydningen av kjente og ukjente ord, fraser og setninger ut fra sammenhengen i selvvalgte tekster","lese og forstå betydninga av kjende og ukjende ord, frasar og setningar ut frå samanhengen i sjølvvalde tekstar","lese og forstå betydningen av kjente og ukjente ord, fraser og setninger ut fra sammenhengen i selvvalgte tekster","read and understand the meaning of familiar and unfamiliar words, phrases and sentences based on the context in self-chosen texts",ja,,KM11761
http://psi.udir.no/kl06/KM13349,KM13349,ENG01,06,Læreplan i engelsk,Engelsk 3. årstrinn | Engelsk 4. årstrinn,Fjerde årstrinn,status_publisert,"lese og samtale om innhold i ulike typer tekster, inkludert billedbøker","lese og samtale om innhald i ulike typar tekstar, inkludert biletbøker","lese og samtale om innhold i ulike typer tekster, inkludert billedbøker","read and talk about the content of various types of texts, including picture books",ja,,KM11762
http://psi.udir.no/kl06/KM13352,KM13352,ENG01,06,Læreplan i engelsk,Engelsk 3. årstrinn | Engelsk 4. årstrinn,Fjerde årstrinn,status_publisert,skrive enkle tekster som uttrykker tanker og meninger,skrive enkle tekstar som uttrykkjer tankar og meiningar,skrive enkle tekster som uttrykker tanker og meninger,write simple texts that express thoughts and opinions,ja,,KM11765
http://psi.udir.no/kl06/KM13353,KM13353,ENG01,06,Læreplan i engelsk,Engelsk 3. årstrinn | Engelsk 4. årstrinn,Fjerde årstrinn,status_publisert,"samtale om noen sider ved ulike levemåter, tradisjoner og skikker i den engelskspråklige verden og i Norge","samtale om nokre sider ved ulike levemåtar, tradisjonar og skikkar i den engelskspråklege verda og i Noreg","samtale om noen sider ved ulike levemåter, tradisjoner og skikker i den engelskspråklige verden og i Norge","talk about some aspects of different ways of living, traditions and customs in the English-speaking world and in Norway",ja,,KM11766
http://psi.udir.no/kl06/KM13350,KM13350,ENG01,06,Læreplan i engelsk,Engelsk 3. årstrinn | Engelsk 4. årstrinn,Fjerde årstrinn,status_publisert,"tilegne seg ord, fraser og kulturell kunnskap gjennom engelskspråklig litteratur og barnekultur","tileigne seg ord, frasar og kulturell kunnskap gjennom engelskspråkleg litteratur og barnekultur","tilegne seg ord, fraser og kulturell kunnskap gjennom engelskspråklig litteratur og barnekultur",learn words and phrases and acquire cultural knowledge through English-language literature,ja,,KM11763
http://psi.udir.no/kl06/KM13359,KM13359,ENG01,06,Læreplan i engelsk,Engelsk 5. årstrinn | Engelsk 6. årstrinn | Engelsk 7. årstrinn,Syvende årstrinn,status_publisert,"bruke enkle strategier i språklæring, tekstskaping og kommunikasjon","bruke enkle strategiar i språklæring, tekstskaping og kommunikasjon","bruke enkle strategier i språklæring, tekstskaping og kommunikasjon","use simple strategies for language learning, text creation and communication",ja,,KM11772
http://psi.udir.no/kl06/KM13364,KM13364,ENG01,06,Læreplan i engelsk,Engelsk 5. årstrinn | Engelsk 6. årstrinn | Engelsk 7. årstrinn,Syvende årstrinn,status_publisert,"bruke digitale ressurser og ulike ordbøker i språklæring, tekstskaping og samhandling","bruke digitale ressursar og ulike ordbøker i språklæring, tekstskaping og samhandling","bruke digitale ressurser og ulike ordbøker i språklæring, tekstskaping og samhandling","use digital resources and different dictionaries in language learning, text creation and interaction",ja,,KM11777
http://psi.udir.no/kl06/KM13355,KM13355,ENG01,06,Læreplan i engelsk,Engelsk 5. årstrinn | Engelsk 6. årstrinn | Engelsk 7. årstrinn,Syvende årstrinn,status_publisert,"utforske og bruke uttalemønstre og ord og uttrykk i lek, sang og rollespill","utforske og bruke uttalemønster og ord og uttrykk i leik, song og rollespel","utforske og bruke uttalemønstre og ord og uttrykk i lek, sang og rollespill","explore and use pronunciation patterns and words and expressions in play, singing and role playing",ja,,KM11768
http://psi.udir.no/kl06/KM13356,KM13356,ENG01,06,Læreplan i engelsk,Engelsk 5. årstrinn | Engelsk 6. årstrinn | Engelsk 7. årstrinn,Syvende årstrinn,status_publisert,lytte til og forstå ord og uttrykk i tilpassede og autentiske tekster,lytte til og forstå ord og uttrykk i tilpassa og autentiske tekstar,lytte til og forstå ord og uttrykk i tilpassede og autentiske tekster,listen to and understand words and expressions in adapted and authentic texts,ja,,KM11769
http://psi.udir.no/kl06/KM13357,KM13357,ENG01,06,Læreplan i engelsk,Engelsk 5. årstrinn | Engelsk 6. årstrinn | Engelsk 7. årstrinn,Syvende årstrinn,status_publisert,uttrykke seg forståelig med et variert ordforråd og høflighetsuttrykk tilpasset mottaker og situasjon,uttrykkje seg forståeleg med eit variert ordforråd og høflegheitsuttrykk tilpassa mottakar og situasjon,uttrykke seg forståelig med et variert ordforråd og høflighetsuttrykk tilpasset mottaker og situasjon,express oneself in an understandable way with a varied vocabulary and polite expressions adapted to the receiver and situation,ja,,KM11770
http://psi.udir.no/kl06/KM13358,KM13358,ENG01,06,Læreplan i engelsk,Engelsk 5. årstrinn | Engelsk 6. årstrinn | Engelsk 7. årstrinn,Syvende årstrinn,status_publisert,"innlede, holde i gang og avslutte samtaler om egne interesser og aktuelle emner","innleie, halde i gang og avslutte samtalar om eigne interesser og aktuelle emne","innlede, holde i gang og avslutte samtaler om egne interesser og aktuelle emner","initiate, maintain and conclude conversations about one's own interests and current topics",ja,,KM11771
http://psi.udir.no/kl06/KM13361,KM13361,ENG01,06,Læreplan i engelsk,Engelsk 5. årstrinn | Engelsk 6. årstrinn | Engelsk 7. årstrinn,Syvende årstrinn,status_publisert,"utforske og samtale om noen språklige likheter mellom engelsk og andre språk eleven kjenner til, og bruke dette i egen språklæring","utforske og samtale om nokre språklege likskapar mellom engelsk og andre språk eleven kjenner til, og bruke dette i eiga språklæring","utforske og samtale om noen språklige likheter mellom engelsk og andre språk eleven kjenner til, og bruke dette i egen språklæring",explore and talk about some linguistic similarities between English and other languages that the pupil is familiar with and use this in their language learning,ja,,KM11774
http://psi.udir.no/kl06/KM13370,KM13370,ENG01,06,Læreplan i engelsk,Engelsk 5. årstrinn | Engelsk 6. årstrinn | Engelsk 7. årstrinn,Syvende årstrinn,status_publisert,"identifisere setningsledd i ulike typer setninger og bruke kunnskap om bøying av verb, substantiv og adjektiv i arbeid med egne muntlige og skriftlige tekster","identifisere setningsledd i ulike typar setningar og bruke kunnskap om bøying av verb, substantiv og adjektiv i arbeid med eigne munnlege og skriftlege tekstar","identifisere setningsledd i ulike typer setninger og bruke kunnskap om bøying av verb, substantiv og adjektiv i arbeid med egne muntlige og skriftlige tekster",identify sentence elements in various types of sentences and use knowledge of verb conjugation and declension of nouns and adjectives in working on own oral and written texts,ja,,KM11783
http://psi.udir.no/kl06/KM13360,KM13360,ENG01,06,Læreplan i engelsk,Engelsk 5. årstrinn | Engelsk 6. årstrinn | Engelsk 7. årstrinn,Syvende årstrinn,status_publisert,"følge regler for rettskriving, ordbøying og setningsstruktur","følgje reglar for rettskriving, ordbøying og setningsstruktur","følge regler for rettskriving, ordbøying og setningsstruktur","follow rules for spelling, word inflection and syntax",ja,,KM11773
http://psi.udir.no/kl06/KM13362,KM13362,ENG01,06,Læreplan i engelsk,Engelsk 5. årstrinn | Engelsk 6. årstrinn | Engelsk 7. årstrinn,Syvende årstrinn,status_publisert,"lese og videreformidle innhold fra ulike typer tekster, inkludert selvvalgte tekster","lese og vidareformidle innhald frå ulike typar tekstar, inkludert sjølvvalde tekstar","lese og videreformidle innhold fra ulike typer tekster, inkludert selvvalgte tekster","read and present content from various types of texts, including self-chosen texts",ja,,KM11775
http://psi.udir.no/kl06/KM13363,KM13363,ENG01,06,Læreplan i engelsk,Engelsk 5. årstrinn | Engelsk 6. årstrinn | Engelsk 7. årstrinn,Syvende årstrinn,status_publisert,lese og lytte til engelskspråklige sakprosatekster og engelskspråklig barne- og ungdomslitteratur og skrive og samtale om innholdet,lese og lytte til engelskspråklege sakprosatekstar og engelskspråkleg barne- og ungdomslitteratur og skrive og samtale om innhaldet,lese og lytte til engelskspråklige sakprosatekster og engelskspråklig barne- og ungdomslitteratur og skrive og samtale om innholdet,read and listen to English-language factual texts and literature for children and young people and write and talk about the content,ja,,KM11776
http://psi.udir.no/kl06/KM13365,KM13365,ENG01,06,Læreplan i engelsk,Engelsk 5. årstrinn | Engelsk 6. årstrinn | Engelsk 7. årstrinn,Syvende årstrinn,status_publisert,"samtale om ulike kilders pålitelighet, og velge kilder til eget bruk","samtale om kor pålitelege ulike kjelder er, og velje kjelder til eige bruk","samtale om ulike kilders pålitelighet, og velge kilder til eget bruk",talk about the reliability of various sources and choose sources for one's own use,ja,,KM11778
http://psi.udir.no/kl06/KM13366,KM13366,ENG01,06,Læreplan i engelsk,Engelsk 5. årstrinn | Engelsk 6. årstrinn | Engelsk 7. årstrinn,Syvende årstrinn,status_publisert,"skrive sammenhengende tekster, inkludert sammensatte, som gjenforteller, forteller, spør og uttrykker meninger og interesser, tilpasset mottaker","skrive samanhengande tekstar, inkludert samansette, som gjenfortel, fortel, spør og uttrykkjer meiningar og interesser, tilpassa mottakar","skrive sammenhengende tekster, inkludert sammensatte, som gjenforteller, forteller, spør og uttrykker meninger og interesser, tilpasset mottaker","write cohesive texts, including multimedia texts, that retell, tell, inquire about and express opinions and interests adapted to the recipient",ja,,KM11779
http://psi.udir.no/kl06/KM13367,KM13367,ENG01,06,Læreplan i engelsk,Engelsk 5. årstrinn | Engelsk 6. årstrinn | Engelsk 7. årstrinn,Syvende årstrinn,status_publisert,bearbeide egne tekster ut fra tilbakemeldinger,arbeide vidare med eigne tekstar ut frå tilbakemeldingar,bearbeide egne tekster ut fra tilbakemeldinger,revise one's own texts based on feedback,ja,,KM11780
http://psi.udir.no/kl06/KM13368,KM13368,ENG01,06,Læreplan i engelsk,Engelsk 5. årstrinn | Engelsk 6. årstrinn | Engelsk 7. årstrinn,Syvende årstrinn,status_publisert,reflektere over og samtale om rollen engelsk har i eget liv,reflektere over og samtale om rolla engelsk har i eige liv,reflektere over og samtale om rollen engelsk har i eget liv,reflect on and talk about the role played by English in their own lives,ja,,KM11781
http://psi.udir.no/kl06/KM13369,KM13369,ENG01,06,Læreplan i engelsk,Engelsk 5. årstrinn | Engelsk 6. årstrinn | Engelsk 7. årstrinn,Syvende årstrinn,status_publisert,utforske levemåter og tradisjoner i ulike samfunn i den engelskspråklige verden og i Norge og reflektere over identitet og kulturell tilhørighet,utforske levemåtar og tradisjonar i ulike samfunn i den engelskspråklege verda og i Noreg og reflektere over identitet og kulturell tilhøyrsel,utforske levemåter og tradisjoner i ulike samfunn i den engelskspråklige verden og i Norge og reflektere over identitet og kulturell tilhørighet,investigate ways of living and traditions in different societies in the English-speaking world and in Norway and reflect on identity and cultural belonging,ja,,KM11782
http://psi.udir.no/kl06/KM13374,KM13374,ENG01,06,Læreplan i engelsk,Engelsk 8. årstrinn | Engelsk 9. årstrinn | Engelsk 10. årstrinn,Tiende årstrinn,status_publisert,"bruke varierte strategier i språklæring, tekstskaping og kommunikasjon","bruke varierte strategiar i språklæring, tekstskaping og kommunikasjon","bruke varierte strategier i språklæring, tekstskaping og kommunikasjon","use a variety of strategies for language learning, text creation and communication",ja,,KM11787
http://psi.udir.no/kl06/KM13380,KM13380,ENG01,06,Læreplan i engelsk,Engelsk 8. årstrinn | Engelsk 9. årstrinn | Engelsk 10. årstrinn,Tiende årstrinn,status_publisert,"bruke ulike digitale ressurser og andre hjelpemidler i språklæring, tekstskaping og samhandling","bruke ulike digitale ressursar og andre hjelpemiddel i språklæring, tekstskaping og samhandling","bruke ulike digitale ressurser og andre hjelpemidler i språklæring, tekstskaping og samhandling","use different digital resources and other aids in language learning, text creation and interaction",ja,,KM11793
http://psi.udir.no/kl06/KM13388,KM13388,ENG01,06,Læreplan i engelsk,Engelsk 8. årstrinn | Engelsk 9. årstrinn | Engelsk 10. årstrinn,Tiende årstrinn,status_publisert,bruke sentrale mønstre for uttale i kommunikasjon,bruke sentrale mønster for uttale i kommunikasjon,bruke sentrale mønstre for uttale i kommunikasjon,use key patterns of pronunciation in communication,ja,,KM11801
http://psi.udir.no/kl06/KM13371,KM13371,ENG01,06,Læreplan i engelsk,Engelsk 8. årstrinn | Engelsk 9. årstrinn | Engelsk 10. årstrinn,Tiende årstrinn,status_publisert,lytte til og forstå ord og uttrykk i varianter av engelsk,lytte til og forstå ord og uttrykk i variantar av engelsk,lytte til og forstå ord og uttrykk i varianter av engelsk,listen to and understand words and expressions in variants of English,ja,,KM11784
http://psi.udir.no/kl06/KM13372,KM13372,ENG01,06,Læreplan i engelsk,Engelsk 8. årstrinn | Engelsk 9. årstrinn | Engelsk 10. årstrinn,Tiende årstrinn,status_publisert,"uttrykke seg med flyt og sammenheng med et variert ordforråd og idiomatiske uttrykk tilpasset formål, mottaker og situasjon","uttrykkje seg med flyt og samanheng med eit variert ordforråd og idiomatiske uttrykk tilpassa formål, mottakar og situasjon","uttrykke seg med flyt og sammenheng med et variert ordforråd og idiomatiske uttrykk tilpasset formål, mottaker og situasjon","express oneself with fluency and coherence with a varied vocabulary and idiomatic expressions adapted to the purpose, recipient and situation",ja,,KM11785
http://psi.udir.no/kl06/KM13373,KM13373,ENG01,06,Læreplan i engelsk,Engelsk 8. årstrinn | Engelsk 9. årstrinn | Engelsk 10. årstrinn,Tiende årstrinn,status_publisert,"stille spørsmål og følge opp innspill i samtaler om ulike emner tilpasset ulike formål, mottakere og situasjoner","stille spørsmål og følgje opp innspel i samtalar om ulike emne tilpasse ulike formål, mottakarar og situasjonar","stille spørsmål og følge opp innspill i samtaler om ulike emner tilpasset ulike formål, mottakere og situasjoner","ask questions and follow up input when talking about various topics adapted to different purposes, recipients and situations",ja,,KM11786
http://psi.udir.no/kl06/KM13376,KM13376,ENG01,06,Læreplan i engelsk,Engelsk 8. årstrinn | Engelsk 9. årstrinn | Engelsk 10. årstrinn,Tiende årstrinn,status_publisert,"utforske og beskrive noen språklige likheter og ulikheter mellom engelsk og andre språk eleven kjenner til, og bruke dette i egen språklæring","utforske og beskrive nokre språklege likskapar og ulikskapar mellom engelsk og andre språk eleven kjenner til, og bruke dette i eiga språklæring","utforske og beskrive noen språklige likheter og ulikheter mellom engelsk og andre språk eleven kjenner til, og bruke dette i egen språklæring",explore and describe some linguistic similarities and differences between English and other languages the pupil is familiar with and use this in one's own language learning,ja,,KM11789
http://psi.udir.no/kl06/KM13389,KM13389,ENG01,06,Læreplan i engelsk,Engelsk 8. årstrinn | Engelsk 9. årstrinn | Engelsk 10. årstrinn,Tiende årstrinn,status_publisert,bruke kunnskap om ordklasser og setningsstruktur i arbeid med egne muntlige og skriftlige tekster,bruke kunnskap om ordklassar og setningsstruktur i arbeid med eigne munnlege og skriftlege tekstar,bruke kunnskap om ordklasser og setningsstruktur i arbeid med egne muntlige og skriftlige tekster,use knowledge of word classes and syntax in working on one's own oral and written texts,ja,,KM11802
http://psi.udir.no/kl06/KM13375,KM13375,ENG01,06,Læreplan i engelsk,Engelsk 8. årstrinn | Engelsk 9. årstrinn | Engelsk 10. årstrinn,Tiende årstrinn,status_publisert,"følge regler for rettskriving, ordbøying, setningsstruktur og tekststruktur","følgje reglar for rettskriving, ordbøying, setningsstruktur og tekststruktur","følge regler for rettskriving, ordbøying, setningsstruktur og tekststruktur","follow rules for spelling, word inflection, syntax and text structure",ja,,KM11788
http://psi.udir.no/kl06/KM13377,KM13377,ENG01,06,Læreplan i engelsk,Engelsk 8. årstrinn | Engelsk 9. årstrinn | Engelsk 10. årstrinn,Tiende årstrinn,status_publisert,"lese, diskutere og videreformidle innhold fra ulike typer tekster, inkludert selvvalgte tekster","lese, diskutere og vidareformidle innhald frå ulike typar tekstar, inkludert sjølvvalde tekstar","lese, diskutere og videreformidle innhold fra ulike typer tekster, inkludert selvvalgte tekster","read, discuss and present content from various types of texts, including self-chosen texts",ja,,KM11790
http://psi.udir.no/kl06/KM13378,KM13378,ENG01,06,Læreplan i engelsk,Engelsk 8. årstrinn | Engelsk 9. årstrinn | Engelsk 10. årstrinn,Tiende årstrinn,status_publisert,"lese, tolke og reflektere over engelskspråklig skjønnlitteratur, inkludert ungdomslitteratur","lese, tolke og reflektere over engelskspråkleg skjønnlitteratur, inkludert ungdomslitteratur","lese, tolke og reflektere over engelskspråklig skjønnlitteratur, inkludert ungdomslitteratur","read, interpret and reflect on English-language fiction, including young people’s literature",ja,,KM11791
http://psi.udir.no/kl06/KM13379,KM13379,ENG01,06,Læreplan i engelsk,Engelsk 8. årstrinn | Engelsk 9. årstrinn | Engelsk 10. årstrinn,Tiende årstrinn,status_publisert,lese sakprosatekster og vurdere hvor pålitelige kildene er,lese sakprosatekstar og vurdere kor pålitelege kjeldene er,lese sakprosatekster og vurdere hvor pålitelige kildene er,read factual texts and assess the reliability of the sources,ja,,KM11792
http://psi.udir.no/kl06/KM13381,KM13381,ENG01,06,Læreplan i engelsk,Engelsk 8. årstrinn | Engelsk 9. årstrinn | Engelsk 10. årstrinn,Tiende årstrinn,status_publisert,bruke kilder på en kritisk og etterrettelig måte,bruke kjelder på ein kritisk og etterretteleg måte,bruke kilder på en kritisk og etterrettelig måte,use sources in a critical and accountable manner,ja,,KM11794
http://psi.udir.no/kl06/KM13382,KM13382,ENG01,06,Læreplan i engelsk,Engelsk 8. årstrinn | Engelsk 9. årstrinn | Engelsk 10. årstrinn,Tiende årstrinn,status_publisert,"skrive formelle og uformelle tekster, inkludert sammensatte, med struktur og sammenheng som beskriver, forteller og reflekterer tilpasset formål, mottaker og situasjon","skrive formelle og uformelle tekstar, inkludert samansette, med struktur og samanheng som beskriv, fortel og reflekterer, tilpassa formål, mottakar og situasjon","skrive formelle og uformelle tekster, inkludert sammensatte, med struktur og sammenheng som beskriver, forteller og reflekterer tilpasset formål, mottaker og situasjon","write formal and informal texts, including multimedia texts with structure and coherence that describe, narrate and reflect, and are adapted to the purpose, recipient and situation",ja,,KM11795
http://psi.udir.no/kl06/KM13383,KM13383,ENG01,06,Læreplan i engelsk,Engelsk 8. årstrinn | Engelsk 9. årstrinn | Engelsk 10. årstrinn,Tiende årstrinn,status_publisert,bearbeide egne tekster ut fra tilbakemeldinger og kunnskap om språk,arbeide vidare med eigne tekstar ut frå tilbakemeldingar og kunnskap om språk,bearbeide egne tekster ut fra tilbakemeldinger og kunnskap om språk,revise one's own texts based on feedback and knowledge of the language,ja,,KM11796
http://psi.udir.no/kl06/KM13384,KM13384,ENG01,06,Læreplan i engelsk,Engelsk 8. årstrinn | Engelsk 9. årstrinn | Engelsk 10. årstrinn,Tiende årstrinn,status_publisert,beskrive og reflektere over rollen engelsk har i Norge og i verden,beskrive og reflektere over rolla engelsk har i Noreg og i verda,beskrive og reflektere over rollen engelsk har i Norge og i verden,describe and reflect on the role played by the English language in Norway and the rest of the world,ja,,KM11797
http://psi.udir.no/kl06/KM13385,KM13385,ENG01,06,Læreplan i engelsk,Engelsk 8. årstrinn | Engelsk 9. årstrinn | Engelsk 10. årstrinn,Tiende årstrinn,status_publisert,utforske og reflektere over situasjonen til urfolk i den engelskspråklige verden og i Norge,utforske og reflektere over situasjonen til urfolk i den engelskspråklege verda og i Noreg,utforske og reflektere over situasjonen til urfolk i den engelskspråklige verden og i Norge,explore and reflect on the situation of indigenous peoples in the English-speaking world and in Norway,ja,,KM11798
http://psi.udir.no/kl06/KM13387,KM13387,ENG01,06,Læreplan i engelsk,Engelsk 8. årstrinn | Engelsk 9. årstrinn | Engelsk 10. årstrinn,Tiende årstrinn,status_publisert,"utforske og beskrive levemåter, tenkesett, kommunikasjonsmønstre og mangfold i den engelskspråklige verden","utforske og beskrive levemåtar, tenkesett, kommunikasjonsmønster og mangfald i den engelskspråklege verda","utforske og beskrive levemåter, tenkesett, kommunikasjonsmønstre og mangfold i den engelskspråklige verden","explore and describe ways of living, ways of thinking, communication patterns and diversity in the English-speaking world",ja,,KM11800
http://psi.udir.no/kl06/KM13386,KM13386,ENG01,06,Læreplan i engelsk,Engelsk 8. årstrinn | Engelsk 9. årstrinn | Engelsk 10. årstrinn,Tiende årstrinn,status_publisert,utforske og videreformidle innhold i engelskspråklige kulturelle uttrykksformer fra ulike medier knyttet til egne interesser,utforske og vidareformidle innhald i engelskspråklege kulturelle uttrykksformer frå ulike medium knytte til eigne interesser,utforske og videreformidle innhold i engelskspråklige kulturelle uttrykksformer fra ulike medier knyttet til egne interesser,explore and present the content of cultural forms of expression from various media in the English-speaking world that are related to one's own interests,ja,,KM11799
http://psi.udir.no/kl06/KM13433,KM13433,ENG02,06,Læreplan i engelsk for elever med tegnspråk,Engelsk for hørselshemmede 1. årstrinn | Engelsk for hørselshemmede 2. årstrinn,Andre årstrinn,status_publisert,bruke teknologi for å oppleve språket via autentiske språkmodeller og samtalepartnere,,bruke teknologi for å oppleve språket via autentiske språkmodeller og samtalepartnere,,nei,,KM11846
http://psi.udir.no/kl06/KM13424,KM13424,ENG02,06,Læreplan i engelsk for elever med tegnspråk,Engelsk for hørselshemmede 1. årstrinn | Engelsk for hørselshemmede 2. årstrinn,Andre årstrinn,status_publisert,"utforske og bruke grunnleggende munnformer, språklyder og stavelser i ord",,"utforske og bruke grunnleggende munnformer, språklyder og stavelser i ord",,nei,,KM11837
http://psi.udir.no/kl06/KM13425,KM13425,ENG02,06,Læreplan i engelsk for elever med tegnspråk,Engelsk for hørselshemmede 1. årstrinn | Engelsk for hørselshemmede 2. årstrinn,Andre årstrinn,status_publisert,koble språklyder til bokstaver og stavemønstre og trekke bokstavlyder sammen til ord,,koble språklyder til bokstaver og stavemønstre og trekke bokstavlyder sammen til ord,,nei,,KM11838
http://psi.udir.no/kl06/KM13426,KM13426,ENG02,06,Læreplan i engelsk for elever med tegnspråk,Engelsk for hørselshemmede 1. årstrinn | Engelsk for hørselshemmede 2. årstrinn,Andre årstrinn,status_publisert,"utforske det engelske alfabetet, og gjenkjenne håndalfabetet på BSL og ASL i lek og/eller sangaktiviteter",,"utforske det engelske alfabetet, og gjenkjenne håndalfabetet på BSL og ASL i lek og/eller sangaktiviteter",,nei,,KM11839
http://psi.udir.no/kl06/KM13429,KM13429,ENG02,06,Læreplan i engelsk for elever med tegnspråk,Engelsk for hørselshemmede 1. årstrinn | Engelsk for hørselshemmede 2. årstrinn,Andre årstrinn,status_publisert,oppdage høyfrekvente ord og fraser i ulike typer tekster,,oppdage høyfrekvente ord og fraser i ulike typer tekster,,nei,,KM11842
http://psi.udir.no/kl06/KM13427,KM13427,ENG02,06,Læreplan i engelsk for elever med tegnspråk,Engelsk for hørselshemmede 1. årstrinn | Engelsk for hørselshemmede 2. årstrinn,Andre årstrinn,status_publisert,"stille og svare på enkle spørsmål, følge enkle instruksjoner og bruke noen høflighetsuttrykk",,"stille og svare på enkle spørsmål, følge enkle instruksjoner og bruke noen høflighetsuttrykk",,nei,,KM11840
http://psi.udir.no/kl06/KM13428,KM13428,ENG02,06,Læreplan i engelsk for elever med tegnspråk,Engelsk for hørselshemmede 1. årstrinn | Engelsk for hørselshemmede 2. årstrinn,Andre årstrinn,status_publisert,"delta i innøvde dialoger og spontane samtaler om egne behov og følelser, dagligliv og interesser",,"delta i innøvde dialoger og spontane samtaler om egne behov og følelser, dagligliv og interesser",,nei,,KM11841
http://psi.udir.no/kl06/KM13430,KM13430,ENG02,06,Læreplan i engelsk for elever med tegnspråk,Engelsk for hørselshemmede 1. årstrinn | Engelsk for hørselshemmede 2. årstrinn,Andre årstrinn,status_publisert,oppdage ord som er felles for engelsk og andre språk eleven kjenner til,,oppdage ord som er felles for engelsk og andre språk eleven kjenner til,,nei,,KM11843
http://psi.udir.no/kl06/KM13431,KM13431,ENG02,06,Læreplan i engelsk for elever med tegnspråk,Engelsk for hørselshemmede 1. årstrinn | Engelsk for hørselshemmede 2. årstrinn,Andre årstrinn,status_publisert,"oppfatte, lese og samtale om innhold i enkle tekster, inkludert billedbøker",,"oppfatte, lese og samtale om innhold i enkle tekster, inkludert billedbøker",,nei,,KM11844
http://psi.udir.no/kl06/KM13434,KM13434,ENG02,06,Læreplan i engelsk for elever med tegnspråk,Engelsk for hørselshemmede 1. årstrinn | Engelsk for hørselshemmede 2. årstrinn,Andre årstrinn,status_publisert,"lese og eksperimentere med å skrive kjente ord, fraser og enkle setninger",,"lese og eksperimentere med å skrive kjente ord, fraser og enkle setninger",,nei,,KM11847
http://psi.udir.no/kl06/KM13432,KM13432,ENG02,06,Læreplan i engelsk for elever med tegnspråk,Engelsk for hørselshemmede 1. årstrinn | Engelsk for hørselshemmede 2. årstrinn,Andre årstrinn,status_publisert,tilegne seg tegn/ord og kulturell kunnskap gjennom engelskspråklig barnelitteratur og barnekultur,,tilegne seg tegn/ord og kulturell kunnskap gjennom engelskspråklig barnelitteratur og barnekultur,,nei,,KM11845
http://psi.udir.no/kl06/KM13438,KM13438,ENG02,06,Læreplan i engelsk for elever med tegnspråk,Engelsk for hørselshemmede 3. årstrinn | Engelsk for hørselshemmede 4. årstrinn,Fjerde årstrinn,status_publisert,utforske ulike ordbøker og hvordan de kan brukes i språklæring,,utforske ulike ordbøker og hvordan de kan brukes i språklæring,,nei,,KM11851
http://psi.udir.no/kl06/KM13446,KM13446,ENG02,06,Læreplan i engelsk for elever med tegnspråk,Engelsk for hørselshemmede 3. årstrinn | Engelsk for hørselshemmede 4. årstrinn,Fjerde årstrinn,status_publisert,bruke teknologi til å utforske språket og samhandle med andre,,bruke teknologi til å utforske språket og samhandle med andre,,nei,,KM11859
http://psi.udir.no/kl06/KM13435,KM13435,ENG02,06,Læreplan i engelsk for elever med tegnspråk,Engelsk for hørselshemmede 3. årstrinn | Engelsk for hørselshemmede 4. årstrinn,Fjerde årstrinn,status_publisert,utforske det engelske alfabetet og bruke munnformer i varierte lek og/eller sangaktiviteter og språklæringsaktiviteter,,utforske det engelske alfabetet og bruke munnformer i varierte lek og/eller sangaktiviteter og språklæringsaktiviteter,,nei,,KM11848
http://psi.udir.no/kl06/KM13449,KM13449,ENG02,06,Læreplan i engelsk for elever med tegnspråk,Engelsk for hørselshemmede 3. årstrinn | Engelsk for hørselshemmede 4. årstrinn,Fjerde årstrinn,status_publisert,oppfatte og forstå ord og uttrykk i tilpassede tekster,,oppfatte og forstå ord og uttrykk i tilpassede tekster,,nei,,KM11862
http://psi.udir.no/kl06/KM13436,KM13436,ENG02,06,Læreplan i engelsk for elever med tegnspråk,Engelsk for hørselshemmede 3. årstrinn | Engelsk for hørselshemmede 4. årstrinn,Fjerde årstrinn,status_publisert,"bruke noen vanlige tegn/småord, høflighetsuttrykk og enkle fraser og setninger for å få hjelp til å forstå og bli forstått",,"bruke noen vanlige tegn/småord, høflighetsuttrykk og enkle fraser og setninger for å få hjelp til å forstå og bli forstått",,nei,,KM11849
http://psi.udir.no/kl06/KM13437,KM13437,ENG02,06,Læreplan i engelsk for elever med tegnspråk,Engelsk for hørselshemmede 3. årstrinn | Engelsk for hørselshemmede 4. årstrinn,Fjerde årstrinn,status_publisert,"delta i samtaler om egne og andres behov, følelser, dagligliv og interesser og bruke samtaleregler",,"delta i samtaler om egne og andres behov, følelser, dagligliv og interesser og bruke samtaleregler",,nei,,KM11850
http://psi.udir.no/kl06/KM13441,KM13441,ENG02,06,Læreplan i engelsk for elever med tegnspråk,Engelsk for hørselshemmede 3. årstrinn | Engelsk for hørselshemmede 4. årstrinn,Fjerde årstrinn,status_publisert,oppdage og leke med ord og uttrykk som er felles for engelsk og andre språk eleven kjenner til,,oppdage og leke med ord og uttrykk som er felles for engelsk og andre språk eleven kjenner til,,nei,,KM11854
http://psi.udir.no/kl06/KM13439,KM13439,ENG02,06,Læreplan i engelsk for elever med tegnspråk,Engelsk for hørselshemmede 3. årstrinn | Engelsk for hørselshemmede 4. årstrinn,Fjerde årstrinn,status_publisert,"uttrykke seg i fortid, nåtid og fremtid med de vanligste verbene og identifisere ordklasser i tilpassede tekster",,"uttrykke seg i fortid, nåtid og fremtid med de vanligste verbene og identifisere ordklasser i tilpassede tekster",,nei,,KM11852
http://psi.udir.no/kl06/KM13440,KM13440,ENG02,06,Læreplan i engelsk for elever med tegnspråk,Engelsk for hørselshemmede 3. årstrinn | Engelsk for hørselshemmede 4. årstrinn,Fjerde årstrinn,status_publisert,følge enkle regler for rettskriving og setningsstruktur,,følge enkle regler for rettskriving og setningsstruktur,,nei,,KM11853
http://psi.udir.no/kl06/KM13442,KM13442,ENG02,06,Læreplan i engelsk for elever med tegnspråk,Engelsk for hørselshemmede 3. årstrinn | Engelsk for hørselshemmede 4. årstrinn,Fjerde årstrinn,status_publisert,lese og forstå tekster med lydrette ord og kjente og ukjente ordbilder,,lese og forstå tekster med lydrette ord og kjente og ukjente ordbilder,,nei,,KM11855
http://psi.udir.no/kl06/KM13443,KM13443,ENG02,06,Læreplan i engelsk for elever med tegnspråk,Engelsk for hørselshemmede 3. årstrinn | Engelsk for hørselshemmede 4. årstrinn,Fjerde årstrinn,status_publisert,"lese og forstå betydningen av kjente og ukjente ord, fraser og setninger ut fra sammenhengen i selvvalgte tekster",,"lese og forstå betydningen av kjente og ukjente ord, fraser og setninger ut fra sammenhengen i selvvalgte tekster",,nei,,KM11856
http://psi.udir.no/kl06/KM13444,KM13444,ENG02,06,Læreplan i engelsk for elever med tegnspråk,Engelsk for hørselshemmede 3. årstrinn | Engelsk for hørselshemmede 4. årstrinn,Fjerde årstrinn,status_publisert,"lese og samtale om innhold i ulike typer tekster, inkludert billedbøker",,"lese og samtale om innhold i ulike typer tekster, inkludert billedbøker",,nei,,KM11857
http://psi.udir.no/kl06/KM13447,KM13447,ENG02,06,Læreplan i engelsk for elever med tegnspråk,Engelsk for hørselshemmede 3. årstrinn | Engelsk for hørselshemmede 4. årstrinn,Fjerde årstrinn,status_publisert,skrive enkle tekster som uttrykker tanker og meninger,,skrive enkle tekster som uttrykker tanker og meninger,,nei,,KM11860
http://psi.udir.no/kl06/KM13448,KM13448,ENG02,06,Læreplan i engelsk for elever med tegnspråk,Engelsk for hørselshemmede 3. årstrinn | Engelsk for hørselshemmede 4. årstrinn,Fjerde årstrinn,status_publisert,"samtale om noen sider ved ulike levemåter, tradisjoner og skikker for talespråklige og tegnspråklige i den engelskspråklige verden og i Norge",,"samtale om noen sider ved ulike levemåter, tradisjoner og skikker for talespråklige og tegnspråklige i den engelskspråklige verden og i Norge",,nei,,KM11861
http://psi.udir.no/kl06/KM13445,KM13445,ENG02,06,Læreplan i engelsk for elever med tegnspråk,Engelsk for hørselshemmede 3. årstrinn | Engelsk for hørselshemmede 4. årstrinn,Fjerde årstrinn,status_publisert,"tilegne seg tegn/ord, fraser og kulturell kunnskap gjennom engelskspråklig litteratur og barnekultur",,"tilegne seg tegn/ord, fraser og kulturell kunnskap gjennom engelskspråklig litteratur og barnekultur",,nei,,KM11858
http://psi.udir.no/kl06/KM13454,KM13454,ENG02,06,Læreplan i engelsk for elever med tegnspråk,Engelsk for hørselshemmede 5. årstrinn | Engelsk for hørselshemmede 6. årstrinn | Engelsk for hørselshemmede 7. årstrinn,Syvende årstrinn,status_publisert,"bruke enkle strategier i språklæring, tekstskaping og kommunikasjon",,"bruke enkle strategier i språklæring, tekstskaping og kommunikasjon",,nei,,KM11867
http://psi.udir.no/kl06/KM13459,KM13459,ENG02,06,Læreplan i engelsk for elever med tegnspråk,Engelsk for hørselshemmede 5. årstrinn | Engelsk for hørselshemmede 6. årstrinn | Engelsk for hørselshemmede 7. årstrinn,Syvende årstrinn,status_publisert,"bruke hensiktsmessig teknologi og ulike ordbøker i språklæring, tekstskaping og samhandling",,"bruke hensiktsmessig teknologi og ulike ordbøker i språklæring, tekstskaping og samhandling",,nei,,KM11872
http://psi.udir.no/kl06/KM13450,KM13450,ENG02,06,Læreplan i engelsk for elever med tegnspråk,Engelsk for hørselshemmede 5. årstrinn | Engelsk for hørselshemmede 6. årstrinn | Engelsk for hørselshemmede 7. årstrinn,Syvende årstrinn,status_publisert,utforske og bruke tegn/ord og uttrykk i lek og/eller sang og rollespill,,utforske og bruke tegn/ord og uttrykk i lek og/eller sang og rollespill,,nei,,KM11863
http://psi.udir.no/kl06/KM13451,KM13451,ENG02,06,Læreplan i engelsk for elever med tegnspråk,Engelsk for hørselshemmede 5. årstrinn | Engelsk for hørselshemmede 6. årstrinn | Engelsk for hørselshemmede 7. årstrinn,Syvende årstrinn,status_publisert,oppfatte og forstå tegn/ord og uttrykk i tilpassede og autentiske tekster,,oppfatte og forstå tegn/ord og uttrykk i tilpassede og autentiske tekster,,nei,,KM11864
http://psi.udir.no/kl06/KM13452,KM13452,ENG02,06,Læreplan i engelsk for elever med tegnspråk,Engelsk for hørselshemmede 5. årstrinn | Engelsk for hørselshemmede 6. årstrinn | Engelsk for hørselshemmede 7. årstrinn,Syvende årstrinn,status_publisert,uttrykke seg forståelig med et variert tegn-/ordforråd og høflighetsuttrykk tilpasset mottaker og situasjon,,uttrykke seg forståelig med et variert tegn-/ordforråd og høflighetsuttrykk tilpasset mottaker og situasjon,,nei,,KM11865
http://psi.udir.no/kl06/KM13453,KM13453,ENG02,06,Læreplan i engelsk for elever med tegnspråk,Engelsk for hørselshemmede 5. årstrinn | Engelsk for hørselshemmede 6. årstrinn | Engelsk for hørselshemmede 7. årstrinn,Syvende årstrinn,status_publisert,"innlede, holde i gang og avslutte samtaler om egne interesser og aktuelle emner tilpasset ulike mottakere og situasjoner",,"innlede, holde i gang og avslutte samtaler om egne interesser og aktuelle emner tilpasset ulike mottakere og situasjoner",,nei,,KM11866
http://psi.udir.no/kl06/KM13456,KM13456,ENG02,06,Læreplan i engelsk for elever med tegnspråk,Engelsk for hørselshemmede 5. årstrinn | Engelsk for hørselshemmede 6. årstrinn | Engelsk for hørselshemmede 7. årstrinn,Syvende årstrinn,status_publisert,"utforske og samtale om noen språklige likheter mellom engelsk og andre språk eleven kjenner til, og bruke dette i egen språklæring",,"utforske og samtale om noen språklige likheter mellom engelsk og andre språk eleven kjenner til, og bruke dette i egen språklæring",,nei,,KM11869
http://psi.udir.no/kl06/KM13465,KM13465,ENG02,06,Læreplan i engelsk for elever med tegnspråk,Engelsk for hørselshemmede 5. årstrinn | Engelsk for hørselshemmede 6. årstrinn | Engelsk for hørselshemmede 7. årstrinn,Syvende årstrinn,status_publisert,"identifisere setningsledd i ulike typer setninger og bruke kunnskap om bøying av verb, substantiv og adjektiv i arbeid med egne tekster",,"identifisere setningsledd i ulike typer setninger og bruke kunnskap om bøying av verb, substantiv og adjektiv i arbeid med egne tekster",,nei,,KM11878
http://psi.udir.no/kl06/KM13455,KM13455,ENG02,06,Læreplan i engelsk for elever med tegnspråk,Engelsk for hørselshemmede 5. årstrinn | Engelsk for hørselshemmede 6. årstrinn | Engelsk for hørselshemmede 7. årstrinn,Syvende årstrinn,status_publisert,"følge regler for rettskriving, ordbøying og setningsstruktur",,"følge regler for rettskriving, ordbøying og setningsstruktur",,nei,,KM11868
http://psi.udir.no/kl06/KM13457,KM13457,ENG02,06,Læreplan i engelsk for elever med tegnspråk,Engelsk for hørselshemmede 5. årstrinn | Engelsk for hørselshemmede 6. årstrinn | Engelsk for hørselshemmede 7. årstrinn,Syvende årstrinn,status_publisert,"lese og videreformidle innhold fra ulike typer tekster, inkludert selvvalgte tekster",,"lese og videreformidle innhold fra ulike typer tekster, inkludert selvvalgte tekster",,nei,,KM11870
http://psi.udir.no/kl06/KM13458,KM13458,ENG02,06,Læreplan i engelsk for elever med tegnspråk,Engelsk for hørselshemmede 5. årstrinn | Engelsk for hørselshemmede 6. årstrinn | Engelsk for hørselshemmede 7. årstrinn,Syvende årstrinn,status_publisert,lese og oppfatte innholdet i engelskspråklige sakprosatekster og engelskspråklig barne- og ungdomslitteratur/tegnspråkpoesi og skrive og samtale om innholdet,,lese og oppfatte innholdet i engelskspråklige sakprosatekster og engelskspråklig barne- og ungdomslitteratur/tegnspråkpoesi og skrive og samtale om innholdet,,nei,,KM11871
http://psi.udir.no/kl06/KM13460,KM13460,ENG02,06,Læreplan i engelsk for elever med tegnspråk,Engelsk for hørselshemmede 5. årstrinn | Engelsk for hørselshemmede 6. årstrinn | Engelsk for hørselshemmede 7. årstrinn,Syvende årstrinn,status_publisert,"samtale om ulike kilders pålitelighet, og velge kilder til eget bruk",,"samtale om ulike kilders pålitelighet, og velge kilder til eget bruk",,nei,,KM11873
http://psi.udir.no/kl06/KM13461,KM13461,ENG02,06,Læreplan i engelsk for elever med tegnspråk,Engelsk for hørselshemmede 5. årstrinn | Engelsk for hørselshemmede 6. årstrinn | Engelsk for hørselshemmede 7. årstrinn,Syvende årstrinn,status_publisert,"skrive sammenhengende tekster, inkludert sammensatte, som gjenforteller, forteller, spør og uttrykker meninger og interesser, tilpasset mottaker",,"skrive sammenhengende tekster, inkludert sammensatte, som gjenforteller, forteller, spør og uttrykker meninger og interesser, tilpasset mottaker",,nei,,KM11874
http://psi.udir.no/kl06/KM13462,KM13462,ENG02,06,Læreplan i engelsk for elever med tegnspråk,Engelsk for hørselshemmede 5. årstrinn | Engelsk for hørselshemmede 6. årstrinn | Engelsk for hørselshemmede 7. årstrinn,Syvende årstrinn,status_publisert,bearbeide egne tekster ut fra tilbakemeldinger,,bearbeide egne tekster ut fra tilbakemeldinger,,nei,,KM11875
http://psi.udir.no/kl06/KM13463,KM13463,ENG02,06,Læreplan i engelsk for elever med tegnspråk,Engelsk for hørselshemmede 5. årstrinn | Engelsk for hørselshemmede 6. årstrinn | Engelsk for hørselshemmede 7. årstrinn,Syvende årstrinn,status_publisert,reflektere over og samtale om rollen engelsk har i eget liv,,reflektere over og samtale om rollen engelsk har i eget liv,,nei,,KM11876
http://psi.udir.no/kl06/KM13464,KM13464,ENG02,06,Læreplan i engelsk for elever med tegnspråk,Engelsk for hørselshemmede 5. årstrinn | Engelsk for hørselshemmede 6. årstrinn | Engelsk for hørselshemmede 7. årstrinn,Syvende årstrinn,status_publisert,"reflektere over identitet, kulturell tilhørighet og døvekultur gjennom møter med engelskspråklige tekster",,"reflektere over identitet, kulturell tilhørighet og døvekultur gjennom møter med engelskspråklige tekster",,nei,,KM11877
http://psi.udir.no/kl06/KM13468,KM13468,ENG02,06,Læreplan i engelsk for elever med tegnspråk,Engelsk for hørselshemmede 8. årstrinn | Engelsk for hørselshemmede 9. årstrinn | Engelsk for hørselshemmede 10. årstrinn,Tiende årstrinn,status_publisert,"bruke varierte strategier i språklæring, tekstskaping og kommunikasjon",,"bruke varierte strategier i språklæring, tekstskaping og kommunikasjon",,nei,,KM11881
http://psi.udir.no/kl06/KM13474,KM13474,ENG02,06,Læreplan i engelsk for elever med tegnspråk,Engelsk for hørselshemmede 8. årstrinn | Engelsk for hørselshemmede 9. årstrinn | Engelsk for hørselshemmede 10. årstrinn,Tiende årstrinn,status_publisert,"bruke teknologi og andre hjelpemidler i språklæring, tekstskaping og samhandling",,"bruke teknologi og andre hjelpemidler i språklæring, tekstskaping og samhandling",,nei,,KM11887
http://psi.udir.no/kl06/KM13466,KM13466,ENG02,06,Læreplan i engelsk for elever med tegnspråk,Engelsk for hørselshemmede 8. årstrinn | Engelsk for hørselshemmede 9. årstrinn | Engelsk for hørselshemmede 10. årstrinn,Tiende årstrinn,status_publisert,"uttrykke seg med flyt og sammenheng med et variert tegn-/ordforråd og idiomatiske uttrykk tilpasset formål, mottaker og situasjon",,"uttrykke seg med flyt og sammenheng med et variert tegn-/ordforråd og idiomatiske uttrykk tilpasset formål, mottaker og situasjon",,nei,,KM11879
http://psi.udir.no/kl06/KM13467,KM13467,ENG02,06,Læreplan i engelsk for elever med tegnspråk,Engelsk for hørselshemmede 8. årstrinn | Engelsk for hørselshemmede 9. årstrinn | Engelsk for hørselshemmede 10. årstrinn,Tiende årstrinn,status_publisert,"stille spørsmål og følge opp innspill i samtaler om ulike emner tilpasset ulike formål, mottakere og situasjoner",,"stille spørsmål og følge opp innspill i samtaler om ulike emner tilpasset ulike formål, mottakere og situasjoner",,nei,,KM11880
http://psi.udir.no/kl06/KM13470,KM13470,ENG02,06,Læreplan i engelsk for elever med tegnspråk,Engelsk for hørselshemmede 8. årstrinn | Engelsk for hørselshemmede 9. årstrinn | Engelsk for hørselshemmede 10. årstrinn,Tiende årstrinn,status_publisert,"utforske og beskrive noen språklige likheter og ulikheter mellom engelsk og andre språk eleven kjenner til, og bruke dette i egen språklæring",,"utforske og beskrive noen språklige likheter og ulikheter mellom engelsk og andre språk eleven kjenner til, og bruke dette i egen språklæring",,nei,,KM11883
http://psi.udir.no/kl06/KM13482,KM13482,ENG02,06,Læreplan i engelsk for elever med tegnspråk,Engelsk for hørselshemmede 8. årstrinn | Engelsk for hørselshemmede 9. årstrinn | Engelsk for hørselshemmede 10. årstrinn,Tiende årstrinn,status_publisert,bruke kunnskap om ordklasser og setningsstruktur i arbeid med egne tekster,,bruke kunnskap om ordklasser og setningsstruktur i arbeid med egne tekster,,nei,,KM11895
http://psi.udir.no/kl06/KM13469,KM13469,ENG02,06,Læreplan i engelsk for elever med tegnspråk,Engelsk for hørselshemmede 8. årstrinn | Engelsk for hørselshemmede 9. årstrinn | Engelsk for hørselshemmede 10. årstrinn,Tiende årstrinn,status_publisert,"følge regler for rettskriving, ordbøying, setningsstruktur og tekststruktur",,"følge regler for rettskriving, ordbøying, setningsstruktur og tekststruktur",,nei,,KM11882
http://psi.udir.no/kl06/KM13471,KM13471,ENG02,06,Læreplan i engelsk for elever med tegnspråk,Engelsk for hørselshemmede 8. årstrinn | Engelsk for hørselshemmede 9. årstrinn | Engelsk for hørselshemmede 10. årstrinn,Tiende årstrinn,status_publisert,"lese, diskutere og videreformidle innhold fra ulike typer tekster, inkludert selvvalgte tekster",,"lese, diskutere og videreformidle innhold fra ulike typer tekster, inkludert selvvalgte tekster",,nei,,KM11884
http://psi.udir.no/kl06/KM13472,KM13472,ENG02,06,Læreplan i engelsk for elever med tegnspråk,Engelsk for hørselshemmede 8. årstrinn | Engelsk for hørselshemmede 9. årstrinn | Engelsk for hørselshemmede 10. årstrinn,Tiende årstrinn,status_publisert,"lese, tolke og reflektere over engelskspråklig skjønnlitteratur, inkludert tekster av og om tegnspråklige",,"lese, tolke og reflektere over engelskspråklig skjønnlitteratur, inkludert tekster av og om tegnspråklige",,nei,,KM11885
http://psi.udir.no/kl06/KM13473,KM13473,ENG02,06,Læreplan i engelsk for elever med tegnspråk,Engelsk for hørselshemmede 8. årstrinn | Engelsk for hørselshemmede 9. årstrinn | Engelsk for hørselshemmede 10. årstrinn,Tiende årstrinn,status_publisert,lese sakprosatekster og vurdere hvor pålitelige kildene er,,lese sakprosatekster og vurdere hvor pålitelige kildene er,,nei,,KM11886
http://psi.udir.no/kl06/KM13475,KM13475,ENG02,06,Læreplan i engelsk for elever med tegnspråk,Engelsk for hørselshemmede 8. årstrinn | Engelsk for hørselshemmede 9. årstrinn | Engelsk for hørselshemmede 10. årstrinn,Tiende årstrinn,status_publisert,bruke kilder på en kritisk og etterrettelig måte,,bruke kilder på en kritisk og etterrettelig måte,,nei,,KM11888
http://psi.udir.no/kl06/KM13476,KM13476,ENG02,06,Læreplan i engelsk for elever med tegnspråk,Engelsk for hørselshemmede 8. årstrinn | Engelsk for hørselshemmede 9. årstrinn | Engelsk for hørselshemmede 10. årstrinn,Tiende årstrinn,status_publisert,"skrive formelle og uformelle tekster, inkludert sammensatte, med struktur og sammenheng som beskriver, forteller og reflekterer tilpasset formål, mottaker og situasjon",,"skrive formelle og uformelle tekster, inkludert sammensatte, med struktur og sammenheng som beskriver, forteller og reflekterer tilpasset formål, mottaker og situasjon",,nei,,KM11889
http://psi.udir.no/kl06/KM13477,KM13477,ENG02,06,Læreplan i engelsk for elever med tegnspråk,Engelsk for hørselshemmede 8. årstrinn | Engelsk for hørselshemmede 9. årstrinn | Engelsk for hørselshemmede 10. årstrinn,Tiende årstrinn,status_publisert,bearbeide egne tekster ut fra tilbakemeldinger og kunnskap om språk,,bearbeide egne tekster ut fra tilbakemeldinger og kunnskap om språk,,nei,,KM11890
http://psi.udir.no/kl06/KM13478,KM13478,ENG02,06,Læreplan i engelsk for elever med tegnspråk,Engelsk for hørselshemmede 8. årstrinn | Engelsk for hørselshemmede 9. årstrinn | Engelsk for hørselshemmede 10. årstrinn,Tiende årstrinn,status_publisert,beskrive og reflektere over rollen engelsk har for talespråklige og tegnspråklige i Norge og i verden,,beskrive og reflektere over rollen engelsk har for talespråklige og tegnspråklige i Norge og i verden,,nei,,KM11891
http://psi.udir.no/kl06/KM13479,KM13479,ENG02,06,Læreplan i engelsk for elever med tegnspråk,Engelsk for hørselshemmede 8. årstrinn | Engelsk for hørselshemmede 9. årstrinn | Engelsk for hørselshemmede 10. årstrinn,Tiende årstrinn,status_publisert,utforske og reflektere over situasjonen til tegnspråklige i den engelskspråklige verden og i Norge,,utforske og reflektere over situasjonen til tegnspråklige i den engelskspråklige verden og i Norge,,nei,,KM11892
http://psi.udir.no/kl06/KM13481,KM13481,ENG02,06,Læreplan i engelsk for elever med tegnspråk,Engelsk for hørselshemmede 8. årstrinn | Engelsk for hørselshemmede 9. årstrinn | Engelsk for hørselshemmede 10. årstrinn,Tiende årstrinn,status_publisert,"utforske og beskrive levemåter, tenkesett, kommunikasjonsmønstre og mangfold for talespråklige og tegnspråklige i den engelskspråklige verden",,"utforske og beskrive levemåter, tenkesett, kommunikasjonsmønstre og mangfold for talespråklige og tegnspråklige i den engelskspråklige verden",,nei,,KM11894
http://psi.udir.no/kl06/KM13480,KM13480,ENG02,06,Læreplan i engelsk for elever med tegnspråk,Engelsk for hørselshemmede 8. årstrinn | Engelsk for hørselshemmede 9. årstrinn | Engelsk for hørselshemmede 10. årstrinn,Tiende årstrinn,status_publisert,utforske og videreformidle innhold i engelskspråklige kulturelle uttrykksformer fra ulike medier knyttet til egne interesser,,utforske og videreformidle innhold i engelskspråklige kulturelle uttrykksformer fra ulike medier knyttet til egne interesser,,nei,,KM11893
http://psi.udir.no/kl06/KM13515,KM13515,KHV01,03,Læreplan i kunst og håndverk,"Kunst og håndverk, 1. årstrinn | Kunst og håndverk, 2. årstrinn",Andre årstrinn,status_publisert,"bruke håndverksteknikker og håndverktøy i utforming av tre, leire og tekstil på en miljøbevisst og trygg måte","bruke handverksteknikkar og handverktøy i utforming av tre, leire og tekstil på ein miljømedviten og trygg måte","bruke håndverksteknikker og håndverktøy i utforming av tre, leire og tekstil på en miljøbevisst og trygg måte","use craft techniques and hand tools for shaping wood, clay, and textiles in a safe and environmentally conscious and safe manner",ja,,KM1787
http://psi.udir.no/kl06/KM13516,KM13516,KHV01,03,Læreplan i kunst og håndverk,"Kunst og håndverk, 1. årstrinn | Kunst og håndverk, 2. årstrinn",Andre årstrinn,status_publisert,undersøke egenskaper ved materialer og dele sanseerfaringer,undersøkje eigenskapar ved materiale og dele sanseerfaringar,undersøke egenskaper ved materialer og dele sanseerfaringer,investigate material properties and share sensory experiences,ja,,KM1809
http://psi.udir.no/kl06/KM13517,KM13517,KHV01,03,Læreplan i kunst og håndverk,"Kunst og håndverk, 1. årstrinn | Kunst og håndverk, 2. årstrinn",Andre årstrinn,status_publisert,utforske ulike visuelle uttrykk og bygge videre på andres ideer i eget skapende arbeid,utforske ulike visuelle uttrykk og byggje vidare på ideane til andre i eige skapande arbeid,utforske ulike visuelle uttrykk og bygge videre på andres ideer i eget skapende arbeid,explore different visual expressions and build on others’ ideas in their own creative work,ja,,KM1810
http://psi.udir.no/kl06/KM13518,KM13518,KHV01,03,Læreplan i kunst og håndverk,"Kunst og håndverk, 1. årstrinn | Kunst og håndverk, 2. årstrinn",Andre årstrinn,status_publisert,"eksperimentere med form, farge, rytme og kontrast","eksperimentere med form, farge, rytme og kontrast","eksperimentere med form, farge, rytme og kontrast","experiment with form, colours, rhythm and contrast",ja,,KM1811
http://psi.udir.no/kl06/KM13519,KM13519,KHV01,03,Læreplan i kunst og håndverk,"Kunst og håndverk, 1. årstrinn | Kunst og håndverk, 2. årstrinn",Andre årstrinn,status_publisert,"studere form gjennom å tegne, male og fotografere","studere form gjennom å teikne, male og fotografere","studere form gjennom å tegne, male og fotografere","study form through drawing, painting and photography",ja,,KM1812
http://psi.udir.no/kl06/KM13522,KM13522,KHV01,03,Læreplan i kunst og håndverk,"Kunst og håndverk, 1. årstrinn | Kunst og håndverk, 2. årstrinn",Andre årstrinn,status_publisert,skape fortellinger ved hjelp av digitale verktøy etter inspirasjon fra lokale og nasjonale kunstverk,skape forteljingar ved hjelp av digitale verktøy etter inspirasjon frå lokale og nasjonale kunstverk,skape fortellinger ved hjelp av digitale verktøy etter inspirasjon fra lokale og nasjonale kunstverk,use digital tools to create stories inspired by local and national artworks,ja,,KM1815
http://psi.udir.no/kl06/KM13523,KM13523,KHV01,03,Læreplan i kunst og håndverk,"Kunst og håndverk, 1. årstrinn | Kunst og håndverk, 2. årstrinn",Andre årstrinn,status_publisert,forestille seg og beskrive framtiden gjennom tegning og modeller,førestille seg og beskrive framtida gjennom teikning og modellar,forestille seg og beskrive framtiden gjennom tegning og modeller,imagine and describe the future through drawings and models,ja,,KM1816
http://psi.udir.no/kl06/KM13520,KM13520,KHV01,03,Læreplan i kunst og håndverk,"Kunst og håndverk, 1. årstrinn | Kunst og håndverk, 2. årstrinn",Andre årstrinn,status_publisert,planlegge og konstruere i naturmaterialer etter inspirasjon fra samisk og lokal byggeskikk,planleggje og konstruere i naturmateriale etter inspirasjon frå samisk og lokal byggeskikk,planlegge og konstruere i naturmaterialer etter inspirasjon fra samisk og lokal byggeskikk,plan and make constructions in natural materials after being inspired by Sámi and local building customs,ja,,KM1813
http://psi.udir.no/kl06/KM13521,KM13521,KHV01,03,Læreplan i kunst og håndverk,"Kunst og håndverk, 1. årstrinn | Kunst og håndverk, 2. årstrinn",Andre årstrinn,status_publisert,vise fram og presentere objekter gjennom utstilling eller samling,vise fram og presentere objekt gjennom utstilling eller samling,vise fram og presentere objekter gjennom utstilling eller samling,display and present objects through exhibitions or collections,ja,,KM1814
http://psi.udir.no/kl06/KM13524,KM13524,KHV01,03,Læreplan i kunst og håndverk,"Kunst og håndverk, 3. årstrinn | Kunst og håndverk, 4. årstrinn",Fjerde årstrinn,status_publisert,"bruke håndverktøy og sammenføyningsteknikker i tre, leire og tekstil på en miljøbevisst og trygg måte","bruke handverktøy og samanføyingsteknikkar i tre, leire og tekstil på ein miljømedviten og trygg måte","bruke håndverktøy og sammenføyningsteknikker i tre, leire og tekstil på en miljøbevisst og trygg måte","use hand tools and joining techniques for wood, clay, and textiles in an environmentally conscious and safe manner",ja,,KM1818
http://psi.udir.no/kl06/KM13527,KM13527,KHV01,03,Læreplan i kunst og håndverk,"Kunst og håndverk, 3. årstrinn | Kunst og håndverk, 4. årstrinn",Fjerde årstrinn,status_publisert,prøve ut ulike ideer og muligheter i gjenbruksmaterialer og formidle til andre hvordan man i egen hverdag kan bidra til å ivareta natur og miljø,prøve ut ulike idear og moglegheiter i gjenbruksmateriale og formidle til andre korleis ein i eigen kvardag kan bidra til å ta vare på natur og miljø,prøve ut ulike ideer og muligheter i gjenbruksmaterialer og formidle til andre hvordan man i egen hverdag kan bidra til å ivareta natur og miljø,explore ideas and possibilities using reused materials and communicate to others how everyday practices can help care for nature and the environment,ja,,KM1820
http://psi.udir.no/kl06/KM13525,KM13525,KHV01,03,Læreplan i kunst og håndverk,"Kunst og håndverk, 3. årstrinn | Kunst og håndverk, 4. årstrinn",Fjerde årstrinn,status_publisert,"gjennomføre kunst- og designprosesser ved å søke inspirasjon, utforske muligheter, gjøre valg og lage egne produkter","gjennomføre kunst- og designprosessar ved å søkje inspirasjon, utforske moglegheiter, gjere val og lage eigne produkt","gjennomføre kunst- og designprosesser ved å søke inspirasjon, utforske muligheter, gjøre valg og lage egne produkter","apply art and design processes by seeking inspiration, exploring possibilities, making choices, and creating products",ja,,KM1827
http://psi.udir.no/kl06/KM13526,KM13526,KHV01,03,Læreplan i kunst og håndverk,"Kunst og håndverk, 3. årstrinn | Kunst og håndverk, 4. årstrinn",Fjerde årstrinn,status_publisert,"undersøke hvordan tradisjonshåndverk, inkludert samisk håndverk, utnytter naturmaterialers egenskaper, og bruke erfaringer til å lage enkle bruksgjenstander","undersøkje korleis tradisjonshandverk, inkludert samisk handverk, utnyttar eigenskapar i naturmateriale, og bruke erfaringar til å lage enkle bruksgjenstandar","undersøke hvordan tradisjonshåndverk, inkludert samisk håndverk, utnytter naturmaterialers egenskaper, og bruke erfaringer til å lage enkle bruksgjenstander","investigate how traditional crafts, including Sámi crafts, utilise the properties of natural materials and use this knowledge to create simple functional objects",ja,,KM1819
http://psi.udir.no/kl06/KM13528,KM13528,KHV01,03,Læreplan i kunst og håndverk,"Kunst og håndverk, 3. årstrinn | Kunst og håndverk, 4. årstrinn",Fjerde årstrinn,status_publisert,"samtale om bruk, funksjon og materialvalg i ulike bygninger og lage skisser med forslag til ny arkitektur","samtale om bruk, funksjon og materialval i ulike bygningar og lage skisser med forslag til ny arkitektur","samtale om bruk, funksjon og materialvalg i ulike bygninger og lage skisser med forslag til ny arkitektur","discuss the use, function and choice of materials in different buildings and create sketches proposing new architecture",ja,,KM1821
http://psi.udir.no/kl06/KM13529,KM13529,KHV01,03,Læreplan i kunst og håndverk,"Kunst og håndverk, 3. årstrinn | Kunst og håndverk, 4. årstrinn",Fjerde årstrinn,status_publisert,tolke former og symboler fra ulike kulturer og bruke disse i visuelle uttrykk,tolke former og symbol frå ulike kulturar og bruke desse i visuelle uttrykk,tolke former og symboler fra ulike kulturer og bruke disse i visuelle uttrykk,interpret shapes and symbols from different cultures and use them in visual expressions,ja,,KM1822
http://psi.udir.no/kl06/KM13530,KM13530,KHV01,03,Læreplan i kunst og håndverk,"Kunst og håndverk, 3. årstrinn | Kunst og håndverk, 4. årstrinn",Fjerde årstrinn,status_publisert,tegne form og dybde ved bruk av virkemidler som overlapping og forminskning,teikne form og djupn ved bruk av verkemiddel som overlapping og forminsking,tegne form og dybde ved bruk av virkemidler som overlapping og forminskning,create shape and depth in drawing using visual principles such as overlapping and size diminution,ja,,KM1823
http://psi.udir.no/kl06/KM13531,KM13531,KHV01,03,Læreplan i kunst og håndverk,"Kunst og håndverk, 3. årstrinn | Kunst og håndverk, 4. årstrinn",Fjerde årstrinn,status_publisert,bruke enkle komposisjonsprinsipper i fotografi og digitale verktøy,bruke enkle komposisjonsprinsipp i fotografi og digitale verktøy,bruke enkle komposisjonsprinsipper i fotografi og digitale verktøy,use basic principles of composition in photography and digital tools,ja,,KM1824
http://psi.udir.no/kl06/KM13532,KM13532,KHV01,03,Læreplan i kunst og håndverk,"Kunst og håndverk, 3. årstrinn | Kunst og håndverk, 4. årstrinn",Fjerde årstrinn,status_publisert,utforske mangfold i motiver og visuelle uttrykk i kunst fra ulike verdensdeler og lage en digital presentasjon,utforske mangfald i motiv og visuelle uttrykk i kunst frå ulike verdsdelar og lage ein digital presentasjon,utforske mangfold i motiver og visuelle uttrykk i kunst fra ulike verdensdeler og lage en digital presentasjon,explore diversity in motifs and visual expression in art from different parts of the world and create a digital presentation,ja,,KM1825
http://psi.udir.no/kl06/KM13533,KM13533,KHV01,03,Læreplan i kunst og håndverk,"Kunst og håndverk, 3. årstrinn | Kunst og håndverk, 4. årstrinn",Fjerde årstrinn,status_publisert,formidle og vise fram eget arbeid gjennom utstilling,formidle og vise fram eige arbeid gjennom utstilling,formidle og vise fram eget arbeid gjennom utstilling,communicate and present own work through an exhibition,ja,,KM1826
http://psi.udir.no/kl06/KM13534,KM13534,KHV01,03,Læreplan i kunst og håndverk,"Kunst og håndverk, 5. årstrinn | Kunst og håndverk, 6. årstrinn | Kunst og håndverk, 7. årstrinn",Syvende årstrinn,status_publisert,"bruke ulike håndverktøy og elektriske verktøy for å bearbeide og sammenføye harde, plastiske og myke materialer på en trygg og miljøbevisst måte","bruke ulike handverktøy og elektriske verktøy for å arbeide vidare med og samanføye harde, plastiske og mjuke materiale på ein trygg og miljømedviten måte","bruke ulike håndverktøy og elektriske verktøy for å bearbeide og sammenføye harde, plastiske og myke materialer på en trygg og miljøbevisst måte","use a range of hand tools and power tools to process and join hard, plastic, and soft materials in a safe and environmentally conscious manner",ja,,KM1808
http://psi.udir.no/kl06/KM13535,KM13535,KHV01,03,Læreplan i kunst og håndverk,"Kunst og håndverk, 5. årstrinn | Kunst og håndverk, 6. årstrinn | Kunst og håndverk, 7. årstrinn",Syvende årstrinn,status_publisert,"undersøke materialene i ulike gjenstander og vurdere funksjon, holdbarhet og muligheter for reparasjon og gjenbruk","undersøkje materiala i ulike gjenstandar og vurdere funksjon, haldbarheit og moglegheiter for reparasjon og gjenbruk","undersøke materialene i ulike gjenstander og vurdere funksjon, holdbarhet og muligheter for reparasjon og gjenbruk","examine the materials in various objects and assess function, durability, and possibilities for repair and reuse",ja,,KM1807
http://psi.udir.no/kl06/KM13536,KM13536,KHV01,03,Læreplan i kunst og håndverk,"Kunst og håndverk, 5. årstrinn | Kunst og håndverk, 6. årstrinn | Kunst og håndverk, 7. årstrinn",Syvende årstrinn,status_publisert,bygge og eksperimentere med stabile konstruksjoner,byggje og eksperimentere med stabile konstruksjonar,bygge og eksperimentere med stabile konstruksjoner,build and experiment with stable constructions,ja,,KM1806
http://psi.udir.no/kl06/KM13538,KM13538,KHV01,03,Læreplan i kunst og håndverk,"Kunst og håndverk, 5. årstrinn | Kunst og håndverk, 6. årstrinn | Kunst og håndverk, 7. årstrinn",Syvende årstrinn,status_publisert,bruke ulike strategier for idéutvikling og problemløsing,bruke ulike strategiar for idéutvikling og problemløysing,bruke ulike strategier for idéutvikling og problemløsing,use different strategies for idea development and problem‑solving,ja,,KM1788
http://psi.udir.no/kl06/KM13537,KM13537,KHV01,03,Læreplan i kunst og håndverk,"Kunst og håndverk, 5. årstrinn | Kunst og håndverk, 6. årstrinn | Kunst og håndverk, 7. årstrinn",Syvende årstrinn,status_publisert,bruke digitale verktøy til å planlegge og presentere prosesser og produkter,bruke digitale verktøy til å planleggje og presentere prosessar og produkt,bruke digitale verktøy til å planlegge og presentere prosesser og produkter,use digital tools to plan and present processes and products,ja,,KM1805
http://psi.udir.no/kl06/KM13539,KM13539,KHV01,03,Læreplan i kunst og håndverk,"Kunst og håndverk, 5. årstrinn | Kunst og håndverk, 6. årstrinn | Kunst og håndverk, 7. årstrinn",Syvende årstrinn,status_publisert,"tegne form, flate og rom ved hjelp av virkemidler som kontraster, skygge, proporsjoner og perspektiv","teikne form, flate og rom ved hjelp av verkemiddel som kontrastar, skugge, proporsjonar og perspektiv","tegne form, flate og rom ved hjelp av virkemidler som kontraster, skygge, proporsjoner og perspektiv","create form, plane and space in drawing using elements and principles of design such as contrast, shading, proportion and perspective",ja,,KM1789
http://psi.udir.no/kl06/KM13540,KM13540,KHV01,03,Læreplan i kunst og håndverk,"Kunst og håndverk, 5. årstrinn | Kunst og håndverk, 6. årstrinn | Kunst og håndverk, 7. årstrinn",Syvende årstrinn,status_publisert,"utforske og reflektere over hvordan følelser og meninger vises i kunst, og bruke symbolikk og farge til å uttrykke følelser og meninger i egne arbeider",utforske og reflektere over korleis kjensler og meiningar blir viste i kunst og bruke symbolikk og farge til å uttrykkje kjensler og meiningar i eigne arbeid,"utforske og reflektere over hvordan følelser og meninger vises i kunst, og bruke symbolikk og farge til å uttrykke følelser og meninger i egne arbeider","explore and reflect on how emotions and opinions are expressed in art, and use symbolism and colour to express emotions and opinions in own work",ja,,KM1790
http://psi.udir.no/kl06/KM13541,KM13541,KHV01,03,Læreplan i kunst og håndverk,"Kunst og håndverk, 5. årstrinn | Kunst og håndverk, 6. årstrinn | Kunst og håndverk, 7. årstrinn",Syvende årstrinn,status_publisert,analysere visuelle virkemidler i ulike medier og belyse et aktuelt tema gjennom foto eller infografikk,analysere visuelle verkemiddel i ulike medium og belyse eit aktuelt tema gjennom foto eller infografikk,analysere visuelle virkemidler i ulike medier og belyse et aktuelt tema gjennom foto eller infografikk,analyse visual elements in different media and address a topical issue through photography or infographics,ja,,KM1791
http://psi.udir.no/kl06/KM13542,KM13542,KHV01,03,Læreplan i kunst og håndverk,"Kunst og håndverk, 5. årstrinn | Kunst og håndverk, 6. årstrinn | Kunst og håndverk, 7. årstrinn",Syvende årstrinn,status_publisert,"beskrive mangfoldet i klestradisjoner eller gjenstander, inkludert samiske, og lage et produkt med inspirasjon fra kulturarv","beskrive mangfaldet i klestradisjonar eller gjenstandar, inkludert samiske, og lage eit produkt med inspirasjon frå kulturarv","beskrive mangfoldet i klestradisjoner eller gjenstander, inkludert samiske, og lage et produkt med inspirasjon fra kulturarv","describe diversity in clothing traditions or objects, including Sámi traditions, and create a product inspired by cultural heritage",ja,,KM1792
http://psi.udir.no/kl06/KM13543,KM13543,KHV01,03,Læreplan i kunst og håndverk,"Kunst og håndverk, 5. årstrinn | Kunst og håndverk, 6. årstrinn | Kunst og håndverk, 7. årstrinn",Syvende årstrinn,status_publisert,"undersøke hvordan kjønnsroller vises i kulturelle uttrykk før og nå, og lage visuelle uttrykk som utfordrer stereotypier","undersøkje korleis kjønnsroller blir viste i kulturelle uttrykk før og no, og lage visuelle uttrykk som utfordrar stereotypiar","undersøke hvordan kjønnsroller vises i kulturelle uttrykk før og nå, og lage visuelle uttrykk som utfordrer stereotypier","explore how gender roles are shown in cultural expressions in the past and present, and create visual expressions that challenge stereotypes",ja,,KM1793
http://psi.udir.no/kl06/KM13544,KM13544,KHV01,03,Læreplan i kunst og håndverk,"Kunst og håndverk, 5. årstrinn | Kunst og håndverk, 6. årstrinn | Kunst og håndverk, 7. årstrinn",Syvende årstrinn,status_publisert,bruke programmering til å skape interaktivitet og visuelle uttrykk,bruke programmering til å skape interaktivitet og visuelle uttrykk,bruke programmering til å skape interaktivitet og visuelle uttrykk,use programming to create interactivity and visual expressions,ja,,KM1794
http://psi.udir.no/kl06/KM13545,KM13545,KHV01,03,Læreplan i kunst og håndverk,"Kunst og håndverk, 5. årstrinn | Kunst og håndverk, 6. årstrinn | Kunst og håndverk, 7. årstrinn",Syvende årstrinn,status_publisert,designe og lage en utstilling som viser fram prosess og produkt,designe og lage ei utstilling som viser fram prosess og produkt,designe og lage en utstilling som viser fram prosess og produkt,design and create an exhibition that presents both process and product,ja,,KM1795
http://psi.udir.no/kl06/KM13546,KM13546,KHV01,03,Læreplan i kunst og håndverk,"Kunst og håndverk, 8. årstrinn | Kunst og håndverk, 9. årstrinn | Kunst og håndverk, 10. årstrinn",Tiende årstrinn,status_publisert,"utforske muligheter innenfor håndverksteknikker og egnet teknologi ved å bearbeide og sammenføye harde, plastiske og myke materialer.","utforske moglegheiter innanfor handverksteknikkar og eigna teknologi ved å arbeide vidare med og samanføye harde, plastiske og mjuke materiale","utforske muligheter innenfor håndverksteknikker og egnet teknologi ved å bearbeide og sammenføye harde, plastiske og myke materialer.","explore possibilities within craft techniques and appropriate technologies by processing and joining hard, plastic, and soft materials",ja,,KM1796
http://psi.udir.no/kl06/KM13547,KM13547,KHV01,03,Læreplan i kunst og håndverk,"Kunst og håndverk, 8. årstrinn | Kunst og håndverk, 9. årstrinn | Kunst og håndverk, 10. årstrinn",Tiende årstrinn,status_publisert,"vurdere materialers holdbarhet og muligheter for reparasjon og gjenbruk, og bruke ulike verktøy og materialer på en hensiktsmessig og miljøbevisst måte","vurdere haldbarheita til materiale og moglegheiter for reparasjon og gjenbruk, og bruke ulike verktøy og materiale på ein formålstenleg og miljømedviten måte","vurdere materialers holdbarhet og muligheter for reparasjon og gjenbruk, og bruke ulike verktøy og materialer på en hensiktsmessig og miljøbevisst måte","assess material durability and possibilities for repair and reuse, and use different tools and materials in an appropriate and environmentally conscious manner",ja,,KM1797
http://psi.udir.no/kl06/KM13548,KM13548,KHV01,03,Læreplan i kunst og håndverk,"Kunst og håndverk, 8. årstrinn | Kunst og håndverk, 9. årstrinn | Kunst og håndverk, 10. årstrinn",Tiende årstrinn,status_publisert,"utvikle løsninger gjennom en stegvis designprosess og vurdere holdbarhet, funksjon og estetisk uttrykk","utvikle løysingar gjennom ein stegvis designprosess og vurdere haldbarheit, funksjon og estetisk uttrykk","utvikle løsninger gjennom en stegvis designprosess og vurdere holdbarhet, funksjon og estetisk uttrykk","develop solutions through a step‑by‑step design process and assess durability, function and aesthetic expression",ja,,KM1798
http://psi.udir.no/kl06/KM13549,KM13549,KHV01,03,Læreplan i kunst og håndverk,"Kunst og håndverk, 8. årstrinn | Kunst og håndverk, 9. årstrinn | Kunst og håndverk, 10. årstrinn",Tiende årstrinn,status_publisert,utforske hvordan digitale verktøy og ny teknologi kan gi muligheter for kommunikasjonsformer og opplevelser i skapende prosesser og produkter,utforske korleis digitale verktøy og ny teknologi kan gi moglegheiter for kommunikasjonsformer og opplevingar i skapande prosessar og produkt,utforske hvordan digitale verktøy og ny teknologi kan gi muligheter for kommunikasjonsformer og opplevelser i skapende prosesser og produkter,explore how digital tools and new technologies create opportunities for communication and experiences in creative processes and products,ja,,KM1799
http://psi.udir.no/kl06/KM13550,KM13550,KHV01,03,Læreplan i kunst og håndverk,"Kunst og håndverk, 8. årstrinn | Kunst og håndverk, 9. årstrinn | Kunst og håndverk, 10. årstrinn",Tiende årstrinn,status_publisert,"visualisere form ved hjelp av frihåndstegninger, arbeidstegninger, modeller og digitale verktøy","visualisere form ved hjelp av frihandsteikningar, arbeidsteikningar, modellar og digitale verktøy","visualisere form ved hjelp av frihåndstegninger, arbeidstegninger, modeller og digitale verktøy","visualise form using freehand drawings, technical drawings, models and digital tools",ja,,KM1800
http://psi.udir.no/kl06/KM13552,KM13552,KHV01,03,Læreplan i kunst og håndverk,"Kunst og håndverk, 8. årstrinn | Kunst og håndverk, 9. årstrinn | Kunst og håndverk, 10. årstrinn",Tiende årstrinn,status_publisert,"analysere hvordan identitet og stedstilhørighet kommuniseres i arkitektur, klestradisjoner, kunst eller gjenstander, og integrere kulturelle referanser i eget skapende arbeid","analysere korleis identitet og stadtilhøyrsel blir kommunisert i arkitektur, klestradisjonar, kunst eller gjenstandar, og integrere kulturelle referansar i eige skapande arbeid","analysere hvordan identitet og stedstilhørighet kommuniseres i arkitektur, klestradisjoner, kunst eller gjenstander, og integrere kulturelle referanser i eget skapende arbeid","analyse how identity and local culture are communicated in architecture, clothing traditions, art, or objects, and integrate cultural references in own creative work",ja,,KM1802
http://psi.udir.no/kl06/KM13553,KM13553,KHV01,03,Læreplan i kunst og håndverk,"Kunst og håndverk, 8. årstrinn | Kunst og håndverk, 9. årstrinn | Kunst og håndverk, 10. årstrinn",Tiende årstrinn,status_publisert,"undersøke hvordan kunst, inkludert samisk kunst, kan bidra i samfunnskritikk, og skape kunstuttrykk som belyser utfordringer i egen samtid","undersøkje korleis kunst, inkludert samisk kunst, kan bidra i samfunnskritikk, og skape kunstuttrykk som belyser utfordringar i eiga samtid","undersøke hvordan kunst, inkludert samisk kunst, kan bidra i samfunnskritikk, og skape kunstuttrykk som belyser utfordringer i egen samtid","examine how art, including Sámi art, can contribute to social critique, and create artistic expressions that address challenges in contemporary society",ja,,KM1803
http://psi.udir.no/kl06/KM13554,KM13554,KHV01,03,Læreplan i kunst og håndverk,"Kunst og håndverk, 8. årstrinn | Kunst og håndverk, 9. årstrinn | Kunst og håndverk, 10. årstrinn",Tiende årstrinn,status_publisert,reflektere kritisk over visuelle virkemidler og eksperimentere med ulike visuelle uttrykk i en skapende prosess,reflektere kritisk over visuelle verkemiddel og eksperimentere med ulike visuelle uttrykk i ein skapande prosess,reflektere kritisk over visuelle virkemidler og eksperimentere med ulike visuelle uttrykk i en skapende prosess,"reflect critically on elements and principles of design, and experiment with different visual expressions in a creative process",ja,,KM1804
http://psi.udir.no/kl06/KM13555,KM13555,KHV01,03,Læreplan i kunst og håndverk,"Kunst og håndverk, 8. årstrinn | Kunst og håndverk, 9. årstrinn | Kunst og håndverk, 10. årstrinn",Tiende årstrinn,status_publisert,lage skisser til fornyelse av lokale omgivelser og modellere arkitektoniske løsninger som ivaretar ulike behov og interesser,lage skisser til fornying av lokale omgivnader og modellere arkitektoniske løysingar som tek vare på ulike behov og interesser,lage skisser til fornyelse av lokale omgivelser og modellere arkitektoniske løsninger som ivaretar ulike behov og interesser,create sketches for the renewal of local environments and model architectural solutions that address diverse needs and interests,ja,,KM1817
http://psi.udir.no/kl06/KM13551,KM13551,KHV01,03,Læreplan i kunst og håndverk,"Kunst og håndverk, 8. årstrinn | Kunst og håndverk, 9. årstrinn | Kunst og håndverk, 10. årstrinn",Tiende årstrinn,status_publisert,"fordype seg i en visuell uttrykksform og/eller en håndverksteknikk, utforske muligheter gjennom praktisk skapende arbeid og presentere valg fra idé til ferdig resultat","fordjupe seg i ei visuell uttrykksform og/eller ein handverksteknikk, utforske moglegheiter gjennom praktisk skapande arbeid og presentere val frå idé til ferdig resultat","fordype seg i en visuell uttrykksform og/eller en håndverksteknikk, utforske muligheter gjennom praktisk skapende arbeid og presentere valg fra idé til ferdig resultat","pecialise in a visual form of expression and/or a craft technique, explore possibilities through practical creative work and present choices from idea to finished result",ja,,KM1801
http://psi.udir.no/kl06/KM13646,KM13646,KHV02,03,Læreplan i duodji,"Duodji, 1. årstrinn | Duodji, 2. årstrinn",Andre årstrinn,status_publisert,bruke duodji-/duodje-/duedtie-teknikker og håndverktøy i arbeid med harde og myke materialer på en miljøbevisst og trygg måte,,bruke duodji-/duodje-/duedtie-teknikker og håndverktøy i arbeid med harde og myke materialer på en miljøbevisst og trygg måte,,nei,,KM1143
http://psi.udir.no/kl06/KM13643,KM13643,KHV02,03,Læreplan i duodji,"Duodji, 1. årstrinn | Duodji, 2. årstrinn",Andre årstrinn,status_publisert,samle og oppdage verdien i naturmaterialer fra nærmiljøet og bruke dette i eget skapende arbeid,,samle og oppdage verdien i naturmaterialer fra nærmiljøet og bruke dette i eget skapende arbeid,,nei,,KM1120
http://psi.udir.no/kl06/KM13647,KM13647,KHV02,03,Læreplan i duodji,"Duodji, 1. årstrinn | Duodji, 2. årstrinn",Andre årstrinn,status_publisert,utforske dáidda/samiske kunstverk og andre kulturelle uttrykk og bygge videre på andres ideer i egne visuelle fortellinger,,utforske dáidda/samiske kunstverk og andre kulturelle uttrykk og bygge videre på andres ideer i egne visuelle fortellinger,,nei,,KM1144
http://psi.udir.no/kl06/KM13648,KM13648,KHV02,03,Læreplan i duodji,"Duodji, 1. årstrinn | Duodji, 2. årstrinn",Andre årstrinn,status_publisert,"eksperimentere med form, farge, rytme og kontrast",,"eksperimentere med form, farge, rytme og kontrast",,nei,,KM1145
http://psi.udir.no/kl06/KM13645,KM13645,KHV02,03,Læreplan i duodji,"Duodji, 1. årstrinn | Duodji, 2. årstrinn",Andre årstrinn,status_publisert,forestille seg og beskrive framtiden gjennom tegning og modeller,,forestille seg og beskrive framtiden gjennom tegning og modeller,,nei,,KM1142
http://psi.udir.no/kl06/KM13644,KM13644,KHV02,03,Læreplan i duodji,"Duodji, 1. årstrinn | Duodji, 2. årstrinn",Andre årstrinn,status_publisert,planlegge og konstruere i naturmaterialer etter inspirasjon fra samisk og lokal byggeskikk,,planlegge og konstruere i naturmaterialer etter inspirasjon fra samisk og lokal byggeskikk,,nei,,KM1141
http://psi.udir.no/kl06/KM13649,KM13649,KHV02,03,Læreplan i duodji,"Duodji, 1. årstrinn | Duodji, 2. årstrinn",Andre årstrinn,status_publisert,lage en utstilling eller samling ved hjelp av digitale verktøy,,lage en utstilling eller samling ved hjelp av digitale verktøy,,nei,,KM1146
http://psi.udir.no/kl06/KM13650,KM13650,KHV02,03,Læreplan i duodji,"Duodji, 3. årstrinn | Duodji, 4. årstrinn",Fjerde årstrinn,status_publisert,duddjot/duodjuhit/vitnesjidh med ulike grunnleggende teknikker og håndverktøy og bruke samiske målemetoder,,duddjot/duodjuhit/vitnesjidh med ulike grunnleggende teknikker og håndverktøy og bruke samiske målemetoder,,nei,,KM1147
http://psi.udir.no/kl06/KM13651,KM13651,KHV02,03,Læreplan i duodji,"Duodji, 3. årstrinn | Duodji, 4. årstrinn",Fjerde årstrinn,status_publisert,undersøke hvordan man i duodji/duodje/duedtie utnytter naturmaterialers egenskaper til å dekke behov og lage enkle bruksgjenstander,,undersøke hvordan man i duodji/duodje/duedtie utnytter naturmaterialers egenskaper til å dekke behov og lage enkle bruksgjenstander,,nei,,KM1149
http://psi.udir.no/kl06/KM13655,KM13655,KHV02,03,Læreplan i duodji,"Duodji, 3. årstrinn | Duodji, 4. årstrinn",Fjerde årstrinn,status_publisert,prøve ut ulike ideer og muligheter i gjenbruksmaterialer og formidle til andre hvordan man i egen hverdag kan bidra til å ivareta natur og miljø,,prøve ut ulike ideer og muligheter i gjenbruksmaterialer og formidle til andre hvordan man i egen hverdag kan bidra til å ivareta natur og miljø,,nei,,KM1152
http://psi.udir.no/kl06/KM13657,KM13657,KHV02,03,Læreplan i duodji,"Duodji, 3. årstrinn | Duodji, 4. årstrinn",Fjerde årstrinn,status_publisert,"gjennomføre kunst- og designprosesser ved å søke inspirasjon, utforske muligheter, gjøre valg og lage egne produkter",,"gjennomføre kunst- og designprosesser ved å søke inspirasjon, utforske muligheter, gjøre valg og lage egne produkter",,nei,,KM1154
http://psi.udir.no/kl06/KM13654,KM13654,KHV02,03,Læreplan i duodji,"Duodji, 3. årstrinn | Duodji, 4. årstrinn",Fjerde årstrinn,status_publisert,tegne form og dybde ved bruk av virkemidler som overlapping og forminskning,,tegne form og dybde ved bruk av virkemidler som overlapping og forminskning,,nei,,KM1151
http://psi.udir.no/kl06/KM13652,KM13652,KHV02,03,Læreplan i duodji,"Duodji, 3. årstrinn | Duodji, 4. årstrinn",Fjerde årstrinn,status_publisert,"tolke og samtale om farger, mønstre, symboler og uttrykk fra dáidda/samisk kunst og duodji/duodje/duedtie, og eksperimentere med disse i eget skapende arbeid",,"tolke og samtale om farger, mønstre, symboler og uttrykk fra dáidda/samisk kunst og duodji/duodje/duedtie, og eksperimentere med disse i eget skapende arbeid",,nei,,KM1157
http://psi.udir.no/kl06/KM13653,KM13653,KHV02,03,Læreplan i duodji,"Duodji, 3. årstrinn | Duodji, 4. årstrinn",Fjerde årstrinn,status_publisert,"utforske mangfold i motiver og visuelle uttrykk i samiske, nasjonale og internasjonale kunstverk og lage en digital presentasjon",,"utforske mangfold i motiver og visuelle uttrykk i samiske, nasjonale og internasjonale kunstverk og lage en digital presentasjon",,nei,,KM1150
http://psi.udir.no/kl06/KM13656,KM13656,KHV02,03,Læreplan i duodji,"Duodji, 3. årstrinn | Duodji, 4. årstrinn",Fjerde årstrinn,status_publisert,undersøke lavvoens eller gammens tradisjonelle innvendige struktur og lage en modell av en framtidig sosial møteplass,,undersøke lavvoens eller gammens tradisjonelle innvendige struktur og lage en modell av en framtidig sosial møteplass,,nei,,KM1153
http://psi.udir.no/kl06/KM13658,KM13658,KHV02,03,Læreplan i duodji,"Duodji, 3. årstrinn | Duodji, 4. årstrinn",Fjerde årstrinn,status_publisert,formidle og vise fram eget arbeid gjennom utstilling,,formidle og vise fram eget arbeid gjennom utstilling,,nei,,KM1155
http://psi.udir.no/kl06/KM13661,KM13661,KHV02,03,Læreplan i duodji,"Duodji, 5. årstrinn | Duodji, 6. årstrinn | Duodji, 7. årstrinn",Syvende årstrinn,status_publisert,bruke håndverktøy og elektrisk verktøy for å bearbeide og sammenføye i myke og harde materialer på en trygg og miljøbevisst måte,,bruke håndverktøy og elektrisk verktøy for å bearbeide og sammenføye i myke og harde materialer på en trygg og miljøbevisst måte,,nei,,KM1148
http://psi.udir.no/kl06/KM13659,KM13659,KHV02,03,Læreplan i duodji,"Duodji, 5. årstrinn | Duodji, 6. årstrinn | Duodji, 7. årstrinn",Syvende årstrinn,status_publisert,"undersøke hvordan naturmaterialers egenskaper former funksjonelle og estetiske duodji-/duodje-/duedtie-produkter, og utnytte materialers egenskaper i eget skapende arbeid",,"undersøke hvordan naturmaterialers egenskaper former funksjonelle og estetiske duodji-/duodje-/duedtie-produkter, og utnytte materialers egenskaper i eget skapende arbeid",,nei,,KM1156
http://psi.udir.no/kl06/KM13667,KM13667,KHV02,03,Læreplan i duodji,"Duodji, 5. årstrinn | Duodji, 6. årstrinn | Duodji, 7. årstrinn",Syvende årstrinn,status_publisert,undersøke og eksperimentere med overskuddsmaterialer,,undersøke og eksperimentere med overskuddsmaterialer,,nei,,KM1124
http://psi.udir.no/kl06/KM13663,KM13663,KHV02,03,Læreplan i duodji,"Duodji, 5. årstrinn | Duodji, 6. årstrinn | Duodji, 7. årstrinn",Syvende årstrinn,status_publisert,"undersøke materialene i ulike gjenstander og vurdere funksjon, holdbarhet og muligheter for reparasjon og gjenbruk",,"undersøke materialene i ulike gjenstander og vurdere funksjon, holdbarhet og muligheter for reparasjon og gjenbruk",,nei,,KM1128
http://psi.udir.no/kl06/KM13660,KM13660,KHV02,03,Læreplan i duodji,"Duodji, 5. årstrinn | Duodji, 6. årstrinn | Duodji, 7. årstrinn",Syvende årstrinn,status_publisert,duddjot/duodjuhit/vitnesjidh bruksgjenstander gjennom å bruke ulike strategier for problemløsing og kunne bruke samiske fagbegreper om duodji-/duodje-/duedtieprosessen,,duddjot/duodjuhit/vitnesjidh bruksgjenstander gjennom å bruke ulike strategier for problemløsing og kunne bruke samiske fagbegreper om duodji-/duodje-/duedtieprosessen,,nei,,KM1140
http://psi.udir.no/kl06/KM13665,KM13665,KHV02,03,Læreplan i duodji,"Duodji, 5. årstrinn | Duodji, 6. årstrinn | Duodji, 7. årstrinn",Syvende årstrinn,status_publisert,"tegne form, flate og rom ved hjelp av virkemidler som kontraster, skygge, proporsjoner og perspektiv",,"tegne form, flate og rom ved hjelp av virkemidler som kontraster, skygge, proporsjoner og perspektiv",,nei,,KM1122
http://psi.udir.no/kl06/KM13668,KM13668,KHV02,03,Læreplan i duodji,"Duodji, 5. årstrinn | Duodji, 6. årstrinn | Duodji, 7. årstrinn",Syvende årstrinn,status_publisert,analysere visuelle virkemidler i ulike medier og belyse et aktuelt tema gjennom foto eller infografikk,,analysere visuelle virkemidler i ulike medier og belyse et aktuelt tema gjennom foto eller infografikk,,nei,,KM1125
http://psi.udir.no/kl06/KM13662,KM13662,KHV02,03,Læreplan i duodji,"Duodji, 5. årstrinn | Duodji, 6. årstrinn | Duodji, 7. årstrinn",Syvende årstrinn,status_publisert,"utforske og sette ord på hvordan duodji/duodje/duedtie, kunst og arkitektur kommuniserer stemninger, identitet og tilhørighet, og bruke symbolikk og farge til å uttrykke følelser og meninger i egne arbeider",,"utforske og sette ord på hvordan duodji/duodje/duedtie, kunst og arkitektur kommuniserer stemninger, identitet og tilhørighet, og bruke symbolikk og farge til å uttrykke følelser og meninger i egne arbeider",,nei,,KM1139
http://psi.udir.no/kl06/KM13669,KM13669,KHV02,03,Læreplan i duodji,"Duodji, 5. årstrinn | Duodji, 6. årstrinn | Duodji, 7. årstrinn",Syvende årstrinn,status_publisert,"presentere et mangfold av kles- og duodji-/duodje-/duedtietradisjoner i Sápmi/Sábme/Saepmie, og lage et produkt med inspirasjon fra egen kultur",,"presentere et mangfold av kles- og duodji-/duodje-/duedtietradisjoner i Sápmi/Sábme/Saepmie, og lage et produkt med inspirasjon fra egen kultur",,nei,,KM1126
http://psi.udir.no/kl06/KM13664,KM13664,KHV02,03,Læreplan i duodji,"Duodji, 5. årstrinn | Duodji, 6. årstrinn | Duodji, 7. årstrinn",Syvende årstrinn,status_publisert,"undersøke hvordan kjønnsroller vises i kulturelle uttrykk før og nå, og lage visuelle uttrykk som utfordrer stereotypier",,"undersøke hvordan kjønnsroller vises i kulturelle uttrykk før og nå, og lage visuelle uttrykk som utfordrer stereotypier",,nei,,KM1121
http://psi.udir.no/kl06/KM13670,KM13670,KHV02,03,Læreplan i duodji,"Duodji, 5. årstrinn | Duodji, 6. årstrinn | Duodji, 7. årstrinn",Syvende årstrinn,status_publisert,bruke programmering til å skape interaktivitet og visuelle uttrykk,,bruke programmering til å skape interaktivitet og visuelle uttrykk,,nei,,KM1127
http://psi.udir.no/kl06/KM13666,KM13666,KHV02,03,Læreplan i duodji,"Duodji, 5. årstrinn | Duodji, 6. årstrinn | Duodji, 7. årstrinn",Syvende årstrinn,status_publisert,"planlegge, dokumentere og presentere prosesser og produkter ved hjelp av digitale verktøy",,"planlegge, dokumentere og presentere prosesser og produkter ved hjelp av digitale verktøy",,nei,,KM1123
http://psi.udir.no/kl06/KM13673,KM13673,KHV02,03,Læreplan i duodji,"Duodji, 8. årstrinn | Duodji, 9. årstrinn | Duodji, 10. årstrinn",Tiende årstrinn,status_publisert,"utforske muligheter innenfor duodji-/duodje-/duedtie-teknikker og egnet teknologi for å reparere, bearbeide og sammenføye harde, plastiske og myke materialer",,"utforske muligheter innenfor duodji-/duodje-/duedtie-teknikker og egnet teknologi for å reparere, bearbeide og sammenføye harde, plastiske og myke materialer",,nei,,KM1130
http://psi.udir.no/kl06/KM13671,KM13671,KHV02,03,Læreplan i duodji,"Duodji, 8. årstrinn | Duodji, 9. årstrinn | Duodji, 10. årstrinn",Tiende årstrinn,status_publisert,"sanke og bearbeide naturmaterialer, vite hvor og når materialene kan hentes, og bruke materialene hensiktsmessig",,"sanke og bearbeide naturmaterialer, vite hvor og når materialene kan hentes, og bruke materialene hensiktsmessig",,nei,,KM1129
http://psi.udir.no/kl06/KM13676,KM13676,KHV02,03,Læreplan i duodji,"Duodji, 8. årstrinn | Duodji, 9. årstrinn | Duodji, 10. årstrinn",Tiende årstrinn,status_publisert,"vurdere materialers holdbarhet og muligheter for reparasjon, redesign og gjenbruk, og bruke ulike verktøy og materialer på en hensiktsmessig og miljøbevisst måte",,"vurdere materialers holdbarhet og muligheter for reparasjon, redesign og gjenbruk, og bruke ulike verktøy og materialer på en hensiktsmessig og miljøbevisst måte",,nei,,KM1133
http://psi.udir.no/kl06/KM13672,KM13672,KHV02,03,Læreplan i duodji,"Duodji, 8. årstrinn | Duodji, 9. årstrinn | Duodji, 10. årstrinn",Tiende årstrinn,status_publisert,bruke stegvise designprosesser for å duddjot/duodjuhit/vitnesjidh og kunne bruke samiske fagbegreper i arbeidet,,bruke stegvise designprosesser for å duddjot/duodjuhit/vitnesjidh og kunne bruke samiske fagbegreper i arbeidet,,nei,,KM1137
http://psi.udir.no/kl06/KM13679,KM13679,KHV02,03,Læreplan i duodji,"Duodji, 8. årstrinn | Duodji, 9. årstrinn | Duodji, 10. årstrinn",Tiende årstrinn,status_publisert,"visualisere form ved hjelp av frihåndstegninger, arbeidstegninger, modeller og digitale verktøy",,"visualisere form ved hjelp av frihåndstegninger, arbeidstegninger, modeller og digitale verktøy",,nei,,KM1136
http://psi.udir.no/kl06/KM13674,KM13674,KHV02,03,Læreplan i duodji,"Duodji, 8. årstrinn | Duodji, 9. årstrinn | Duodji, 10. årstrinn",Tiende årstrinn,status_publisert,analysere ornamentikk fra et tradisjonelt duodji-/duodje-/duedtie-produkt og eksperimentere med ulike visuelle uttrykk i en kunstnerisk prosess,,analysere ornamentikk fra et tradisjonelt duodji-/duodje-/duedtie-produkt og eksperimentere med ulike visuelle uttrykk i en kunstnerisk prosess,,nei,,KM1131
http://psi.udir.no/kl06/KM13675,KM13675,KHV02,03,Læreplan i duodji,"Duodji, 8. årstrinn | Duodji, 9. årstrinn | Duodji, 10. årstrinn",Tiende årstrinn,status_publisert,"reflektere over hvordan immateriell kulturarv gjenspeiles i duodji/duodje/duedtie, og eksperimentere med kulturelle referanser i eget skapende arbeid",,"reflektere over hvordan immateriell kulturarv gjenspeiles i duodji/duodje/duedtie, og eksperimentere med kulturelle referanser i eget skapende arbeid",,nei,,KM1132
http://psi.udir.no/kl06/KM13677,KM13677,KHV02,03,Læreplan i duodji,"Duodji, 8. årstrinn | Duodji, 9. årstrinn | Duodji, 10. årstrinn",Tiende årstrinn,status_publisert,"undersøke hvordan identitet og stedstilhørighet kommuniseres i arkitektur og gjenstander, og modellere arkitektoniske løsninger som ivaretar ulike behov og interesser",,"undersøke hvordan identitet og stedstilhørighet kommuniseres i arkitektur og gjenstander, og modellere arkitektoniske løsninger som ivaretar ulike behov og interesser",,nei,,KM1134
http://psi.udir.no/kl06/KM13678,KM13678,KHV02,03,Læreplan i duodji,"Duodji, 8. årstrinn | Duodji, 9. årstrinn | Duodji, 10. årstrinn",Tiende årstrinn,status_publisert,utforske hvordan digitale verktøy og ny teknologi kan gi muligheter for kommunikasjonsformer og opplevelser i skapende prosesser og produkter,,utforske hvordan digitale verktøy og ny teknologi kan gi muligheter for kommunikasjonsformer og opplevelser i skapende prosesser og produkter,,nei,,KM1135
http://psi.udir.no/kl06/KM13681,KM13681,KHV02,03,Læreplan i duodji,"Duodji, 8. årstrinn | Duodji, 9. årstrinn | Duodji, 10. årstrinn",Tiende årstrinn,status_publisert,"fordype seg i en visuell uttrykksform og/eller en duodji-/duodje-/duedtie-teknikk, utforske muligheter gjennom praktisk skapende arbeid og presentere valg fra idé til ferdig resultat",,"fordype seg i en visuell uttrykksform og/eller en duodji-/duodje-/duedtie-teknikk, utforske muligheter gjennom praktisk skapende arbeid og presentere valg fra idé til ferdig resultat",,nei,,KM1158
http://psi.udir.no/kl06/KM13680,KM13680,KHV02,03,Læreplan i duodji,"Duodji, 8. årstrinn | Duodji, 9. årstrinn | Duodji, 10. årstrinn",Tiende årstrinn,status_publisert,"undersøke hvordan dáidda/samisk kunst utfordrer, og skape kunstuttrykk som belyser utfordringer i egen samtid",,"undersøke hvordan dáidda/samisk kunst utfordrer, og skape kunstuttrykk som belyser utfordringer i egen samtid",,nei,,KM1138
http://psi.udir.no/kl06/KM13556,KM13556,KRO01,06,Læreplan i kroppsøving,Kroppsøving 1. årssteg | Kroppsøving 2. årssteg,Andre årstrinn,status_publisert,"utforske egen kroppslig bevegelse i lek og andre aktiviteter, alene og sammen med andre","utforske eigen kroppsleg bevegelse i leik og andre aktivitetar, åleine og saman med andre","utforske eigen kroppsleg bevegelse i leik og andre aktivitetar, åleine og saman med andre","explore one’s own bodily movement in play and other activities, alone and together with others",ja,,KM2029
http://psi.udir.no/kl06/KM13557,KM13557,KRO01,06,Læreplan i kroppsøving,Kroppsøving 1. årssteg | Kroppsøving 2. årssteg,Andre årstrinn,status_publisert,"utforske og gjennomføre grunnleggende bevegelser som å krype, gå, løpe, hinke, satse, lande, vende og rulle i ulike miljøer ut fra egne forutsetninger","utforske og gjennomføre grunnleggjande bevegelsar som å krype, gå, springe, hinke, satse, lande, vende og rulle i ulike miljø ut frå eigne føresetnader","utforske og gjennomføre grunnleggjande bevegelsar som å krype, gå, springe, hinke, satse, lande, vende og rulle i ulike miljø ut frå eigne føresetnader","explore and carry out basic movements such as to crawl, walk, run, hop on one leg, jump, land, turn and roll in different environments based on one’s own abilities",ja,,KM2060
http://psi.udir.no/kl06/KM13558,KM13558,KRO01,06,Læreplan i kroppsøving,Kroppsøving 1. årssteg | Kroppsøving 2. årssteg,Andre årstrinn,status_publisert,"øve på å avlevere, ta imot og leke med ulike redskaper og balltyper","øve på å avlevere, ta imot og leike med ulike reiskapar og balltypar","øve på å avlevere, ta imot og leike med ulike reiskapar og balltypar","practise in delivering, receiving and playing with different objects and types of ball",ja,,KM2061
http://psi.udir.no/kl06/KM13559,KM13559,KRO01,06,Læreplan i kroppsøving,Kroppsøving 1. årssteg | Kroppsøving 2. årssteg,Andre årstrinn,status_publisert,leke og være med sammen med andre i aktivitet i varierte bevegelsesmiljøer,leike og vere med saman med andre i aktivitet i varierte bevegelsesmiljø,leike og vere med saman med andre i aktivitet i varierte bevegelsesmiljø,play and interact with others in activities in a variety of movement environments,ja,,KM2062
http://psi.udir.no/kl06/KM13560,KM13560,KRO01,06,Læreplan i kroppsøving,Kroppsøving 1. årssteg | Kroppsøving 2. årssteg,Andre årstrinn,status_publisert,"leke og utføre grunnleggende øvelser med tilvenning til vann, som å dykke, flyte, gli, skape framdrift, hoppe uti og orientere seg i vann","leike og utføre grunnleggjande øvingar med tilvenning til vatn, som å dykke, flyte, gli, skape framdrift, hoppe uti og orientere seg i vatn","leike og utføre grunnleggjande øvingar med tilvenning til vatn, som å dykke, flyte, gli, skape framdrift, hoppe uti og orientere seg i vatn","play and perform basic exercises to get accustomed to water, such as to dive, float, glide, move through the water and jump into and orient oneself in water",ja,,KM2063
http://psi.udir.no/kl06/KM13561,KM13561,KRO01,06,Læreplan i kroppsøving,Kroppsøving 1. årssteg | Kroppsøving 2. årssteg,Andre årstrinn,status_publisert,forstå og praktisere enkle regler for samspill i ulike bevegelsesaktiviteter,forstå og praktisere enkle reglar for samspel i ulike bevegelsesaktivitetar,forstå og praktisere enkle reglar for samspel i ulike bevegelsesaktivitetar,understand and follow simple rules for interaction in various movement activities,ja,,KM2064
http://psi.udir.no/kl06/KM13562,KM13562,KRO01,06,Læreplan i kroppsøving,Kroppsøving 1. årssteg | Kroppsøving 2. årssteg,Andre årstrinn,status_publisert,utforske naturen i nærmiljøet med varierte aktiviteter til ulike årstider,utforske naturen i nærmiljøet med varierte aktivitetar til ulike årstider,utforske naturen i nærmiljøet med varierte aktivitetar til ulike årstider,explore nature in the local environment with a variety of activities in each of the seasons,ja,,KM2065
http://psi.udir.no/kl06/KM13563,KM13563,KRO01,06,Læreplan i kroppsøving,Kroppsøving 1. årssteg | Kroppsøving 2. årssteg,Andre årstrinn,status_publisert,forstå og praktisere turregler og bruke klær etter vær og forhold i naturen,forstå og praktisere turreglar og bruke klede etter vêr og forhold i naturen,forstå og praktisere turreglar og bruke klede etter vêr og forhold i naturen,understand and follow rules for hiking and wear the proper clothing according to the weather and outdoor conditions,ja,,KM2066
http://psi.udir.no/kl06/KM13564,KM13564,KRO01,06,Læreplan i kroppsøving,Kroppsøving 1. årssteg | Kroppsøving 2. årssteg,Andre årstrinn,status_publisert,øve på trygg ferdsel i trafikken,øve på trygg ferdsel i trafikken,øve på trygg ferdsel i trafikken,practise safe behaviour in traffic,ja,,KM2067
http://psi.udir.no/kl06/KM13565,KM13565,KRO01,06,Læreplan i kroppsøving,Kroppsøving 1. årssteg | Kroppsøving 2. årssteg,Andre årstrinn,status_publisert,øve på trygg ferdsel ved vann og på å tilkalle hjelp,øve på trygg ferdsel ved vatn og på å kunne tilkalle hjelp,øve på trygg ferdsel ved vatn og på å kunne tilkalle hjelp,practise safe behaviour when in the water and practise how to call for help,ja,,KM2068
http://psi.udir.no/kl06/KM13566,KM13566,KRO01,06,Læreplan i kroppsøving,Kroppsøving 3. årssteg | Kroppsøving 4. årssteg,Fjerde årstrinn,status_publisert,"utforske og gjennomføre leker, idrettsaktiviteter, danser og andre bevegelsesaktiviteter","utforske og gjennomføre leikar, idrettsaktivitetar, dansar og andre bevegelsesaktivitetar","utforske og gjennomføre leikar, idrettsaktivitetar, dansar og andre bevegelsesaktivitetar","explore and play games, take part in sports activities, dancing and other movement activities",ja,,KM2069
http://psi.udir.no/kl06/KM13567,KM13567,KRO01,06,Læreplan i kroppsøving,Kroppsøving 3. årssteg | Kroppsøving 4. årssteg,Fjerde årstrinn,status_publisert,bruke kroppen til å utforske aktiviteter og utvikle grunnleggende bevegelser,bruke kroppen til å utforske aktivitetar og utvikle grunnleggjande bevegelsar,bruke kroppen til å utforske aktivitetar og utvikle grunnleggjande bevegelsar,use one's body to explore activities and develop basic movements,ja,,KM2070
http://psi.udir.no/kl06/KM13568,KM13568,KRO01,06,Læreplan i kroppsøving,Kroppsøving 3. årssteg | Kroppsøving 4. årssteg,Fjerde årstrinn,status_publisert,"øve på og bruke basisferdigheter som å føre, kaste, sprette, sparke og ta imot ball i ulike bevegelsesaktiviteter","øve på og bruke basisferdigheiter som å føre, kaste, sprette, sparke og ta imot ball i ulike bevegelsesaktivitetar","øve på og bruke basisferdigheiter som å føre, kaste, sprette, sparke og ta imot ball i ulike bevegelsesaktivitetar","practise and use basic skills, such as running with, throwing, bouncing, kicking and catching a ball in various movement activities",ja,,KM2071
http://psi.udir.no/kl06/KM13569,KM13569,KRO01,06,Læreplan i kroppsøving,Kroppsøving 3. årssteg | Kroppsøving 4. årssteg,Fjerde årstrinn,status_publisert,"være svømmedyktig ved å falle uti på dypt vann, svømme 100 meter på magen, og underveis dykke ned og hente en gjenstand med hendene, stoppe og hvile i 3 minutter (og samtidig flyte på magen, orientere seg, rulle over og flyte på ryggen), og deretter svømme 100 meter på rygg og ta seg opp på land","vere symjedyktig ved å falle uti på djupt vatn, symje 100 meter på magen, og undervegs dykke ned og hente ein gjenstand med hendene, stoppe og kvile i 3 minutt (imens flyte på magen, orientere seg, rulle over, flyte på rygg), så symje 100 meter på rygg og ta seg opp på land","vere symjedyktig ved å falle uti på djupt vatn, symje 100 meter på magen, og undervegs dykke ned og hente ein gjenstand med hendene, stoppe og kvile i 3 minutt (imens flyte på magen, orientere seg, rulle over, flyte på rygg), så symje 100 meter på rygg og ta seg opp på land","show the ability to swim by falling into deep water, front stroke swimming 100 m, during which the pupil dives down and picks up an object with his or her hands, stopping and resting for three minutes (while keeping afloat on one's stomach, orienting oneself, rolling over, floating on one’s back), then swimming 100 m backstroke, and climbing ashore",ja,,KM2072
http://psi.udir.no/kl06/KM13570,KM13570,KRO01,06,Læreplan i kroppsøving,Kroppsøving 3. årssteg | Kroppsøving 4. årssteg,Fjerde årstrinn,status_publisert,forstå og bruke regler for samhandling i spill og bevegelsesaktiviteter,forstå og bruke reglar for samhandling i spel og bevegelsesaktivitetar,forstå og bruke reglar for samhandling i spel og bevegelsesaktivitetar,understand and follow rules for interaction in games and movement activities,ja,,KM2073
http://psi.udir.no/kl06/KM13571,KM13571,KRO01,06,Læreplan i kroppsøving,Kroppsøving 3. årssteg | Kroppsøving 4. årssteg,Fjerde årstrinn,status_publisert,"forstå kroppslig ulikhet mellom seg selv og andre, og inkludere andre i ulike bevegelsesaktiviteter","forstå kroppsleg ulikskap mellom seg sjølv og andre, og inkludere andre i ulike bevegelsesaktivitetar","forstå kroppsleg ulikskap mellom seg sjølv og andre, og inkludere andre i ulike bevegelsesaktivitetar","understand how one’s own body and others’ bodies are different, and include others in different movement activities",ja,,KM2074
http://psi.udir.no/kl06/KM13572,KM13572,KRO01,06,Læreplan i kroppsøving,Kroppsøving 3. årssteg | Kroppsøving 4. årssteg,Fjerde årstrinn,status_publisert,utforske uteaktiviteter og samarbeide med andre under vekslende årstider i nærmiljøet,utforske uteaktivitetar og samarbeide med andre under vekslande årstider i nærmiljøet,utforske uteaktivitetar og samarbeide med andre under vekslande årstider i nærmiljøet,explore outdoor activities and cooperate with others during the different seasons in the local environment,ja,,KM2075
http://psi.udir.no/kl06/KM13573,KM13573,KRO01,06,Læreplan i kroppsøving,Kroppsøving 3. årssteg | Kroppsøving 4. årssteg,Fjerde årstrinn,status_publisert,lage og bruke kart for å orientere seg i kjent terreng,lage og bruke kart for å orientere seg i kjent terreng,lage og bruke kart for å orientere seg i kjent terreng,make and use maps to orient oneself in familiar terrain,ja,,KM2076
http://psi.udir.no/kl06/KM13574,KM13574,KRO01,06,Læreplan i kroppsøving,Kroppsøving 3. årssteg | Kroppsøving 4. årssteg,Fjerde årstrinn,status_publisert,øve på trygg og sporløs ferdsel i naturen,øve på trygg og sporlaus ferdsel i naturen,øve på trygg og sporlaus ferdsel i naturen,practise safe and sustainable nature wandering,ja,,KM2077
http://psi.udir.no/kl06/KM13575,KM13575,KRO01,06,Læreplan i kroppsøving,Kroppsøving 3. årssteg | Kroppsøving 4. årssteg,Fjerde årstrinn,status_publisert,forstå og følge regler i trafikken,forstå og følgje reglar i trafikken,forstå og følgje reglar i trafikken,understand and follow traffic rules,ja,,KM2078
http://psi.udir.no/kl06/KM13576,KM13576,KRO01,06,Læreplan i kroppsøving,Kroppsøving 5. årssteg | Kroppsøving 6. årssteg | Kroppsøving 7. årssteg,Syvende årstrinn,status_publisert,utforske og gjennomføre lek og spill sammen med andre i ulike bevegelsesaktiviteter,utforske og gjennomføre leik og spel saman med andre i ulike bevegelsesaktivitetar,utforske og gjennomføre leik og spel saman med andre i ulike bevegelsesaktivitetar,"explore, play and play games, and play together with others in various movement activities",ja,,KM2079
http://psi.udir.no/kl06/KM13577,KM13577,KRO01,06,Læreplan i kroppsøving,Kroppsøving 5. årssteg | Kroppsøving 6. årssteg | Kroppsøving 7. årssteg,Syvende årstrinn,status_publisert,"øve på sammensatte bevegelser, alene og sammen med andre","øve på samansette bevegelsar, åleine og saman med andre","øve på samansette bevegelsar, åleine og saman med andre","practise complex movements, alone and together with others",ja,,KM2080
http://psi.udir.no/kl06/KM13578,KM13578,KRO01,06,Læreplan i kroppsøving,Kroppsøving 5. årssteg | Kroppsøving 6. årssteg | Kroppsøving 7. årssteg,Syvende årstrinn,status_publisert,"gjennomføre aktiviteter ut fra egne interesser og forutsetninger i dans, friluftsliv, idrettsaktiviteter og andre bevegelsesaktiviteter","gjennomføre aktivitetar ut frå eigne interesser og føresetnader i dans, friluftsliv, idrettsaktivitetar og andre bevegelsesaktivitetar","gjennomføre aktivitetar ut frå eigne interesser og føresetnader i dans, friluftsliv, idrettsaktivitetar og andre bevegelsesaktivitetar","take part in activities according to one’s own interests and abilities in dancing, outdoor life, sports activities and other movement activities",ja,,KM2081
http://psi.udir.no/kl06/KM13579,KM13579,KRO01,06,Læreplan i kroppsøving,Kroppsøving 5. årssteg | Kroppsøving 6. årssteg | Kroppsøving 7. årssteg,Syvende årstrinn,status_publisert,"bruke kart, digitale verktøy og tegn i naturen til å orientere seg i natur og nærmiljø","bruke kart, digitale verktøy og teikn i naturen til å orientere seg i natur og nærmiljø","bruke kart, digitale verktøy og teikn i naturen til å orientere seg i natur og nærmiljø","use maps, digital tools and signs in nature to orient oneself in nature and the local environment",ja,,KM2082
http://psi.udir.no/kl06/KM13580,KM13580,KRO01,06,Læreplan i kroppsøving,Kroppsøving 5. årssteg | Kroppsøving 6. årssteg | Kroppsøving 7. årssteg,Syvende årstrinn,status_publisert,forstå og praktisere regler for aktivitet og spill og respektere resultatene,forstå og praktisere reglar for aktivitet og spel og respektere resultata,forstå og praktisere reglar for aktivitet og spel og respektere resultata,understand and follow the rules for activities and games and respect the results,ja,,KM2083
http://psi.udir.no/kl06/KM13581,KM13581,KRO01,06,Læreplan i kroppsøving,Kroppsøving 5. årssteg | Kroppsøving 6. årssteg | Kroppsøving 7. årssteg,Syvende årstrinn,status_publisert,"forstå ulikheter mellom seg selv og andre og delta i bevegelsesaktiviteter som kan være tilpasset ikke bare egne forutsetninger, men også andres","forstå ulikskapar mellom seg sjølv og andre og delta i bevegelsesaktivitetar som kan vere tilpassa ikkje berre eigne føresetnader, men òg andre sine","forstå ulikskapar mellom seg sjølv og andre og delta i bevegelsesaktivitetar som kan vere tilpassa ikkje berre eigne føresetnader, men òg andre sine","understand the differences between oneself and others and participate in movement activities that may be adapted to the abilities of others, not only one's personal preferences",ja,,KM2084
http://psi.udir.no/kl06/KM13582,KM13582,KRO01,06,Læreplan i kroppsøving,Kroppsøving 5. årssteg | Kroppsøving 6. årssteg | Kroppsøving 7. årssteg,Syvende årstrinn,status_publisert,"utføre grunnleggende teknikker i svømming på magen, på ryggen og under vann","utføre grunnleggjande teknikkar i symjing på magen, på ryggen og under vatn","utføre grunnleggjande teknikkar i symjing på magen, på ryggen og under vatn","perform basic techniques in front stoke swimming, backstroke swimming and swimming under water",ja,,KM2085
http://psi.udir.no/kl06/KM13583,KM13583,KRO01,06,Læreplan i kroppsøving,Kroppsøving 5. årssteg | Kroppsøving 6. årssteg | Kroppsøving 7. årssteg,Syvende årstrinn,status_publisert,vurdere sikkerhet i uteaktivitet og naturferdsel og gjennomføre selvberging i vann,vurdere sikkerheit i uteaktivitet og naturferdsel og gjennomføre sjølvberging i vatn,vurdere sikkerheit i uteaktivitet og naturferdsel og gjennomføre sjølvberging i vatn,assess the safety of outdoor activities and nature wandering and learn self-rescue in water,ja,,KM2086
http://psi.udir.no/kl06/KM13584,KM13584,KRO01,06,Læreplan i kroppsøving,Kroppsøving 5. årssteg | Kroppsøving 6. årssteg | Kroppsøving 7. årssteg,Syvende årstrinn,status_publisert,bruke nærmiljøet og utforske lokale kulturer for friluftsliv,bruke nærmiljøet og utforske lokale kulturar for friluftsliv,bruke nærmiljøet og utforske lokale kulturar for friluftsliv,use the local environment and explore local outdoor life cultures,ja,,KM2059
http://psi.udir.no/kl06/KM13585,KM13585,KRO01,06,Læreplan i kroppsøving,Kroppsøving 5. årssteg | Kroppsøving 6. årssteg | Kroppsøving 7. årssteg,Syvende årstrinn,status_publisert,gjøre rede for allemannsretten under ferdsel og opphold i naturen,gjere greie for allemannsretten under ferdsel og opphald i naturen,gjere greie for allemannsretten under ferdsel og opphald i naturen,explain the public right of access in nature and behaviour in nature,ja,,KM2058
http://psi.udir.no/kl06/KM13586,KM13586,KRO01,06,Læreplan i kroppsøving,Kroppsøving 5. årssteg | Kroppsøving 6. årssteg | Kroppsøving 7. årssteg,Syvende årstrinn,status_publisert,gjennomføre overnattingstur og reflektere over egne naturopplevelser,gjennomføre overnattingstur og reflektere over eigne naturopplevingar,gjennomføre overnattingstur og reflektere over eigne naturopplevingar,go on overnight trips and reflect on one’s own experiences of nature,ja,,KM2057
http://psi.udir.no/kl06/KM13587,KM13587,KRO01,06,Læreplan i kroppsøving,Kroppsøving 8. årssteg | Kroppsøving 9. årssteg | Kroppsøving 10. årssteg,Tiende årstrinn,status_publisert,"utforske egne muligheter til trening, helse og velvære gjennom lek, dans, friluftsliv, idrettsaktiviteter og andre bevegelsesaktiviteter","utforske eigne moglegheiter til trening, helse og velvære gjennom leik, dans, friluftsliv, idrettsaktivitetar og andre bevegelsesaktivitetar","utforske eigne moglegheiter til trening, helse og velvære gjennom leik, dans, friluftsliv, idrettsaktivitetar og andre bevegelsesaktivitetar","explore one’s own opportunities for exercising, health and well-being through play, dancing, outdoor life, sports activities and other movement activities",ja,,KM2042
http://psi.udir.no/kl06/KM13588,KM13588,KRO01,06,Læreplan i kroppsøving,Kroppsøving 8. årssteg | Kroppsøving 9. årssteg | Kroppsøving 10. årssteg,Tiende årstrinn,status_publisert,trene på og utvikle ferdigheter i varierte bevegelsesaktiviteter,trene på og utvikle ferdigheiter i varierte bevegelsesaktivitetar,trene på og utvikle ferdigheiter i varierte bevegelsesaktivitetar,exercise and develop skills in a variety of movement activities,ja,,KM2030
http://psi.udir.no/kl06/KM13589,KM13589,KRO01,06,Læreplan i kroppsøving,Kroppsøving 8. årssteg | Kroppsøving 9. årssteg | Kroppsøving 10. årssteg,Tiende årstrinn,status_publisert,"øve på og gjennomføre danseaktiviteter fra ungdomskulturer og andre kulturer, og sammen med medelever skape og presentere dansekomposisjoner","øve på og gjennomføre danseaktivitetar frå ungdomskulturar og andre kulturar, og saman med medelevar skape og presentere dansekomposisjonar","øve på og gjennomføre danseaktivitetar frå ungdomskulturar og andre kulturar, og saman med medelevar skape og presentere dansekomposisjonar","practise and carry out dance activities from youth cultures and other cultures, and together with co-pupils create and present dance compositions",ja,,KM2031
http://psi.udir.no/kl06/KM13590,KM13590,KRO01,06,Læreplan i kroppsøving,Kroppsøving 8. årssteg | Kroppsøving 9. årssteg | Kroppsøving 10. årssteg,Tiende årstrinn,status_publisert,"reflektere over hvordan ulike framstillinger av kropp i media og samfunnet påvirker bevegelsesaktivitet, kroppsidentitet og selvbilde","reflektere over korleis ulike framstillingar av kropp i media og samfunnet påverkar bevegelsesaktivitet, kroppsidentitet og sjølvbilete","reflektere over korleis ulike framstillingar av kropp i media og samfunnet påverkar bevegelsesaktivitet, kroppsidentitet og sjølvbilete","reflect on how different presentations of the body in media and society affect movement activity, and how the pupil sees his or her body and self-image",ja,,KM2032
http://psi.udir.no/kl06/KM13591,KM13591,KRO01,06,Læreplan i kroppsøving,Kroppsøving 8. årssteg | Kroppsøving 9. årssteg | Kroppsøving 10. årssteg,Tiende årstrinn,status_publisert,planlegge og gjennomføre bevegelsesaktiviteter som kan gjennomføres ved skader eller sykdom,planleggje og gjennomføre bevegelsesaktivitetar som kan gjennomførast ved skadar eller sjukdom,planleggje og gjennomføre bevegelsesaktivitetar som kan gjennomførast ved skadar eller sjukdom,plan and perform movement activities that can be carried out in the case of injury or illness,ja,,KM2033
http://psi.udir.no/kl06/KM13592,KM13592,KRO01,06,Læreplan i kroppsøving,Kroppsøving 8. årssteg | Kroppsøving 9. årssteg | Kroppsøving 10. årssteg,Tiende årstrinn,status_publisert,bruke egne ferdigheter og kunnskaper på en slik måte at det kan medvirke til framgang for andre,bruke eigne ferdigheiter og kunnskapar på ein slik måte at det kan medverke til framgang for andre,bruke eigne ferdigheiter og kunnskapar på ein slik måte at det kan medverke til framgang for andre,use one’s own skills and knowledge in a way that might help others to have progress,ja,,KM2034
http://psi.udir.no/kl06/KM13593,KM13593,KRO01,06,Læreplan i kroppsøving,Kroppsøving 8. årssteg | Kroppsøving 9. årssteg | Kroppsøving 10. årssteg,Tiende årstrinn,status_publisert,"anerkjenne ulikhet mellom seg selv og andre i bevegelsesaktiviteter og inkludere alle, uavhengig av forutsetninger","anerkjenne ulikskap mellom seg sjølv og andre i bevegelsesaktivitetar og inkludere alle, uavhengig av føresetnader","anerkjenne ulikskap mellom seg sjølv og andre i bevegelsesaktivitetar og inkludere alle, uavhengig av føresetnader","recognise differences between oneself and others in movement activities and include everyone, regardless background and abilities",ja,,KM2035
http://psi.udir.no/kl06/KM13594,KM13594,KRO01,06,Læreplan i kroppsøving,Kroppsøving 8. årssteg | Kroppsøving 9. årssteg | Kroppsøving 10. årssteg,Tiende årstrinn,status_publisert,forstå flere typer kart og digitale verktøy og bruke dem til å orientere seg i kjente og ukjente miljøer,forstå fleire typer kart og digitale verktøy og bruke dei til å orientere seg i kjende og ukjende miljø,forstå fleire typer kart og digitale verktøy og bruke dei til å orientere seg i kjende og ukjende miljø,understand the use of several types of maps and digital tools and use them to orient oneself in familiar and unfamiliar terrain,ja,,KM2036
http://psi.udir.no/kl06/KM13598,KM13598,KRO01,06,Læreplan i kroppsøving,Kroppsøving 8. årssteg | Kroppsøving 9. årssteg | Kroppsøving 10. årssteg,Tiende årstrinn,status_publisert,utføre varierte svømmeteknikker og svømme en lengre distanse basert på egen målsetting,utføre varierte symjeteknikkar og kunne symje ein lengre distanse basert på eiga målsetjing,utføre varierte symjeteknikkar og kunne symje ein lengre distanse basert på eiga målsetjing,perform a variety of swimming techniques and be able to swim a long distance based on one’s own goals,ja,,KM2040
http://psi.udir.no/kl06/KM13595,KM13595,KRO01,06,Læreplan i kroppsøving,Kroppsøving 8. årssteg | Kroppsøving 9. årssteg | Kroppsøving 10. årssteg,Tiende årstrinn,status_publisert,"forstå og gjennomføre livredning i, på og ved vann ute i naturen","forstå og gjennomføre livberging i, på og ved vatn ute i naturen","forstå og gjennomføre livberging i, på og ved vatn ute i naturen","understand and perform lifesaving in, on and by water out in nature",ja,,KM2037
http://psi.udir.no/kl06/KM13599,KM13599,KRO01,06,Læreplan i kroppsøving,Kroppsøving 8. årssteg | Kroppsøving 9. årssteg | Kroppsøving 10. årssteg,Tiende årstrinn,status_publisert,forstå og gjennomføre livreddende førstehjelp,forstå og gjennomføre livreddande førstehjelp,forstå og gjennomføre livreddande førstehjelp,understand and perform lifesaving first aid,ja,,KM2041
http://psi.udir.no/kl06/KM13596,KM13596,KRO01,06,Læreplan i kroppsøving,Kroppsøving 8. årssteg | Kroppsøving 9. årssteg | Kroppsøving 10. årssteg,Tiende årstrinn,status_publisert,"gjennomføre friluftslivsaktiviteter til ulike årstider, også med overnatting ute, og reflektere over hva naturopplevelser kan bety for seg selv og andre","gjennomføre friluftsliv til ulike årstider, òg med overnatting ute, og reflektere over kva naturopplevingar kan ha å seie for ein sjølv og andre","gjennomføre friluftsliv til ulike årstider, òg med overnatting ute, og reflektere over kva naturopplevingar kan ha å seie for ein sjølv og andre","practise outdoor life in all the seasons, including camping out, and reflect on what experiences in nature may mean for oneself and others",ja,,KM2038
http://psi.udir.no/kl06/KM13597,KM13597,KRO01,06,Læreplan i kroppsøving,Kroppsøving 8. årssteg | Kroppsøving 9. årssteg | Kroppsøving 10. årssteg,Tiende årstrinn,status_publisert,"vurdere risiko og sikkerhet ved ulike uteaktiviteter, og forstå og gjennomføre sporløs og trygg ferdsel","vurdere risiko og tryggleik ved ulike uteaktivitetar, forstå og gjennomføre sporlaus og trygg ferdsel","vurdere risiko og tryggleik ved ulike uteaktivitetar, forstå og gjennomføre sporlaus og trygg ferdsel","assess the risk and safety of a variety of outdoor activities, understand and carry out sustainable and safe nature wandering",ja,,KM2039
http://psi.udir.no/kl06/KM13616,KM13616,MHE01,03,Læreplan i mat og helse,"Mat og helse, 1. årstrinn | Mat og helse, 2. årstrinn | Mat og helse, 3. årstrinn | Mat og helse, 4. årstrinn",Fjerde årstrinn,status_publisert,følge prinsipper for god hygiene i forbindelse med matlaging,følgje prinsipp for god hygiene i samband med matlaging,følgje prinsipp for god hygiene i samband med matlaging,follow the principles of food hygiene when cooking,ja,,KM1760
http://psi.udir.no/kl06/KM13621,KM13621,MHE01,03,Læreplan i mat og helse,"Mat og helse, 1. årstrinn | Mat og helse, 2. årstrinn | Mat og helse, 3. årstrinn | Mat og helse, 4. årstrinn",Fjerde årstrinn,status_publisert,"bruke redskaper, rom- og vektmål og enkle teknikker i forbindelse med matlaging","bruke reiskap, rom- og vektmål og enkle teknikkar i samband med matlaging","bruke reiskap, rom- og vektmål og enkle teknikkar i samband med matlaging","use utensils, simple cooking techniques, and mass and volume measurements",ja,,KM1780
http://psi.udir.no/kl06/KM13622,KM13622,MHE01,03,Læreplan i mat og helse,"Mat og helse, 1. årstrinn | Mat og helse, 2. årstrinn | Mat og helse, 3. årstrinn | Mat og helse, 4. årstrinn",Fjerde årstrinn,status_publisert,kjenne igjen smaker i mat og undre seg over hvorfor smak er noe vi opplever ulikt,kjenne att smakar i mat og undre seg over kvifor smak er noko vi opplever ulikt,kjenne att smakar i mat og undre seg over kvifor smak er noko vi opplever ulikt,recognise flavours in foods and question why we taste them differently,ja,,KM1779
http://psi.udir.no/kl06/KM13623,KM13623,MHE01,03,Læreplan i mat og helse,"Mat og helse, 1. årstrinn | Mat og helse, 2. årstrinn | Mat og helse, 3. årstrinn | Mat og helse, 4. årstrinn",Fjerde årstrinn,status_publisert,"fortelle om hva som kjennetegner sunn og variert mat, og hvorfor det er viktig for helsen",fortelje om kva som kjenneteiknar sunn og variert mat og kvifor det er viktig for helsa,fortelje om kva som kjenneteiknar sunn og variert mat og kvifor det er viktig for helsa,describe the characteristics of healthy and a wide variety of food and why they are important to health,ja,,KM1778
http://psi.udir.no/kl06/KM13617,KM13617,MHE01,03,Læreplan i mat og helse,"Mat og helse, 1. årstrinn | Mat og helse, 2. årstrinn | Mat og helse, 3. årstrinn | Mat og helse, 4. årstrinn",Fjerde årstrinn,status_publisert,utnytte lokale matvarer i matlaging og presentere leddene i produksjonskjeden fra råvare til måltid,utnytte lokale matvarer i matlaging og presentere ledda i produksjonskjeda frå råvare til måltid,utnytte lokale matvarer i matlaging og presentere ledda i produksjonskjeda frå råvare til måltid,utilise local foods in cooking and present the parts of the supply chain from raw ingredients to meals,ja,,KM1784
http://psi.udir.no/kl06/KM13618,KM13618,MHE01,03,Læreplan i mat og helse,"Mat og helse, 1. årstrinn | Mat og helse, 2. årstrinn | Mat og helse, 3. årstrinn | Mat og helse, 4. årstrinn",Fjerde årstrinn,status_publisert,sortere avfall i forbindelse med matlaging og forklare hvorfor det er viktig å gjøre det,sortere avfall i samband med matlaging og forklare kvifor det er viktig å gjere det,sortere avfall i samband med matlaging og forklare kvifor det er viktig å gjere det,sort food waste and explain why it is important,ja,,KM1783
http://psi.udir.no/kl06/KM13619,KM13619,MHE01,03,Læreplan i mat og helse,"Mat og helse, 1. årstrinn | Mat og helse, 2. årstrinn | Mat og helse, 3. årstrinn | Mat og helse, 4. årstrinn",Fjerde årstrinn,status_publisert,lage enkle måltider og bidra til å skape en trivelig ramme rundt måltider sammen med andre,lage enkle måltid og bidra til å skape ei triveleg ramme rundt måltid saman med andre,lage enkle måltid og bidra til å skape ei triveleg ramme rundt måltid saman med andre,create simple meals and help create a pleasant frame around meals with others,ja,,KM1782
http://psi.udir.no/kl06/KM13624,KM13624,MHE01,03,Læreplan i mat og helse,"Mat og helse, 1. årstrinn | Mat og helse, 2. årstrinn | Mat og helse, 3. årstrinn | Mat og helse, 4. årstrinn",Fjerde årstrinn,status_publisert,"samtale om måltidsskikker fra norsk og samisk kultur og fra andre kulturer, og om verdien av å spise sammen med andre","samtale om måltidsskikkar frå norsk og samisk kultur og frå andre kulturar, og om verdien av å ete saman med andre","samtale om måltidsskikkar frå norsk og samisk kultur og frå andre kulturar, og om verdien av å ete saman med andre","talk about food customs in Norway, Samiland and other cultures and the value of eating with others",ja,,KM1777
http://psi.udir.no/kl06/KM13620,KM13620,MHE01,03,Læreplan i mat og helse,"Mat og helse, 1. årstrinn | Mat og helse, 2. årstrinn | Mat og helse, 3. årstrinn | Mat og helse, 4. årstrinn",Fjerde årstrinn,status_publisert,samtale om hvordan skolemåltidet kan bidra til en god skolehverdag,samtale om korleis skulemåltidet kan bidra til ein god skulekvardag,samtale om korleis skulemåltidet kan bidra til ein god skulekvardag,talk about how school meals may contribute to having a good day at school,ja,,KM1781
http://psi.udir.no/kl06/KM13625,KM13625,MHE01,03,Læreplan i mat og helse,"Mat og helse, 5. årstrinn | Mat og helse, 6. årstrinn | Mat og helse, 7. årstrinn",Syvende årstrinn,status_publisert,"bruke redskaper, grunnleggende teknikker og matlagingsmetoder til å lage trygg og bærekraftig mat som gir grunnlag for god helse","bruke reiskap, grunnleggjande teknikkar og matlagingsmetodar til å lage trygg og berekraftig mat som gir grunnlag for god helse","bruke reiskap, grunnleggjande teknikkar og matlagingsmetodar til å lage trygg og berekraftig mat som gir grunnlag for god helse","to use utensils, basic techniques and cooking methods to make safe and sustainable food that lays the foundation for good health",ja,,KM1776
http://psi.udir.no/kl06/KM13634,KM13634,MHE01,03,Læreplan i mat og helse,"Mat og helse, 5. årstrinn | Mat og helse, 6. årstrinn | Mat og helse, 7. årstrinn",Syvende årstrinn,status_publisert,bruke sansene til å utforske og vurdere matens smak og tekstur og til å utforske anretning av mat,bruke sansane til å utforske og vurdere matens smak og tekstur og til å utforske anretning av mat,bruke sansane til å utforske og vurdere matens smak og tekstur og til å utforske anretning av mat,"use their senses to explore and assess the flavour of food and texture, and explore food preparation",ja,,KM1767
http://psi.udir.no/kl06/KM13627,KM13627,MHE01,03,Læreplan i mat og helse,"Mat og helse, 5. årstrinn | Mat og helse, 6. årstrinn | Mat og helse, 7. årstrinn",Syvende årstrinn,status_publisert,kjenne igjen og gjøre rede for grunnsmaker i matvarer og fortelle om og diskutere hvordan smak kan påvirke matpreferanser og matvalg,kjenne att og greie ut om grunnsmakar i matvarer og fortelje om og diskutere korleis smak kan påverke matpreferansar og matval,kjenne att og greie ut om grunnsmakar i matvarer og fortelje om og diskutere korleis smak kan påverke matpreferansar og matval,"recognise and describe the basic flavours in foods, and explain and discuss how flavours can affect food preferences and food choices",ja,,KM1774
http://psi.udir.no/kl06/KM13626,KM13626,MHE01,03,Læreplan i mat og helse,"Mat og helse, 5. årstrinn | Mat og helse, 6. årstrinn | Mat og helse, 7. årstrinn",Syvende årstrinn,status_publisert,bruke oppskrifter i matlaging og regne ut og vurdere mengden i porsjonene både med og uten bruk av digitale ressurser,bruke oppskrifter i matlaging og rekne ut og vurdere mengda i porsjonane både med og utan bruk av digitale ressursar,bruke oppskrifter i matlaging og rekne ut og vurdere mengda i porsjonane både med og utan bruk av digitale ressursar,use recipes in cooking and calculate and assess the volume of portions both with and without using digital resources,ja,,KM1775
http://psi.udir.no/kl06/KM13628,KM13628,MHE01,03,Læreplan i mat og helse,"Mat og helse, 5. årstrinn | Mat og helse, 6. årstrinn | Mat og helse, 7. årstrinn",Syvende årstrinn,status_publisert,vise sammenhenger mellom matvaregrupper og næringsstoffer som er viktige for god helse,vise samanhengar mellom matvaregrupper og næringsstoff som er viktige for god helse,vise samanhengar mellom matvaregrupper og næringsstoff som er viktige for god helse,demonstrate the relationship between food groups and nutrients important for good health,ja,,KM1785
http://psi.udir.no/kl06/KM13629,KM13629,MHE01,03,Læreplan i mat og helse,"Mat og helse, 5. årstrinn | Mat og helse, 6. årstrinn | Mat og helse, 7. årstrinn",Syvende årstrinn,status_publisert,"bruke matmerking og kostmodeller til å sette sammen et sunt, variert og bærekraftig kosthold og reflektere over valgene sine","bruke matmerking og kostmodellar til å setje saman eit sunt, variert og berekraftig kosthald og reflektere rundt vala sine","bruke matmerking og kostmodellar til å setje saman eit sunt, variert og berekraftig kosthald og reflektere rundt vala sine","use food labelling and dietary models to put together a healthy, varied and sustainable diet and reflect on their choices",ja,,KM1773
http://psi.udir.no/kl06/KM13630,KM13630,MHE01,03,Læreplan i mat og helse,"Mat og helse, 5. årstrinn | Mat og helse, 6. årstrinn | Mat og helse, 7. årstrinn",Syvende årstrinn,status_publisert,bruke digitale ressurser til å sammenligne og drøfte produktinformasjon og reklame i ulike medier,bruke digitale ressursar til å samanlikne og drøfte produktinformasjon og reklame i ulike medium,bruke digitale ressursar til å samanlikne og drøfte produktinformasjon og reklame i ulike medium,use digital resources to compare and discuss product information and advertisements in various media,ja,,KM1771
http://psi.udir.no/kl06/KM13631,KM13631,MHE01,03,Læreplan i mat og helse,"Mat og helse, 5. årstrinn | Mat og helse, 6. årstrinn | Mat og helse, 7. årstrinn",Syvende årstrinn,status_publisert,utnytte matvarer og rester fra matlaging og reflektere over eget matforbruk,utnytte matvarer og restar frå matlaging og reflektere over eige matforbruk,utnytte matvarer og restar frå matlaging og reflektere over eige matforbruk,"use food and leftovers, and reflect on their own food consumption",ja,,KM1770
http://psi.udir.no/kl06/KM13632,KM13632,MHE01,03,Læreplan i mat og helse,"Mat og helse, 5. årstrinn | Mat og helse, 6. årstrinn | Mat og helse, 7. årstrinn",Syvende årstrinn,status_publisert,utforske og presentere tradisjonelle norske og samiske metoder for å konservere mat og fortelle om råvarene som blir konservert,utforske og presentere tradisjonelle norske og samiske metodar for å konservere mat på og kunne fortelje om råvarene som blir konserverte,utforske og presentere tradisjonelle norske og samiske metodar for å konservere mat på og kunne fortelje om råvarene som blir konserverte,explore and present traditional Norwegian and Sami food preservation methods and talk about the raw ingredients that are preserved,ja,,KM1769
http://psi.udir.no/kl06/KM13633,KM13633,MHE01,03,Læreplan i mat og helse,"Mat og helse, 5. årstrinn | Mat og helse, 6. årstrinn | Mat og helse, 7. årstrinn",Syvende årstrinn,status_publisert,lage måltider fra ulike kulturer og fortelle om og utforske hvordan sosialt fellesskap og samhandling kan være med på å styrke god helse,lage måltid frå ulike kulturar og fortelje om og utforske korleis sosialt fellesskap og samhandling kan vere med på å styrkje god helse,lage måltid frå ulike kulturar og fortelje om og utforske korleis sosialt fellesskap og samhandling kan vere med på å styrkje god helse,"make meals from different cultures, and describe and explore how a social community and interaction may contribute to improved health",ja,,KM1768
http://psi.udir.no/kl06/KM13635,KM13635,MHE01,03,Læreplan i mat og helse,"Mat og helse, 8. årstrinn | Mat og helse, 9. årstrinn | Mat og helse, 10. årstrinn",Tiende årstrinn,status_publisert,"planlegge og bruke egnede redskaper, teknikker og matlagingsmetoder til å lage trygg og bærekraftig mat som gir grunnlag for god helse","planleggje og bruke eigna reiskap, teknikkar og matlagingsmetodar til å lage trygg og berekraftig mat som gir grunnlag for god helse","planleggje og bruke eigna reiskap, teknikkar og matlagingsmetodar til å lage trygg og berekraftig mat som gir grunnlag for god helse","plan and use suitable utensils, techniques and cooking methods to create safe and sustainable food that lays the foundation for good health",ja,,KM1766
http://psi.udir.no/kl06/KM13636,KM13636,MHE01,03,Læreplan i mat og helse,"Mat og helse, 8. årstrinn | Mat og helse, 9. årstrinn | Mat og helse, 10. årstrinn",Tiende årstrinn,status_publisert,"bruke sansene til å vurdere kvaliteten på matvarer, utforske og kombinere smaker i matlagingen og forbedre oppskrifter, menyer og anretning av mat","bruke sansane til å vurdere kvaliteten på matvarer, utforske og kombinere smakar i matlaginga og forbetre oppskrifter, menyar og anretning av mat","bruke sansane til å vurdere kvaliteten på matvarer, utforske og kombinere smakar i matlaginga og forbetre oppskrifter, menyar og anretning av mat","use their senses to assess the quality of foods, explore and combine flavours in cooking and improve recipes, menus and food preparation",ja,,KM1765
http://psi.udir.no/kl06/KM13637,KM13637,MHE01,03,Læreplan i mat og helse,"Mat og helse, 8. årstrinn | Mat og helse, 9. årstrinn | Mat og helse, 10. årstrinn",Tiende årstrinn,status_publisert,"drøfte hvordan kosthold kan bidra til god helse, og bruke digitale ressurser til å vurdere eget kosthold og til å velge sunne og varierte matvarer i forbindelse med matlaging","drøfte korleis kosthald kan bidra til god helse, og bruke digitale ressursar til å vurdere eige kosthald og til å velje sunne og varierte matvarer i samband med matlaging","drøfte korleis kosthald kan bidra til god helse, og bruke digitale ressursar til å vurdere eige kosthald og til å velje sunne og varierte matvarer i samband med matlaging","discuss how diet may contribute to good health, and use digital resources to assess their own diet and to choose healthy and a variety of different foods when cooking",ja,,KM1764
http://psi.udir.no/kl06/KM13638,KM13638,MHE01,03,Læreplan i mat og helse,"Mat og helse, 8. årstrinn | Mat og helse, 9. årstrinn | Mat og helse, 10. årstrinn",Tiende årstrinn,status_publisert,"gjøre rede for og kritisk vurdere påstander, råd og informasjon om kosthold og helse","gjere greie for og kritisk vurdere påstandar, råd og informasjon om kosthald og helse","gjere greie for og kritisk vurdere påstandar, råd og informasjon om kosthald og helse","describe and critically assess claims, advice and information about diet and health",ja,,KM1763
http://psi.udir.no/kl06/KM13639,KM13639,MHE01,03,Læreplan i mat og helse,"Mat og helse, 8. årstrinn | Mat og helse, 9. årstrinn | Mat og helse, 10. årstrinn",Tiende årstrinn,status_publisert,kritisk vurdere informasjon om matproduksjon og drøfte hvordan forbrukermakt kan påvirke lokal og global matproduksjon,kritisk vurdere informasjon om matproduksjon og drøfte korleis forbrukarmakt kan påverke lokal og global matproduksjon,kritisk vurdere informasjon om matproduksjon og drøfte korleis forbrukarmakt kan påverke lokal og global matproduksjon,critically assess information about food production and discuss how consumer power can impact local and global food production,ja,,KM1762
http://psi.udir.no/kl06/KM13640,KM13640,MHE01,03,Læreplan i mat og helse,"Mat og helse, 8. årstrinn | Mat og helse, 9. årstrinn | Mat og helse, 10. årstrinn",Tiende årstrinn,status_publisert,"utforske klimaavtrykket til matvarer og gjøre rede for hvordan matvalg og matforbruk kan påvirke miljøet, klimaet og matsikkerheten","utforske klimaavtrykket til matvarer og gjere greie for korleis matval og matforbruk kan påverke miljøet, klimaet og matsikkerheita","utforske klimaavtrykket til matvarer og gjere greie for korleis matval og matforbruk kan påverke miljøet, klimaet og matsikkerheita","explore the carbon footprint of foods, and describe how food choices and food consumption may impact the environment, climate and food safety",ja,,KM1761
http://psi.udir.no/kl06/KM13641,KM13641,MHE01,03,Læreplan i mat og helse,"Mat og helse, 8. årstrinn | Mat og helse, 9. årstrinn | Mat og helse, 10. årstrinn",Tiende årstrinn,status_publisert,lage mat fra norsk og samisk kultur og fra andre kulturer og sammenligne og utforske råvarer og matlagingsmetoder som brukes i ulike matkulturer,lage mat frå norsk og samisk kultur og frå andre kulturar og samanlikne og utforske råvarer og matlagingsmetodar som blir brukte i ulike matkulturar,lage mat frå norsk og samisk kultur og frå andre kulturar og samanlikne og utforske råvarer og matlagingsmetodar som blir brukte i ulike matkulturar,"make food from Norway, Samiland and other cultures, and compare and explore raw ingredients and cooking methods used in different food cultures",ja,,KM1772
http://psi.udir.no/kl06/KM13642,KM13642,MHE01,03,Læreplan i mat og helse,"Mat og helse, 8. årstrinn | Mat og helse, 9. årstrinn | Mat og helse, 10. årstrinn",Tiende årstrinn,status_publisert,vise gjennom matlaging og måltider hvordan identitet og fellesskap blir formidlet i ulike kulturer,vise gjennom matlaging og måltid korleis identitet og fellesskap blir formidla i ulike kulturar,vise gjennom matlaging og måltid korleis identitet og fellesskap blir formidla i ulike kulturar,demonstrate how cooking and meals convey identity and community in different cultures,ja,,KM1786
http://psi.udir.no/kl06/KM13682,KM13682,MHE02,03,"Læreplan i mat og helse, samisk plan","Mat og helse, samisk plan, 1. årstrinn | Mat og helse, samisk plan, 2. årstrinn | Mat og helse, samisk plan, 3. årstrinn | Mat og helse, samisk plan, 4. årstrinn",Fjerde årstrinn,status_publisert,følge prinsipper for god hygiene i forbindelse med matlaging,,følge prinsipper for god hygiene i forbindelse med matlaging,,nei,,KM1999
http://psi.udir.no/kl06/KM13688,KM13688,MHE02,03,"Læreplan i mat og helse, samisk plan","Mat og helse, samisk plan, 1. årstrinn | Mat og helse, samisk plan, 2. årstrinn | Mat og helse, samisk plan, 3. årstrinn | Mat og helse, samisk plan, 4. årstrinn",Fjerde årstrinn,status_publisert,"bruke redskaper, rom- og vektmål og enkle teknikker i forbindelse med matlaging",,"bruke redskaper, rom- og vektmål og enkle teknikker i forbindelse med matlaging",,nei,,KM2021
http://psi.udir.no/kl06/KM13689,KM13689,MHE02,03,"Læreplan i mat og helse, samisk plan","Mat og helse, samisk plan, 1. årstrinn | Mat og helse, samisk plan, 2. årstrinn | Mat og helse, samisk plan, 3. årstrinn | Mat og helse, samisk plan, 4. årstrinn",Fjerde årstrinn,status_publisert,kjenne igjen smaker i mat og undre seg over hvorfor smak er noe vi opplever ulikt,,kjenne igjen smaker i mat og undre seg over hvorfor smak er noe vi opplever ulikt,,nei,,KM2020
http://psi.udir.no/kl06/KM13690,KM13690,MHE02,03,"Læreplan i mat og helse, samisk plan","Mat og helse, samisk plan, 1. årstrinn | Mat og helse, samisk plan, 2. årstrinn | Mat og helse, samisk plan, 3. årstrinn | Mat og helse, samisk plan, 4. årstrinn",Fjerde årstrinn,status_publisert,fortelle om hva som kjennetegner sunn og variert mat og hvorfor det er viktig for helsen,,fortelle om hva som kjennetegner sunn og variert mat og hvorfor det er viktig for helsen,,nei,,KM2019
http://psi.udir.no/kl06/KM13683,KM13683,MHE02,03,"Læreplan i mat og helse, samisk plan","Mat og helse, samisk plan, 1. årstrinn | Mat og helse, samisk plan, 2. årstrinn | Mat og helse, samisk plan, 3. årstrinn | Mat og helse, samisk plan, 4. årstrinn",Fjerde årstrinn,status_publisert,delta i høsting av lokale matvarer og i dyrking av mat for bruk i matlaging,,delta i høsting av lokale matvarer og i dyrking av mat for bruk i matlaging,,nei,,KM2026
http://psi.udir.no/kl06/KM13684,KM13684,MHE02,03,"Læreplan i mat og helse, samisk plan","Mat og helse, samisk plan, 1. årstrinn | Mat og helse, samisk plan, 2. årstrinn | Mat og helse, samisk plan, 3. årstrinn | Mat og helse, samisk plan, 4. årstrinn",Fjerde årstrinn,status_publisert,utnytte lokale matvarer i matlaging og presentere leddene i produksjonskjeden fra råvare til måltid,,utnytte lokale matvarer i matlaging og presentere leddene i produksjonskjeden fra råvare til måltid,,nei,,KM2025
http://psi.udir.no/kl06/KM13685,KM13685,MHE02,03,"Læreplan i mat og helse, samisk plan","Mat og helse, samisk plan, 1. årstrinn | Mat og helse, samisk plan, 2. årstrinn | Mat og helse, samisk plan, 3. årstrinn | Mat og helse, samisk plan, 4. årstrinn",Fjerde årstrinn,status_publisert,"ta vare på maten, forklare hvorfor det er viktig å gjøre det og fortelle om tradisjonelle måter å behandle organisk avfall på",,"ta vare på maten, forklare hvorfor det er viktig å gjøre det og fortelle om tradisjonelle måter å behandle organisk avfall på",,nei,,KM2024
http://psi.udir.no/kl06/KM13686,KM13686,MHE02,03,"Læreplan i mat og helse, samisk plan","Mat og helse, samisk plan, 1. årstrinn | Mat og helse, samisk plan, 2. årstrinn | Mat og helse, samisk plan, 3. årstrinn | Mat og helse, samisk plan, 4. årstrinn",Fjerde årstrinn,status_publisert,gjennomføre måltider rundt et bål og andre tradisjonelle arenaer og bruke fortellinger til å reflektere over sikkerhet og hensyn til naturen,,gjennomføre måltider rundt et bål og andre tradisjonelle arenaer og bruke fortellinger til å reflektere over sikkerhet og hensyn til naturen,,nei,,KM2023
http://psi.udir.no/kl06/KM13687,KM13687,MHE02,03,"Læreplan i mat og helse, samisk plan","Mat og helse, samisk plan, 1. årstrinn | Mat og helse, samisk plan, 2. årstrinn | Mat og helse, samisk plan, 3. årstrinn | Mat og helse, samisk plan, 4. årstrinn",Fjerde årstrinn,status_publisert,"lage enkle og varierte måltider og samtale om måltidsskikker fra norsk og samisk kultur og fra andre kulturer, og om verdien av å spise sammen med andre",,"lage enkle og varierte måltider og samtale om måltidsskikker fra norsk og samisk kultur og fra andre kulturer, og om verdien av å spise sammen med andre",,nei,,KM2022
http://psi.udir.no/kl06/KM13691,KM13691,MHE02,03,"Læreplan i mat og helse, samisk plan","Mat og helse, samisk plan, 5. årstrinn | Mat og helse, samisk plan, 6. årstrinn | Mat og helse, samisk plan, 7. årstrinn",Syvende årstrinn,status_publisert,"bruke redskaper, grunnleggende teknikker og matlagingsmetoder til å lage trygg og bærekraftig mat som gir grunnlag for god helse",,"bruke redskaper, grunnleggende teknikker og matlagingsmetoder til å lage trygg og bærekraftig mat som gir grunnlag for god helse",,nei,,KM2018
http://psi.udir.no/kl06/KM13701,KM13701,MHE02,03,"Læreplan i mat og helse, samisk plan","Mat og helse, samisk plan, 5. årstrinn | Mat og helse, samisk plan, 6. årstrinn | Mat og helse, samisk plan, 7. årstrinn",Syvende årstrinn,status_publisert,bruke sansene til å utforske og vurdere matens smak og tekstur og til å utforske anretning av mat,,bruke sansene til å utforske og vurdere matens smak og tekstur og til å utforske anretning av mat,,nei,,KM2008
http://psi.udir.no/kl06/KM13693,KM13693,MHE02,03,"Læreplan i mat og helse, samisk plan","Mat og helse, samisk plan, 5. årstrinn | Mat og helse, samisk plan, 6. årstrinn | Mat og helse, samisk plan, 7. årstrinn",Syvende årstrinn,status_publisert,kjenne igjen og beskrive grunnsmaker og utforske og diskutere hvordan smak kan påvirke matpreferanser og matvalg,,kjenne igjen og beskrive grunnsmaker og utforske og diskutere hvordan smak kan påvirke matpreferanser og matvalg,,nei,,KM2016
http://psi.udir.no/kl06/KM13692,KM13692,MHE02,03,"Læreplan i mat og helse, samisk plan","Mat og helse, samisk plan, 5. årstrinn | Mat og helse, samisk plan, 6. årstrinn | Mat og helse, samisk plan, 7. årstrinn",Syvende årstrinn,status_publisert,"bruke oppskrifter i matlaging, også muntlige, og regne ut og vurdere mengden i porsjonene, både med og uten bruk av digitale ressurser",,"bruke oppskrifter i matlaging, også muntlige, og regne ut og vurdere mengden i porsjonene, både med og uten bruk av digitale ressurser",,nei,,KM2017
http://psi.udir.no/kl06/KM13694,KM13694,MHE02,03,"Læreplan i mat og helse, samisk plan","Mat og helse, samisk plan, 5. årstrinn | Mat og helse, samisk plan, 6. årstrinn | Mat og helse, samisk plan, 7. årstrinn",Syvende årstrinn,status_publisert,vise sammenhenger mellom matvaregrupper og næringsstoffer som er viktige for god helse,,vise sammenhenger mellom matvaregrupper og næringsstoffer som er viktige for god helse,,nei,,KM2015
http://psi.udir.no/kl06/KM13699,KM13699,MHE02,03,"Læreplan i mat og helse, samisk plan","Mat og helse, samisk plan, 5. årstrinn | Mat og helse, samisk plan, 6. årstrinn | Mat og helse, samisk plan, 7. årstrinn",Syvende årstrinn,status_publisert,"bruke matmerking og kostmodeller til å sette sammen et sunt, variert og bærekraftig kosthold og reflektere rundt valgene sine",,"bruke matmerking og kostmodeller til å sette sammen et sunt, variert og bærekraftig kosthold og reflektere rundt valgene sine",,nei,,KM2010
http://psi.udir.no/kl06/KM13695,KM13695,MHE02,03,"Læreplan i mat og helse, samisk plan","Mat og helse, samisk plan, 5. årstrinn | Mat og helse, samisk plan, 6. årstrinn | Mat og helse, samisk plan, 7. årstrinn",Syvende årstrinn,status_publisert,bruke digitale ressurser til å sammenligne og drøfte produktinformasjon og reklame i ulike medier,,bruke digitale ressurser til å sammenligne og drøfte produktinformasjon og reklame i ulike medier,,nei,,KM2014
http://psi.udir.no/kl06/KM13696,KM13696,MHE02,03,"Læreplan i mat og helse, samisk plan","Mat og helse, samisk plan, 5. årstrinn | Mat og helse, samisk plan, 6. årstrinn | Mat og helse, samisk plan, 7. årstrinn",Syvende årstrinn,status_publisert,"ta vare på, bearbeide og utnytte råvarer på en bærekraftig måte",,"ta vare på, bearbeide og utnytte råvarer på en bærekraftig måte",,nei,,KM2013
http://psi.udir.no/kl06/KM13700,KM13700,MHE02,03,"Læreplan i mat og helse, samisk plan","Mat og helse, samisk plan, 5. årstrinn | Mat og helse, samisk plan, 6. årstrinn | Mat og helse, samisk plan, 7. årstrinn",Syvende årstrinn,status_publisert,bruke tradisjonell kunnskap om matforbruk og reflektere over eget matforbruk,,bruke tradisjonell kunnskap om matforbruk og reflektere over eget matforbruk,,nei,,KM2009
http://psi.udir.no/kl06/KM13697,KM13697,MHE02,03,"Læreplan i mat og helse, samisk plan","Mat og helse, samisk plan, 5. årstrinn | Mat og helse, samisk plan, 6. årstrinn | Mat og helse, samisk plan, 7. årstrinn",Syvende årstrinn,status_publisert,lage mat på bål og andre tradisjonelle arenaer for matlaging og samtale om måltidsskikker i goahti/goahte/gåetie/lávvu og hvordan sosialt fellesskap rundt måltider kan bidra til å styrke god helse,,lage mat på bål og andre tradisjonelle arenaer for matlaging og samtale om måltidsskikker i goahti/goahte/gåetie/lávvu og hvordan sosialt fellesskap rundt måltider kan bidra til å styrke god helse,,nei,,KM2012
http://psi.udir.no/kl06/KM13698,KM13698,MHE02,03,"Læreplan i mat og helse, samisk plan","Mat og helse, samisk plan, 5. årstrinn | Mat og helse, samisk plan, 6. årstrinn | Mat og helse, samisk plan, 7. årstrinn",Syvende årstrinn,status_publisert,"lage måltider fra egen kultur og andre kulturer og sammenligne råvarebruk og måltidsskikker, og reflektere over hvordan mattradisjoner henger sammen med natur og levevis i ulike områder",,"lage måltider fra egen kultur og andre kulturer og sammenligne råvarebruk og måltidsskikker, og reflektere over hvordan mattradisjoner henger sammen med natur og levevis i ulike områder",,nei,,KM2011
http://psi.udir.no/kl06/KM13702,KM13702,MHE02,03,"Læreplan i mat og helse, samisk plan","Mat og helse, samisk plan, 8. årstrinn | Mat og helse, samisk plan, 9. årstrinn | Mat og helse, samisk plan, 10. årstrinn",Tiende årstrinn,status_publisert,"planlegge og bruke egnede redskaper, teknikker og matlagingsmetoder til å lage trygg og bærekraftig mat som gir grunnlag for god helse",,"planlegge og bruke egnede redskaper, teknikker og matlagingsmetoder til å lage trygg og bærekraftig mat som gir grunnlag for god helse",,nei,,KM2007
http://psi.udir.no/kl06/KM13710,KM13710,MHE02,03,"Læreplan i mat og helse, samisk plan","Mat og helse, samisk plan, 8. årstrinn | Mat og helse, samisk plan, 9. årstrinn | Mat og helse, samisk plan, 10. årstrinn",Tiende årstrinn,status_publisert,"bruke sansene til å vurdere kvaliteten på matvarer, utforske og kombinere smaker i matlagingen og forbedre oppskrifter, menyer og anretning av mat",,"bruke sansene til å vurdere kvaliteten på matvarer, utforske og kombinere smaker i matlagingen og forbedre oppskrifter, menyer og anretning av mat",,nei,,KM2027
http://psi.udir.no/kl06/KM13703,KM13703,MHE02,03,"Læreplan i mat og helse, samisk plan","Mat og helse, samisk plan, 8. årstrinn | Mat og helse, samisk plan, 9. årstrinn | Mat og helse, samisk plan, 10. årstrinn",Tiende årstrinn,status_publisert,skape og prøve ut nye retter fra lokale matressurser,,skape og prøve ut nye retter fra lokale matressurser,,nei,,KM2006
http://psi.udir.no/kl06/KM13704,KM13704,MHE02,03,"Læreplan i mat og helse, samisk plan","Mat og helse, samisk plan, 8. årstrinn | Mat og helse, samisk plan, 9. årstrinn | Mat og helse, samisk plan, 10. årstrinn",Tiende årstrinn,status_publisert,drøfte hvordan kosthold kan bidra til god helse og bruke digitale ressurser til å vurdere eget kosthold og til å velge sunne og varierte matvarer i forbindelse med matlaging,,drøfte hvordan kosthold kan bidra til god helse og bruke digitale ressurser til å vurdere eget kosthold og til å velge sunne og varierte matvarer i forbindelse med matlaging,,nei,,KM2005
http://psi.udir.no/kl06/KM13705,KM13705,MHE02,03,"Læreplan i mat og helse, samisk plan","Mat og helse, samisk plan, 8. årstrinn | Mat og helse, samisk plan, 9. årstrinn | Mat og helse, samisk plan, 10. årstrinn",Tiende årstrinn,status_publisert,"gjøre rede for og kritisk vurdere påstander, råd og informasjon om kosthold og helse",,"gjøre rede for og kritisk vurdere påstander, råd og informasjon om kosthold og helse",,nei,,KM2004
http://psi.udir.no/kl06/KM13706,KM13706,MHE02,03,"Læreplan i mat og helse, samisk plan","Mat og helse, samisk plan, 8. årstrinn | Mat og helse, samisk plan, 9. årstrinn | Mat og helse, samisk plan, 10. årstrinn",Tiende årstrinn,status_publisert,kritisk vurdere informasjon om matproduksjon og drøfte hvordan forbrukermakt kan påvirke lokal og global matproduksjon,,kritisk vurdere informasjon om matproduksjon og drøfte hvordan forbrukermakt kan påvirke lokal og global matproduksjon,,nei,,KM2003
http://psi.udir.no/kl06/KM13711,KM13711,MHE02,03,"Læreplan i mat og helse, samisk plan","Mat og helse, samisk plan, 8. årstrinn | Mat og helse, samisk plan, 9. årstrinn | Mat og helse, samisk plan, 10. årstrinn",Tiende årstrinn,status_publisert,"utforske klimaavtrykket til matvarer og forklare hvordan matvalg og matforbruk kan påvirke miljøet, klimaet og matsikkerheten",,"utforske klimaavtrykket til matvarer og forklare hvordan matvalg og matforbruk kan påvirke miljøet, klimaet og matsikkerheten",,nei,,KM2028
http://psi.udir.no/kl06/KM13707,KM13707,MHE02,03,"Læreplan i mat og helse, samisk plan","Mat og helse, samisk plan, 8. årstrinn | Mat og helse, samisk plan, 9. årstrinn | Mat og helse, samisk plan, 10. årstrinn",Tiende årstrinn,status_publisert,"bruke samiske begreper knyttet til slakting og oppdeling av dyr, sløying og filetering av fisk og beskrive hvordan de forskjellige delene utnyttes",,"bruke samiske begreper knyttet til slakting og oppdeling av dyr, sløying og filetering av fisk og beskrive hvordan de forskjellige delene utnyttes",,nei,,KM2002
http://psi.udir.no/kl06/KM13708,KM13708,MHE02,03,"Læreplan i mat og helse, samisk plan","Mat og helse, samisk plan, 8. årstrinn | Mat og helse, samisk plan, 9. årstrinn | Mat og helse, samisk plan, 10. årstrinn",Tiende årstrinn,status_publisert,"utforske tradisjonelle konserveringsmetoder som salting, tørking og røyking i ulike matregioner",,"utforske tradisjonelle konserveringsmetoder som salting, tørking og røyking i ulike matregioner",,nei,,KM2001
http://psi.udir.no/kl06/KM13709,KM13709,MHE02,03,"Læreplan i mat og helse, samisk plan","Mat og helse, samisk plan, 8. årstrinn | Mat og helse, samisk plan, 9. årstrinn | Mat og helse, samisk plan, 10. årstrinn",Tiende årstrinn,status_publisert,"lage mat fra egen kultur, nordlige kulturer, urfolkskulturer og andre kulturer og sammenligne mattradisjoner og forklare hvordan identitet og tilhørighet blir uttrykt og formidlet gjennom mat og måltider",,"lage mat fra egen kultur, nordlige kulturer, urfolkskulturer og andre kulturer og sammenligne mattradisjoner og forklare hvordan identitet og tilhørighet blir uttrykt og formidlet gjennom mat og måltider",,nei,,KM2000
http://psi.udir.no/kl06/KM13712,KM13712,MUS01,03,Læreplan i musikk,"Musikk, 1. årstrinn | Musikk, 2. årstrinn",Andre årstrinn,status_publisert,"utøve et repertoar av sangleker, sanger og danser hentet fra elevenes nære musikkultur og fra kulturarven","utøve eit repertoar av songleikar, songar og dansar henta frå den nære musikkulturen til elevane og frå kulturarven","utøve et repertoar av sangleker, sanger og danser hentet fra elevenes nære musikkultur og fra kulturarven","perform a repertoire of singing games, songs and dances from the pupils' local music culture and from cultural heritage",ja,,KM2127
http://psi.udir.no/kl06/KM13714,KM13714,MUS01,03,Læreplan i musikk,"Musikk, 1. årstrinn | Musikk, 2. årstrinn",Andre årstrinn,status_publisert,"utforske og eksperimentere med puls, rytme, tempo, klang, melodi, dynamikk, harmoni og form i dans, med stemmen og i spill på instrumenter","utforske og eksperimentere med puls, rytme, tempo, klang, melodi, dynamikk, harmoni og form i dans, med stemmen og i spel på instrument","utforske og eksperimentere med puls, rytme, tempo, klang, melodi, dynamikk, harmoni og form i dans, med stemmen og i spill på instrumenter","explore and experiment with beat, rhythm, tempo, sound, melody, dynamics, harmony and form in dance, vocals and in playing instruments",ja,,KM2151
http://psi.udir.no/kl06/KM13713,KM13713,MUS01,03,Læreplan i musikk,"Musikk, 1. årstrinn | Musikk, 2. årstrinn",Andre årstrinn,status_publisert,"leke med musikkens grunnelementer gjennom lyd og stemme, lage mønstre og sette sammen mønstrene til enkle improvisasjoner og komposisjoner, også med digitale verktøy","leike med grunnelementa i musikken gjennom lyd og stemme, lage mønster og setje saman mønstra til enkle improvisasjonar og komposisjonar, òg med digitale verktøy","leke med musikkens grunnelementer gjennom lyd og stemme, lage mønstre og sette sammen mønstrene til enkle improvisasjoner og komposisjoner, også med digitale verktøy","play with the basic elements of music through sound and voice, make patterns and combine the patterns into simple improvisations and compositions, also with digital tools",ja,,KM2152
http://psi.udir.no/kl06/KM13715,KM13715,MUS01,03,Læreplan i musikk,"Musikk, 1. årstrinn | Musikk, 2. årstrinn",Andre årstrinn,status_publisert,formidle opplevelser av ulike musikalske uttrykk gjennom samtale og kunstneriske uttrykksformer,formidle opplevingar av ulike musikalske uttrykk gjennom samtale og kunstnarlege uttrykksformer,formidle opplevelser av ulike musikalske uttrykk gjennom samtale og kunstneriske uttrykksformer,present perceptions of different musical expressions through talking and through artistic expressions,ja,,KM2150
http://psi.udir.no/kl06/KM13716,KM13716,MUS01,03,Læreplan i musikk,"Musikk, 3. årstrinn | Musikk, 4. årstrinn",Fjerde årstrinn,status_publisert,"utøve og utforske et repertoar av sanger og danser fra ulike musikkulturer, inkludert samisk musikkultur","utøve og utforske eit repertoar av songar og dansar frå ulike musikkulturar, inkludert samisk musikkultur","utøve og utforske et repertoar av sanger og danser fra ulike musikkulturer, inkludert samisk musikkultur","perform and explore a repertoire of songs and dances from different music cultures, including Saami music culture",ja,,KM2149
http://psi.udir.no/kl06/KM13718,KM13718,MUS01,03,Læreplan i musikk,"Musikk, 3. årstrinn | Musikk, 4. årstrinn",Fjerde årstrinn,status_publisert,synge og spille på instrumenter alene og sammen med andre ved bruk av gehør og enkel notasjon,synge og spele på instrument åleine og saman med andre ved bruk av gehør og enkel notasjon,synge og spille på instrumenter alene og sammen med andre ved bruk av gehør og enkel notasjon,sing and play instruments alone and together with others by ear and using simple notation,ja,,KM2147
http://psi.udir.no/kl06/KM13717,KM13717,MUS01,03,Læreplan i musikk,"Musikk, 3. årstrinn | Musikk, 4. årstrinn",Fjerde årstrinn,status_publisert,"eksperimentere med rytmer, melodier og andre grunnelementer, sette sammen mønstre til komposisjoner, også ved bruk av digitale verktøy, og beskrive arbeidsprosesser og resultater","eksperimenter med rytmar, melodiar og andre grunnelement, setje saman mønster til komposisjonar, òg ved bruk av digitale verktøy, og beskrive arbeidsprosessar og resultat","eksperimentere med rytmer, melodier og andre grunnelementer, sette sammen mønstre til komposisjoner, også ved bruk av digitale verktøy, og beskrive arbeidsprosesser og resultater","experiment with rhythms, melodies and other basic elements, assemble patterns into compositions, including using digital tools, and describe the work processes and results",ja,,KM2148
http://psi.udir.no/kl06/KM13719,KM13719,MUS01,03,Læreplan i musikk,"Musikk, 3. årstrinn | Musikk, 4. årstrinn",Fjerde årstrinn,status_publisert,formidle egne musikkopplevelser og beskrive bruk av musikalske virkemidler ved hjelp av enkle fagbegreper,formidle eigne musikkopplevingar og beskriver bruk av musikalske verkemiddel ved hjelp av enkle fagomgrep,formidle egne musikkopplevelser og beskrive bruk av musikalske virkemidler ved hjelp av enkle fagbegreper,present one’s own musical experiences and describe the use of musical techniques by means of simple subject-related terms,ja,,KM2146
http://psi.udir.no/kl06/KM13720,KM13720,MUS01,03,Læreplan i musikk,"Musikk, 3. årstrinn | Musikk, 4. årstrinn",Fjerde årstrinn,status_publisert,samtale om og reflektere over hvordan musikk skaper mening når den brukes i ulike sosiale sammenhenger,samtale om og reflektere over korleis musikk skaper stemning når han blir brukt i ulike sosiale samanhengar,samtale om og reflektere over hvordan musikk skaper mening når den brukes i ulike sosiale sammenhenger,talk about and reflect on how music creates meaning when used in different contexts,ja,,KM2145
http://psi.udir.no/kl06/KM13721,KM13721,MUS01,03,Læreplan i musikk,"Musikk, 5. årstrinn | Musikk, 6. årstrinn | Musikk, 7. årstrinn",Syvende årstrinn,status_publisert,"utøve et repertoar av musikk, sang, andre vokale uttrykk og dans fra samtiden og historien","utøve eit repertoar av musikk, song, andre vokale uttrykk og dans frå samtida og historia","utøve et repertoar av musikk, sang, andre vokale uttrykk og dans fra samtiden og historien","perform a repertoire of music, songs, other vocal expressions and dance from the contemporary period and from past times",ja,,KM2144
http://psi.udir.no/kl06/KM13725,KM13725,MUS01,03,Læreplan i musikk,"Musikk, 5. årstrinn | Musikk, 6. årstrinn | Musikk, 7. årstrinn",Syvende årstrinn,status_publisert,utforske og drøfte hvordan musikk fra fortiden påvirker dagens musikk,utforske og drøfte korleis musikk frå fortida påverkar musikken i dag,utforske og drøfte hvordan musikk fra fortiden påvirker dagens musikk,explore and discuss how music from the past affects today's music,ja,,KM2140
http://psi.udir.no/kl06/KM13723,KM13723,MUS01,03,Læreplan i musikk,"Musikk, 5. årstrinn | Musikk, 6. årstrinn | Musikk, 7. årstrinn",Syvende årstrinn,status_publisert,"øve inn og framføre sang og musikk, i samspill eller individuelt, gehørbasert og ved bruk av enkle notasjonsteknikker","øve inn og framføre song og musikk, i samspel eller individuelt, gehørbasert og ved bruk av enkle notasjonsteknikkar","øve inn og framføre sang og musikk, i samspill eller individuelt, gehørbasert og ved bruk av enkle notasjonsteknikker","rehearse and perform songs and music, together or alone, by ear and using simple notation techniques",ja,,KM2142
http://psi.udir.no/kl06/KM13722,KM13722,MUS01,03,Læreplan i musikk,"Musikk, 5. årstrinn | Musikk, 6. årstrinn | Musikk, 7. årstrinn",Syvende årstrinn,status_publisert,"lytte, eksperimentere og skape nye uttrykk med instrumenter, kropp, stemme eller lyd fra andre kilder, og presentere resultatet","lytte, eksperimentere og skape nye uttrykk med instrument, kropp, stemme eller lyd frå andre kjelder, og presentere resultatet","lytte, eksperimentere og skape nye uttrykk med instrumenter, kropp, stemme eller lyd fra andre kilder, og presentere resultatet","listen to, experiment and create new expressions with instruments, body, voice or sounds from other sources, and present the result",ja,,KM2143
http://psi.udir.no/kl06/KM13728,KM13728,MUS01,03,Læreplan i musikk,"Musikk, 5. årstrinn | Musikk, 6. årstrinn | Musikk, 7. årstrinn",Syvende årstrinn,status_publisert,"bruke teknologi og digitale verktøy til å skape, øve inn og bearbeide musikk","bruke teknologi og digitale verktøy til å skape, øve inn og arbeide vidare med musikk","bruke teknologi og digitale verktøy til å skape, øve inn og bearbeide musikk","use technology and digital tools to create, rehearse and process music",ja,,KM2137
http://psi.udir.no/kl06/KM13729,KM13729,MUS01,03,Læreplan i musikk,"Musikk, 5. årstrinn | Musikk, 6. årstrinn | Musikk, 7. årstrinn",Syvende årstrinn,status_publisert,"bruke fagbegreper i beskrivelse av og refleksjon over arbeidsprosesser, resultater, musikalske uttrykk og virkemidler","bruke fagomgrep i beskriving av og refleksjon over arbeidsprosessar, resultat, musikalske uttrykk og verkemiddel","bruke fagbegreper i beskrivelse av og refleksjon over arbeidsprosesser, resultater, musikalske uttrykk og virkemidler","use subject-related terms in the description of and reflection on work processes, results, musical expressions and techniques",ja,,KM2136
http://psi.udir.no/kl06/KM13726,KM13726,MUS01,03,Læreplan i musikk,"Musikk, 5. årstrinn | Musikk, 6. årstrinn | Musikk, 7. årstrinn",Syvende årstrinn,status_publisert,utforske og formidle musikalske opplevelser og erfaringer,utforske og formidle musikalske opplevingar og erfaringar,utforske og formidle musikalske opplevelser og erfaringer,explore and present musical experiences and perceptions,ja,,KM2139
http://psi.udir.no/kl06/KM13727,KM13727,MUS01,03,Læreplan i musikk,"Musikk, 5. årstrinn | Musikk, 6. årstrinn | Musikk, 7. årstrinn",Syvende årstrinn,status_publisert,"undersøke hvordan kjønn, kjønnsroller og seksualitet fremstilles i musikk og dans i det offentlige rom, og skape uttrykk som utfordrer stereotypier","undersøkje korleis kjønn, kjønnsroller og seksualitet blir framstilt i musikk og dans i det offentlege rommet, og skape uttrykk som utfordrar stereotypiar","undersøke hvordan kjønn, kjønnsroller og seksualitet fremstilles i musikk og dans i det offentlige rom, og skape uttrykk som utfordrer stereotypier","investigate how gender, gender roles and sexuality are presented in music and dance in the public sphere, and create expressions that challenge stereotypes",ja,,KM2138
http://psi.udir.no/kl06/KM13724,KM13724,MUS01,03,Læreplan i musikk,"Musikk, 5. årstrinn | Musikk, 6. årstrinn | Musikk, 7. årstrinn",Syvende årstrinn,status_publisert,reflektere over hvordan musikk kan spille ulike roller for utvikling av individer og gruppers identitet,reflektere over korleis musikk kan spele ulike roller for utvikling av identiteten til individ og grupper,reflektere over hvordan musikk kan spille ulike roller for utvikling av individer og gruppers identitet,reflect on how music can play different roles in developing the identity of individuals and groups,ja,,KM2141
http://psi.udir.no/kl06/KM13730,KM13730,MUS01,03,Læreplan i musikk,"Musikk, 8. årstrinn | Musikk, 9. årstrinn | Musikk, 10. årstrinn",Tiende årstrinn,status_publisert,"utøve et variert repertoar av musikk, sang, andre vokale uttrykk og dans","utøve eit variert repertoar av musikk, song, andre vokale uttrykk og dans","utøve et variert repertoar av musikk, sang, andre vokale uttrykk og dans","perform a varied repertoire of music, singing and other vocal expressions and dance",ja,,KM2135
http://psi.udir.no/kl06/KM13735,KM13735,MUS01,03,Læreplan i musikk,"Musikk, 8. årstrinn | Musikk, 9. årstrinn | Musikk, 10. årstrinn",Tiende årstrinn,status_publisert,"reflektere over hvordan musikalske tradisjoner, inkludert samiske musikktradisjoner, bevares og fornyes","reflektere over korleis musikalske tradisjonar, inkludert samiske musikktradisjonar, blir bevarte og fornya","reflektere over hvordan musikalske tradisjoner, inkludert samiske musikktradisjoner, bevares og fornyes","reflect on how musical traditions, including Sami traditions, are preserved and renewed",ja,,KM2130
http://psi.udir.no/kl06/KM13732,KM13732,MUS01,03,Læreplan i musikk,"Musikk, 8. årstrinn | Musikk, 9. årstrinn | Musikk, 10. årstrinn",Tiende årstrinn,status_publisert,"samarbeide med andre om å planlegge og gjennomføre øvingsprosesser hvor det inngår selvvalgt sang, andre vokale uttrykk, spill på instrumenter eller dans, og formidle resultatet i gruppe eller individuelt","samarbeide med andre om å planleggje og gjennomføre øvingsprosessar kor det inngår sjølvvald song, andre vokale uttrykk, spel på instrument eller dans, og formidle resultatet i gruppe eller individuelt","samarbeide med andre om å planlegge og gjennomføre øvingsprosesser hvor det inngår selvvalgt sang, andre vokale uttrykk, spill på instrumenter eller dans, og formidle resultatet i gruppe eller individuelt","collaborate with others on planning and carrying out rehearsal processes, with self-chosen singing, other vocal expressions, playing instruments or dancing, and present the result in a group or individually",ja,,KM2133
http://psi.udir.no/kl06/KM13731,KM13731,MUS01,03,Læreplan i musikk,"Musikk, 8. årstrinn | Musikk, 9. årstrinn | Musikk, 10. årstrinn",Tiende årstrinn,status_publisert,skape og programmere musikalske forløp ved å eksperimentere med lyd fra ulike kilder,skape og programmere musikalske forløp ved å eksperimentere med lyd frå ulike kjelder,skape og programmere musikalske forløp ved å eksperimentere med lyd fra ulike kilder,create and programme musical sequences by experimenting with sound from different sources,ja,,KM2134
http://psi.udir.no/kl06/KM13736,KM13736,MUS01,03,Læreplan i musikk,"Musikk, 8. årstrinn | Musikk, 9. årstrinn | Musikk, 10. årstrinn",Tiende årstrinn,status_publisert,"utforske og formidle musikalske opplevelser og erfaringer, og reflektere over bruk av musikalske virkemidler","utforske og formidle musikalske opplevingar og erfaringar, og reflektere over bruk av musikalske verkemiddel","utforske og formidle musikalske opplevelser og erfaringer, og reflektere over bruk av musikalske virkemidler","explore and present musical perceptions and experiences, and reflect on the use of musical techniques",ja,,KM2129
http://psi.udir.no/kl06/KM13737,KM13737,MUS01,03,Læreplan i musikk,"Musikk, 8. årstrinn | Musikk, 9. årstrinn | Musikk, 10. årstrinn",Tiende årstrinn,status_publisert,lytte og prøve ut ulike uttrykk og begrunne valg i skapende prosesser fra idé til ferdig resultat,lytte og prøve ut ulike uttrykk og grunngi val i skapande prosessar frå idé til ferdig resultat,lytte og prøve ut ulike uttrykk og begrunne valg i skapende prosesser fra idé til ferdig resultat,listen to and experiment with different expressions and give grounds for choices in creative processes from idea to finished result,ja,,KM2128
http://psi.udir.no/kl06/KM13738,KM13738,MUS01,03,Læreplan i musikk,"Musikk, 8. årstrinn | Musikk, 9. årstrinn | Musikk, 10. årstrinn",Tiende årstrinn,status_publisert,bruke gehør og notasjonsteknikker som støtte i skapende arbeid,bruke gehør og notasjonsteknikkar som støtte i skapande arbeid,bruke gehør og notasjonsteknikker som støtte i skapende arbeid,use ear and notation techniques as support in creative work,ja,,KM2153
http://psi.udir.no/kl06/KM13734,KM13734,MUS01,03,Læreplan i musikk,"Musikk, 8. årstrinn | Musikk, 9. årstrinn | Musikk, 10. årstrinn",Tiende årstrinn,status_publisert,bruke relevante fagbegreper i skapende arbeid og i refleksjon over prosesser og resultater,bruke relevante fagomgrep i skapande arbeid og i refleksjon over prosessar og resultat,bruke relevante fagbegreper i skapende arbeid og i refleksjon over prosesser og resultater,use subject-related terms in creative work and in reflection on processes and results,ja,,KM2131
http://psi.udir.no/kl06/KM13733,KM13733,MUS01,03,Læreplan i musikk,"Musikk, 8. årstrinn | Musikk, 9. årstrinn | Musikk, 10. årstrinn",Tiende årstrinn,status_publisert,"utforske og reflektere over hvordan musikk, sang og dans som estetiske uttrykk er påvirket av og uttrykk for historiske og samfunnsmessige forhold, og skape musikalske uttrykk som tar opp utfordringer i samtiden","utforske og reflektere over korleis musikk, song og dans som estetiske uttrykk er påverka av og uttrykk for historiske og samfunnsmessige forhold, og skape musikalske uttrykk som tek opp utfordringar i samtida","utforske og reflektere over hvordan musikk, sang og dans som estetiske uttrykk er påvirket av og uttrykk for historiske og samfunnsmessige forhold, og skape musikalske uttrykk som tar opp utfordringer i samtiden","explore and reflect on how music, singing and dance as aesthetic expressions are influenced by and are expressions of historical and social circumstances, and create musical expressions that address contemporary challenges",ja,,KM2132
http://psi.udir.no/kl06/KM13739,KM13739,MUS01,03,Læreplan i musikk,"Musikk, 8. årstrinn | Musikk, 9. årstrinn | Musikk, 10. årstrinn",Tiende årstrinn,status_publisert,utforske og drøfte musikkens og dansens betydning i samfunnet og etiske problemstillinger knyttet til musikalske ytringer og musikkulturer,"utforske og drøfte kva betydning musikken og dansen har i samfunnet, og etiske problemstillingar knytte til musikalske ytringar og musikkulturar",utforske og drøfte musikkens og dansens betydning i samfunnet og etiske problemstillinger knyttet til musikalske ytringer og musikkulturer,explore and discuss the importance of music and dance in society and ethical issues relating to musical utterances and music cultures,ja,,KM2154
http://psi.udir.no/kl06/KM13741,KM13741,MUS02,03,Læreplan i musikk samisk,"Musikk, samisk plan, 1. årstrinn | Musikk, samisk plan, 2. årstrinn",Andre årstrinn,status_publisert,"utøve et repertoar av sangleker, sanger og danser hentet fra elevenes nære musikkultur og fra kulturarven",,"utøve et repertoar av sangleker, sanger og danser hentet fra elevenes nære musikkultur og fra kulturarven",,nei,,KM2180
http://psi.udir.no/kl06/KM13743,KM13743,MUS02,03,Læreplan i musikk samisk,"Musikk, samisk plan, 1. årstrinn | Musikk, samisk plan, 2. årstrinn",Andre årstrinn,status_publisert,"utforske og eksperimentere med puls, rytme, tempo, klang, melodi, dynamikk, harmoni og form i dans, med stemmen og i spill på instrumenter",,"utforske og eksperimentere med puls, rytme, tempo, klang, melodi, dynamikk, harmoni og form i dans, med stemmen og i spill på instrumenter",,nei,,KM2178
http://psi.udir.no/kl06/KM13740,KM13740,MUS02,03,Læreplan i musikk samisk,"Musikk, samisk plan, 1. årstrinn | Musikk, samisk plan, 2. årstrinn",Andre årstrinn,status_publisert,"leke med musikkens grunnelementer gjennom lyd og stemme, lage mønstre og sette sammen mønstrene til enkle improvisasjoner og komposisjoner, også med digitale verktøy",,"leke med musikkens grunnelementer gjennom lyd og stemme, lage mønstre og sette sammen mønstrene til enkle improvisasjoner og komposisjoner, også med digitale verktøy",,nei,,KM2155
http://psi.udir.no/kl06/KM13742,KM13742,MUS02,03,Læreplan i musikk samisk,"Musikk, samisk plan, 1. årstrinn | Musikk, samisk plan, 2. årstrinn",Andre årstrinn,status_publisert,formidle opplevelsene av ulike musikalske uttrykk gjennom samtale og kunstneriske uttrykksformer,,formidle opplevelsene av ulike musikalske uttrykk gjennom samtale og kunstneriske uttrykksformer,,nei,,KM2179
http://psi.udir.no/kl06/KM13746,KM13746,MUS02,03,Læreplan i musikk samisk,"Musikk, samisk plan, 3. årstrinn | Musikk, samisk plan, 4. årstrinn",Fjerde årstrinn,status_publisert,"utøve og utforske et repertoar av joiker, sanger og danser fra samisk kultur og andre musikkulturer",,"utøve og utforske et repertoar av joiker, sanger og danser fra samisk kultur og andre musikkulturer",,nei,,KM2175
http://psi.udir.no/kl06/KM13744,KM13744,MUS02,03,Læreplan i musikk samisk,"Musikk, samisk plan, 3. årstrinn | Musikk, samisk plan, 4. årstrinn",Fjerde årstrinn,status_publisert,"joike, synge og spille på instrumenter alene og sammen med andre ved bruk av gehør og enkel notasjon",,"joike, synge og spille på instrumenter alene og sammen med andre ved bruk av gehør og enkel notasjon",,nei,,KM2177
http://psi.udir.no/kl06/KM13745,KM13745,MUS02,03,Læreplan i musikk samisk,"Musikk, samisk plan, 3. årstrinn | Musikk, samisk plan, 4. årstrinn",Fjerde årstrinn,status_publisert,"eksperimentere med rytmer, melodier og andre grunnelementer, sette sammen mønstre til komposisjoner, også ved bruk av digitale verktøy, og presentere arbeidsprosesser og resultater",,"eksperimentere med rytmer, melodier og andre grunnelementer, sette sammen mønstre til komposisjoner, også ved bruk av digitale verktøy, og presentere arbeidsprosesser og resultater",,nei,,KM2176
http://psi.udir.no/kl06/KM13748,KM13748,MUS02,03,Læreplan i musikk samisk,"Musikk, samisk plan, 3. årstrinn | Musikk, samisk plan, 4. årstrinn",Fjerde årstrinn,status_publisert,formidle egne musikkopplevelser og beskrive bruk av musikalske virkemidler ved hjelp av enkle fagbegreper med hovedvekt på joik og annen samisk musikk,,formidle egne musikkopplevelser og beskrive bruk av musikalske virkemidler ved hjelp av enkle fagbegreper med hovedvekt på joik og annen samisk musikk,,nei,,KM2173
http://psi.udir.no/kl06/KM13747,KM13747,MUS02,03,Læreplan i musikk samisk,"Musikk, samisk plan, 3. årstrinn | Musikk, samisk plan, 4. årstrinn",Fjerde årstrinn,status_publisert,samtale om og reflektere over hvordan musikk skaper mening når den brukes i ulike sosiale sammenhenger,,samtale om og reflektere over hvordan musikk skaper mening når den brukes i ulike sosiale sammenhenger,,nei,,KM2174
http://psi.udir.no/kl06/KM13752,KM13752,MUS02,03,Læreplan i musikk samisk,"Musikk, samisk plan, 5. årstrinn | Musikk, samisk plan, 6. årstrinn | Musikk, samisk plan, 7. årstrinn",Syvende årstrinn,status_publisert,"utøve et repertoar av musikk, sang, andre vokale uttrykk og dans fra samtiden og historien",,"utøve et repertoar av musikk, sang, andre vokale uttrykk og dans fra samtiden og historien",,nei,,KM2169
http://psi.udir.no/kl06/KM13753,KM13753,MUS02,03,Læreplan i musikk samisk,"Musikk, samisk plan, 5. årstrinn | Musikk, samisk plan, 6. årstrinn | Musikk, samisk plan, 7. årstrinn",Syvende årstrinn,status_publisert,utforske og drøfte hvordan musikk fra fortiden påvirker dagens musikk,,utforske og drøfte hvordan musikk fra fortiden påvirker dagens musikk,,nei,,KM2168
http://psi.udir.no/kl06/KM13750,KM13750,MUS02,03,Læreplan i musikk samisk,"Musikk, samisk plan, 5. årstrinn | Musikk, samisk plan, 6. årstrinn | Musikk, samisk plan, 7. årstrinn",Syvende årstrinn,status_publisert,"øve inn og framføre joik og annen musikk, i samspill eller individuelt, gehørbasert og ved bruk av enkle notasjonsteknikker",,"øve inn og framføre joik og annen musikk, i samspill eller individuelt, gehørbasert og ved bruk av enkle notasjonsteknikker",,nei,,KM2171
http://psi.udir.no/kl06/KM13751,KM13751,MUS02,03,Læreplan i musikk samisk,"Musikk, samisk plan, 5. årstrinn | Musikk, samisk plan, 6. årstrinn | Musikk, samisk plan, 7. årstrinn",Syvende årstrinn,status_publisert,"lytte, eksperimentere og skape nye uttrykk med instrumenter, kropp, stemme eller lyd fra andre kilder og presentere resultatet",,"lytte, eksperimentere og skape nye uttrykk med instrumenter, kropp, stemme eller lyd fra andre kilder og presentere resultatet",,nei,,KM2170
http://psi.udir.no/kl06/KM13756,KM13756,MUS02,03,Læreplan i musikk samisk,"Musikk, samisk plan, 5. årstrinn | Musikk, samisk plan, 6. årstrinn | Musikk, samisk plan, 7. årstrinn",Syvende årstrinn,status_publisert,"bruke teknologi og digitale verktøy til å skape, øve inn og bearbeide musikk",,"bruke teknologi og digitale verktøy til å skape, øve inn og bearbeide musikk",,nei,,KM2165
http://psi.udir.no/kl06/KM13757,KM13757,MUS02,03,Læreplan i musikk samisk,"Musikk, samisk plan, 5. årstrinn | Musikk, samisk plan, 6. årstrinn | Musikk, samisk plan, 7. årstrinn",Syvende årstrinn,status_publisert,"bruke fagbegreper i beskrivelse av og refleksjon over arbeidsprosesser, resultater, musikalske uttrykk og virkemidler",,"bruke fagbegreper i beskrivelse av og refleksjon over arbeidsprosesser, resultater, musikalske uttrykk og virkemidler",,nei,,KM2164
http://psi.udir.no/kl06/KM13754,KM13754,MUS02,03,Læreplan i musikk samisk,"Musikk, samisk plan, 5. årstrinn | Musikk, samisk plan, 6. årstrinn | Musikk, samisk plan, 7. årstrinn",Syvende årstrinn,status_publisert,utforske og formidle musikalske opplevelser og erfaringer,,utforske og formidle musikalske opplevelser og erfaringer,,nei,,KM2167
http://psi.udir.no/kl06/KM13749,KM13749,MUS02,03,Læreplan i musikk samisk,"Musikk, samisk plan, 5. årstrinn | Musikk, samisk plan, 6. årstrinn | Musikk, samisk plan, 7. årstrinn",Syvende årstrinn,status_publisert,"undersøke hvordan kjønn, kjønnsroller og seksualitet fremstilles i dans og joik og annen musikk i det offentlige rom og skape uttrykk som utfordrer stereotypier",,"undersøke hvordan kjønn, kjønnsroller og seksualitet fremstilles i dans og joik og annen musikk i det offentlige rom og skape uttrykk som utfordrer stereotypier",,nei,,KM2172
http://psi.udir.no/kl06/KM13755,KM13755,MUS02,03,Læreplan i musikk samisk,"Musikk, samisk plan, 5. årstrinn | Musikk, samisk plan, 6. årstrinn | Musikk, samisk plan, 7. årstrinn",Syvende årstrinn,status_publisert,reflektere over hvordan musikk kan spille ulike roller for utvikling av individers og gruppers identitet,,reflektere over hvordan musikk kan spille ulike roller for utvikling av individers og gruppers identitet,,nei,,KM2166
http://psi.udir.no/kl06/KM13760,KM13760,MUS02,03,Læreplan i musikk samisk,"Musikk, samisk plan, 8. årstrinn | Musikk, samisk plan, 9. årstrinn | Musikk, samisk plan, 10. årstrinn",Tiende årstrinn,status_publisert,"øve på og framføre et variert repertoar av joik,sang, musikk, andre vokale uttrykk og dans",,"øve på og framføre et variert repertoar av joik,sang, musikk, andre vokale uttrykk og dans",,nei,,KM2161
http://psi.udir.no/kl06/KM13766,KM13766,MUS02,03,Læreplan i musikk samisk,"Musikk, samisk plan, 8. årstrinn | Musikk, samisk plan, 9. årstrinn | Musikk, samisk plan, 10. årstrinn",Tiende årstrinn,status_publisert,drøfte hvordan musikalske tradisjoner bevares og fornyes,,drøfte hvordan musikalske tradisjoner bevares og fornyes,,nei,,KM2181
http://psi.udir.no/kl06/KM13758,KM13758,MUS02,03,Læreplan i musikk samisk,"Musikk, samisk plan, 8. årstrinn | Musikk, samisk plan, 9. årstrinn | Musikk, samisk plan, 10. årstrinn",Tiende årstrinn,status_publisert,"samarbeide med andre om å planlegge og gjennomføre øvingsprosesser hvor det inngår selvvalgt joik, sang, andre vokale uttrykk, spill på instrumenter eller dans, og formidle resultatet i gruppe eller individuelt",,"samarbeide med andre om å planlegge og gjennomføre øvingsprosesser hvor det inngår selvvalgt joik, sang, andre vokale uttrykk, spill på instrumenter eller dans, og formidle resultatet i gruppe eller individuelt",,nei,,KM2163
http://psi.udir.no/kl06/KM13759,KM13759,MUS02,03,Læreplan i musikk samisk,"Musikk, samisk plan, 8. årstrinn | Musikk, samisk plan, 9. årstrinn | Musikk, samisk plan, 10. årstrinn",Tiende årstrinn,status_publisert,"skape og programmere musikalske forløp, også med joik, ved å eksperimentere med lyd fra ulike kilder",,"skape og programmere musikalske forløp, også med joik, ved å eksperimentere med lyd fra ulike kilder",,nei,,KM2162
http://psi.udir.no/kl06/KM13767,KM13767,MUS02,03,Læreplan i musikk samisk,"Musikk, samisk plan, 8. årstrinn | Musikk, samisk plan, 9. årstrinn | Musikk, samisk plan, 10. årstrinn",Tiende årstrinn,status_publisert,"utforske og formidle musikalske opplevelser og erfaringer, og reflektere over bruk av musikalske virkemidler",,"utforske og formidle musikalske opplevelser og erfaringer, og reflektere over bruk av musikalske virkemidler",,nei,,KM2182
http://psi.udir.no/kl06/KM13763,KM13763,MUS02,03,Læreplan i musikk samisk,"Musikk, samisk plan, 8. årstrinn | Musikk, samisk plan, 9. årstrinn | Musikk, samisk plan, 10. årstrinn",Tiende årstrinn,status_publisert,lytte og prøve ut ulike uttrykk og begrunne valg i skapende prosesser fra idé til ferdig resultat,,lytte og prøve ut ulike uttrykk og begrunne valg i skapende prosesser fra idé til ferdig resultat,,nei,,KM2158
http://psi.udir.no/kl06/KM13764,KM13764,MUS02,03,Læreplan i musikk samisk,"Musikk, samisk plan, 8. årstrinn | Musikk, samisk plan, 9. årstrinn | Musikk, samisk plan, 10. årstrinn",Tiende årstrinn,status_publisert,bruke gehør og notasjonsteknikker som støtte i skapende arbeid,,bruke gehør og notasjonsteknikker som støtte i skapende arbeid,,nei,,KM2157
http://psi.udir.no/kl06/KM13765,KM13765,MUS02,03,Læreplan i musikk samisk,"Musikk, samisk plan, 8. årstrinn | Musikk, samisk plan, 9. årstrinn | Musikk, samisk plan, 10. årstrinn",Tiende årstrinn,status_publisert,"bruke relevante fagbegreper i skapende arbeid, og i refleksjon over prosesser og produkter",,"bruke relevante fagbegreper i skapende arbeid, og i refleksjon over prosesser og produkter",,nei,,KM2156
http://psi.udir.no/kl06/KM13762,KM13762,MUS02,03,Læreplan i musikk samisk,"Musikk, samisk plan, 8. årstrinn | Musikk, samisk plan, 9. årstrinn | Musikk, samisk plan, 10. årstrinn",Tiende årstrinn,status_publisert,"utforske og reflektere over hvordan musikk, sang og dans som estetiske uttrykk er påvirket av og uttrykk for historiske og samfunnsmessige forhold, og skape musikalske uttrykk som tar opp utfordringer i samtiden",,"utforske og reflektere over hvordan musikk, sang og dans som estetiske uttrykk er påvirket av og uttrykk for historiske og samfunnsmessige forhold, og skape musikalske uttrykk som tar opp utfordringer i samtiden",,nei,,KM2159
http://psi.udir.no/kl06/KM13761,KM13761,MUS02,03,Læreplan i musikk samisk,"Musikk, samisk plan, 8. årstrinn | Musikk, samisk plan, 9. årstrinn | Musikk, samisk plan, 10. årstrinn",Tiende årstrinn,status_publisert,"utforske og drøfte musikkens og dansens betydning i samfunnet, inkludert den samiske musikken og dansen fra alle de fire samiske landene, og etiske problemstillinger knytet til musikalske ytringer og musikkulturer",,"utforske og drøfte musikkens og dansens betydning i samfunnet, inkludert den samiske musikken og dansen fra alle de fire samiske landene, og etiske problemstillinger knytet til musikalske ytringer og musikkulturer",,nei,,KM2160
http://psi.udir.no/kl06/KM13768,KM13768,MUS03,03,Læreplan i drama og rytmikk for elever med tegnspråk,"Drama og rytmikk for hørselshemmede, 1. årstrinn | Drama og rytmikk for hørselshemmede, 2. årstrinn",Andre årstrinn,status_publisert,utforske ulike teateruttrykk gjennom lek og dramatisering,,utforske ulike teateruttrykk gjennom lek og dramatisering,,nei,,KM2089
http://psi.udir.no/kl06/KM13769,KM13769,MUS03,03,Læreplan i drama og rytmikk for elever med tegnspråk,"Drama og rytmikk for hørselshemmede, 1. årstrinn | Drama og rytmikk for hørselshemmede, 2. årstrinn",Andre årstrinn,status_publisert,beskrive opplevelser gjennom språk og bevegelse,,beskrive opplevelser gjennom språk og bevegelse,,nei,,KM2109
http://psi.udir.no/kl06/KM13770,KM13770,MUS03,03,Læreplan i drama og rytmikk for elever med tegnspråk,"Drama og rytmikk for hørselshemmede, 1. årstrinn | Drama og rytmikk for hørselshemmede, 2. årstrinn",Andre årstrinn,status_publisert,"utforske og leke med kroppsspråk, mimikk og håndformer",,"utforske og leke med kroppsspråk, mimikk og håndformer",,nei,,KM2110
http://psi.udir.no/kl06/KM13771,KM13771,MUS03,03,Læreplan i drama og rytmikk for elever med tegnspråk,"Drama og rytmikk for hørselshemmede, 1. årstrinn | Drama og rytmikk for hørselshemmede, 2. årstrinn",Andre årstrinn,status_publisert,beskrive og samtale om kreativ bruk av tegnspråk,,beskrive og samtale om kreativ bruk av tegnspråk,,nei,,KM2111
http://psi.udir.no/kl06/KM13772,KM13772,MUS03,03,Læreplan i drama og rytmikk for elever med tegnspråk,"Drama og rytmikk for hørselshemmede, 1. årstrinn | Drama og rytmikk for hørselshemmede, 2. årstrinn",Andre årstrinn,status_publisert,"gjennomføre og presentere dans, samspill og visualisert sang",,"gjennomføre og presentere dans, samspill og visualisert sang",,nei,,KM2112
http://psi.udir.no/kl06/KM13773,KM13773,MUS03,03,Læreplan i drama og rytmikk for elever med tegnspråk,"Drama og rytmikk for hørselshemmede, 1. årstrinn | Drama og rytmikk for hørselshemmede, 2. årstrinn",Andre årstrinn,status_publisert,utforske og bruke kostymer og rekvisitter,,utforske og bruke kostymer og rekvisitter,,nei,,KM2113
http://psi.udir.no/kl06/KM13774,KM13774,MUS03,03,Læreplan i drama og rytmikk for elever med tegnspråk,"Drama og rytmikk for hørselshemmede, 1. årstrinn | Drama og rytmikk for hørselshemmede, 2. årstrinn",Andre årstrinn,status_publisert,leke med og presentere rytmeuttrykk i ulike tempo,,leke med og presentere rytmeuttrykk i ulike tempo,,nei,,KM2114
http://psi.udir.no/kl06/KM13775,KM13775,MUS03,03,Læreplan i drama og rytmikk for elever med tegnspråk,"Drama og rytmikk for hørselshemmede, 1. årstrinn | Drama og rytmikk for hørselshemmede, 2. årstrinn",Andre årstrinn,status_publisert,utforske noen instrumenter og bruke dem til lek og aktiviteter,,utforske noen instrumenter og bruke dem til lek og aktiviteter,,nei,,KM2115
http://psi.udir.no/kl06/KM13776,KM13776,MUS03,03,Læreplan i drama og rytmikk for elever med tegnspråk,"Drama og rytmikk for hørselshemmede, 3. årstrinn | Drama og rytmikk for hørselshemmede, 4. årstrinn",Fjerde årstrinn,status_publisert,utforske og beskrive noen dramatiske grunnelementer,,utforske og beskrive noen dramatiske grunnelementer,,nei,,KM2117
http://psi.udir.no/kl06/KM13777,KM13777,MUS03,03,Læreplan i drama og rytmikk for elever med tegnspråk,"Drama og rytmikk for hørselshemmede, 3. årstrinn | Drama og rytmikk for hørselshemmede, 4. årstrinn",Fjerde årstrinn,status_publisert,dramatisere enkle handlingsforløp alene og sammen med andre,,dramatisere enkle handlingsforløp alene og sammen med andre,,nei,,KM2125
http://psi.udir.no/kl06/KM13778,KM13778,MUS03,03,Læreplan i drama og rytmikk for elever med tegnspråk,"Drama og rytmikk for hørselshemmede, 3. årstrinn | Drama og rytmikk for hørselshemmede, 4. årstrinn",Fjerde årstrinn,status_publisert,utforske og sammenligne digitale verktøy og bruke dem i dramatiske uttrykksformer og rytmiske prosesser,,utforske og sammenligne digitale verktøy og bruke dem i dramatiske uttrykksformer og rytmiske prosesser,,nei,,KM2118
http://psi.udir.no/kl06/KM13779,KM13779,MUS03,03,Læreplan i drama og rytmikk for elever med tegnspråk,"Drama og rytmikk for hørselshemmede, 3. årstrinn | Drama og rytmikk for hørselshemmede, 4. årstrinn",Fjerde årstrinn,status_publisert,improvisere ulike former for bevegelse til ulike rytmer og aktiviteter,,improvisere ulike former for bevegelse til ulike rytmer og aktiviteter,,nei,,KM2119
http://psi.udir.no/kl06/KM13780,KM13780,MUS03,03,Læreplan i drama og rytmikk for elever med tegnspråk,"Drama og rytmikk for hørselshemmede, 3. årstrinn | Drama og rytmikk for hørselshemmede, 4. årstrinn",Fjerde årstrinn,status_publisert,"utvikle og presentere kreativ bruk av tegnspråk, tegnspråkpoesi, visualisert sang og rytmeinstrumenter i enkle samspill",,"utvikle og presentere kreativ bruk av tegnspråk, tegnspråkpoesi, visualisert sang og rytmeinstrumenter i enkle samspill",,nei,,KM2120
http://psi.udir.no/kl06/KM13781,KM13781,MUS03,03,Læreplan i drama og rytmikk for elever med tegnspråk,"Drama og rytmikk for hørselshemmede, 3. årstrinn | Drama og rytmikk for hørselshemmede, 4. årstrinn",Fjerde årstrinn,status_publisert,utvikle og bruke enkle kostymer og rekvisitter,,utvikle og bruke enkle kostymer og rekvisitter,,nei,,KM2121
http://psi.udir.no/kl06/KM13782,KM13782,MUS03,03,Læreplan i drama og rytmikk for elever med tegnspråk,"Drama og rytmikk for hørselshemmede, 3. årstrinn | Drama og rytmikk for hørselshemmede, 4. årstrinn",Fjerde årstrinn,status_publisert,utforske og sammenligne ulike former for kulisser,,utforske og sammenligne ulike former for kulisser,,nei,,KM2122
http://psi.udir.no/kl06/KM13783,KM13783,MUS03,03,Læreplan i drama og rytmikk for elever med tegnspråk,"Drama og rytmikk for hørselshemmede, 3. årstrinn | Drama og rytmikk for hørselshemmede, 4. årstrinn",Fjerde årstrinn,status_publisert,utforske og sammenligne ulike sjangre og virkemidler i tegnspråkpoesi fra både Norge og andre land,,utforske og sammenligne ulike sjangre og virkemidler i tegnspråkpoesi fra både Norge og andre land,,nei,,KM2123
http://psi.udir.no/kl06/KM13784,KM13784,MUS03,03,Læreplan i drama og rytmikk for elever med tegnspråk,"Drama og rytmikk for hørselshemmede, 3. årstrinn | Drama og rytmikk for hørselshemmede, 4. årstrinn",Fjerde årstrinn,status_publisert,"analysere og drøfte norske, samiske og andre kulturers uttrykksformer",,"analysere og drøfte norske, samiske og andre kulturers uttrykksformer",,nei,,KM2124
http://psi.udir.no/kl06/KM13785,KM13785,MUS03,03,Læreplan i drama og rytmikk for elever med tegnspråk,"Drama og rytmikk for hørselshemmede, 3. årstrinn | Drama og rytmikk for hørselshemmede, 4. årstrinn",Fjerde årstrinn,status_publisert,drøfte bruksområder for instrumenter og bruke grunnleggende fagbegreper knyttet til temaet,,drøfte bruksområder for instrumenter og bruke grunnleggende fagbegreper knyttet til temaet,,nei,,KM2108
http://psi.udir.no/kl06/KM13786,KM13786,MUS03,03,Læreplan i drama og rytmikk for elever med tegnspråk,"Drama og rytmikk for hørselshemmede, 5. årstrinn | Drama og rytmikk for hørselshemmede, 6. årstrinn | Drama og rytmikk for hørselshemmede, 7. årstrinn",Syvende årstrinn,status_publisert,improvisere med kroppsbevegelser og kreativ bruk av visual vernacular for å skape kunstneriske uttrykk,,improvisere med kroppsbevegelser og kreativ bruk av visual vernacular for å skape kunstneriske uttrykk,,nei,,KM2107
http://psi.udir.no/kl06/KM13788,KM13788,MUS03,03,Læreplan i drama og rytmikk for elever med tegnspråk,"Drama og rytmikk for hørselshemmede, 5. årstrinn | Drama og rytmikk for hørselshemmede, 6. årstrinn | Drama og rytmikk for hørselshemmede, 7. årstrinn",Syvende årstrinn,status_publisert,"presentere egne ideer, tanker og følelser gjennom bevegelser, rytme og dans både individuelt og i gruppe",,"presentere egne ideer, tanker og følelser gjennom bevegelser, rytme og dans både individuelt og i gruppe",,nei,,KM2105
http://psi.udir.no/kl06/KM13789,KM13789,MUS03,03,Læreplan i drama og rytmikk for elever med tegnspråk,"Drama og rytmikk for hørselshemmede, 5. årstrinn | Drama og rytmikk for hørselshemmede, 6. årstrinn | Drama og rytmikk for hørselshemmede, 7. årstrinn",Syvende årstrinn,status_publisert,"undersøke hvordan kjønn, kjønnsroller og seksualitet fremstilles i musikk og dans i det offentlige rom, og skape uttrykk som utfordrer stereotypier",,"undersøke hvordan kjønn, kjønnsroller og seksualitet fremstilles i musikk og dans i det offentlige rom, og skape uttrykk som utfordrer stereotypier",,nei,,KM2090
http://psi.udir.no/kl06/KM13790,KM13790,MUS03,03,Læreplan i drama og rytmikk for elever med tegnspråk,"Drama og rytmikk for hørselshemmede, 5. årstrinn | Drama og rytmikk for hørselshemmede, 6. årstrinn | Drama og rytmikk for hørselshemmede, 7. årstrinn",Syvende årstrinn,status_publisert,"utforske og bruke ulike former for skrevne tekster som utgangspunkt for visuelle uttrykk som tegnspråkpoesi, dans og drama",,"utforske og bruke ulike former for skrevne tekster som utgangspunkt for visuelle uttrykk som tegnspråkpoesi, dans og drama",,nei,,KM2091
http://psi.udir.no/kl06/KM13791,KM13791,MUS03,03,Læreplan i drama og rytmikk for elever med tegnspråk,"Drama og rytmikk for hørselshemmede, 5. årstrinn | Drama og rytmikk for hørselshemmede, 6. årstrinn | Drama og rytmikk for hørselshemmede, 7. årstrinn",Syvende årstrinn,status_publisert,kunne overføre bevegelse og handling til et skriftlig format i form av tekst og grafisk notasjon,,kunne overføre bevegelse og handling til et skriftlig format i form av tekst og grafisk notasjon,,nei,,KM2092
http://psi.udir.no/kl06/KM13794,KM13794,MUS03,03,Læreplan i drama og rytmikk for elever med tegnspråk,"Drama og rytmikk for hørselshemmede, 5. årstrinn | Drama og rytmikk for hørselshemmede, 6. årstrinn | Drama og rytmikk for hørselshemmede, 7. årstrinn",Syvende årstrinn,status_publisert,kunne reflektere over og bruke fagbegreper om hvordan bruk av instrumenter kan påvirke dramatiske forløp,,kunne reflektere over og bruke fagbegreper om hvordan bruk av instrumenter kan påvirke dramatiske forløp,,nei,,KM2095
http://psi.udir.no/kl06/KM13787,KM13787,MUS03,03,Læreplan i drama og rytmikk for elever med tegnspråk,"Drama og rytmikk for hørselshemmede, 5. årstrinn | Drama og rytmikk for hørselshemmede, 6. årstrinn | Drama og rytmikk for hørselshemmede, 7. årstrinn",Syvende årstrinn,status_publisert,bruke digitale verktøy i arbeid med egne og andres framføringer,,bruke digitale verktøy i arbeid med egne og andres framføringer,,nei,,KM2106
http://psi.udir.no/kl06/KM13792,KM13792,MUS03,03,Læreplan i drama og rytmikk for elever med tegnspråk,"Drama og rytmikk for hørselshemmede, 5. årstrinn | Drama og rytmikk for hørselshemmede, 6. årstrinn | Drama og rytmikk for hørselshemmede, 7. årstrinn",Syvende årstrinn,status_publisert,"utvikle og bruke enkle kulisser, rekvisitter og kostymer til riktige formål og utforske forskjellige lysteknikker",,"utvikle og bruke enkle kulisser, rekvisitter og kostymer til riktige formål og utforske forskjellige lysteknikker",,nei,,KM2093
http://psi.udir.no/kl06/KM13793,KM13793,MUS03,03,Læreplan i drama og rytmikk for elever med tegnspråk,"Drama og rytmikk for hørselshemmede, 5. årstrinn | Drama og rytmikk for hørselshemmede, 6. årstrinn | Drama og rytmikk for hørselshemmede, 7. årstrinn",Syvende årstrinn,status_publisert,"drøfte særtrekk ved tegnspråkteater og tegnspråkpoesi, og sammenligne det med ulike kunstuttrykk fra andre kulturer, inkludert samisk kultur",,"drøfte særtrekk ved tegnspråkteater og tegnspråkpoesi, og sammenligne det med ulike kunstuttrykk fra andre kulturer, inkludert samisk kultur",,nei,,KM2094
http://psi.udir.no/kl06/KM13795,KM13795,MUS03,03,Læreplan i drama og rytmikk for elever med tegnspråk,"Drama og rytmikk for hørselshemmede, 5. årstrinn | Drama og rytmikk for hørselshemmede, 6. årstrinn | Drama og rytmikk for hørselshemmede, 7. årstrinn",Syvende årstrinn,status_publisert,reflektere over hvordan kulturelle uttrykk kan spille ulike roller for utvikling av individers og gruppers identitet,,reflektere over hvordan kulturelle uttrykk kan spille ulike roller for utvikling av individers og gruppers identitet,,nei,,KM2096
http://psi.udir.no/kl06/KM13796,KM13796,MUS03,03,Læreplan i drama og rytmikk for elever med tegnspråk,"Drama og rytmikk for hørselshemmede, 8. årstrinn | Drama og rytmikk for hørselshemmede, 9. årstrinn | Drama og rytmikk for hørselshemmede, 10. årstrinn",Tiende årstrinn,status_publisert,bruke grunnelementer i drama og utvikle egne spill ved å skrive manus med dialog og sceneanvisninger,,bruke grunnelementer i drama og utvikle egne spill ved å skrive manus med dialog og sceneanvisninger,,nei,,KM2097
http://psi.udir.no/kl06/KM13799,KM13799,MUS03,03,Læreplan i drama og rytmikk for elever med tegnspråk,"Drama og rytmikk for hørselshemmede, 8. årstrinn | Drama og rytmikk for hørselshemmede, 9. årstrinn | Drama og rytmikk for hørselshemmede, 10. årstrinn",Tiende årstrinn,status_publisert,improvisere ut fra tekst og visuelt materiale for å utvikle egne uttrykk,,improvisere ut fra tekst og visuelt materiale for å utvikle egne uttrykk,,nei,,KM2100
http://psi.udir.no/kl06/KM13800,KM13800,MUS03,03,Læreplan i drama og rytmikk for elever med tegnspråk,"Drama og rytmikk for hørselshemmede, 8. årstrinn | Drama og rytmikk for hørselshemmede, 9. årstrinn | Drama og rytmikk for hørselshemmede, 10. årstrinn",Tiende årstrinn,status_publisert,utvikle og presentere tegnspråkpoesi og gjøre rede for og begrunne valg av sjangre og virkemidler,,utvikle og presentere tegnspråkpoesi og gjøre rede for og begrunne valg av sjangre og virkemidler,,nei,,KM2101
http://psi.udir.no/kl06/KM13801,KM13801,MUS03,03,Læreplan i drama og rytmikk for elever med tegnspråk,"Drama og rytmikk for hørselshemmede, 8. årstrinn | Drama og rytmikk for hørselshemmede, 9. årstrinn | Drama og rytmikk for hørselshemmede, 10. årstrinn",Tiende årstrinn,status_publisert,bruke relevante faglige begreper i presentasjon av et selvvalgt arbeid innenfor drama og rytmikk,,bruke relevante faglige begreper i presentasjon av et selvvalgt arbeid innenfor drama og rytmikk,,nei,,KM2102
http://psi.udir.no/kl06/KM13797,KM13797,MUS03,03,Læreplan i drama og rytmikk for elever med tegnspråk,"Drama og rytmikk for hørselshemmede, 8. årstrinn | Drama og rytmikk for hørselshemmede, 9. årstrinn | Drama og rytmikk for hørselshemmede, 10. årstrinn",Tiende årstrinn,status_publisert,"bruke digitalt opptaksutstyr, rytmiske instrumenter og lysteknikk i egne oppsetninger",,"bruke digitalt opptaksutstyr, rytmiske instrumenter og lysteknikk i egne oppsetninger",,nei,,KM2098
http://psi.udir.no/kl06/KM13802,KM13802,MUS03,03,Læreplan i drama og rytmikk for elever med tegnspråk,"Drama og rytmikk for hørselshemmede, 8. årstrinn | Drama og rytmikk for hørselshemmede, 9. årstrinn | Drama og rytmikk for hørselshemmede, 10. årstrinn",Tiende årstrinn,status_publisert,"utvikle egne danseuttrykk med utgangspunkt i visuelle og rytmiske inntrykk fra egen kultur, samisk kultur og internasjonal kultur",,"utvikle egne danseuttrykk med utgangspunkt i visuelle og rytmiske inntrykk fra egen kultur, samisk kultur og internasjonal kultur",,nei,,KM2103
http://psi.udir.no/kl06/KM13798,KM13798,MUS03,03,Læreplan i drama og rytmikk for elever med tegnspråk,"Drama og rytmikk for hørselshemmede, 8. årstrinn | Drama og rytmikk for hørselshemmede, 9. årstrinn | Drama og rytmikk for hørselshemmede, 10. årstrinn",Tiende årstrinn,status_publisert,"utvikle og bruke kostymer, rekvisitter og kulisser som passer til formålet",,"utvikle og bruke kostymer, rekvisitter og kulisser som passer til formålet",,nei,,KM2099
http://psi.udir.no/kl06/KM13803,KM13803,MUS03,03,Læreplan i drama og rytmikk for elever med tegnspråk,"Drama og rytmikk for hørselshemmede, 8. årstrinn | Drama og rytmikk for hørselshemmede, 9. årstrinn | Drama og rytmikk for hørselshemmede, 10. årstrinn",Tiende årstrinn,status_publisert,"drøfte og reflektere rundt teater, film og musikk som kunst og kulturelle uttrykk og som underholdnings- og forbruksvare",,"drøfte og reflektere rundt teater, film og musikk som kunst og kulturelle uttrykk og som underholdnings- og forbruksvare",,nei,,KM2104
http://psi.udir.no/kl06/KM13804,KM13804,MUS03,03,Læreplan i drama og rytmikk for elever med tegnspråk,"Drama og rytmikk for hørselshemmede, 8. årstrinn | Drama og rytmikk for hørselshemmede, 9. årstrinn | Drama og rytmikk for hørselshemmede, 10. årstrinn",Tiende årstrinn,status_publisert,"utforske og reflektere over hvordan teater, film og musikk gjenspeiler trekk ved samfunnsutvikling og ungdomskultur, og hvordan dette kan komme til uttrykk gjennom ulike kulturelle uttrykksformer",,"utforske og reflektere over hvordan teater, film og musikk gjenspeiler trekk ved samfunnsutvikling og ungdomskultur, og hvordan dette kan komme til uttrykk gjennom ulike kulturelle uttrykksformer",,nei,,KM2116
http://psi.udir.no/kl06/KM13805,KM13805,MUS03,03,Læreplan i drama og rytmikk for elever med tegnspråk,"Drama og rytmikk for hørselshemmede, 8. årstrinn | Drama og rytmikk for hørselshemmede, 9. årstrinn | Drama og rytmikk for hørselshemmede, 10. årstrinn",Tiende årstrinn,status_publisert,utforske og drøfte musikken og dansens betydning i samfunnet og etiske problemstillinger knyttet til musikalske ytringer og musikkulturer,,utforske og drøfte musikken og dansens betydning i samfunnet og etiske problemstillinger knyttet til musikalske ytringer og musikkulturer,,nei,,KM2126
http://psi.udir.no/kl06/KM13806,KM13806,NAT01,05,Læreplan i naturfag,Naturfag 1. årstrinn | Naturfag 2. årstrinn,Andre årstrinn,status_publisert,"undre seg, utforske og lage spørsmål, og knytte dette til egne eller andres erfaringer","undre seg, utforske og lage spørsmål, og knyte dette til eigne eller andre sine erfaringar","undre seg, utforske og lage spørsmål, og knytte dette til egne eller andres erfaringer","query, explore and make questions and to link these to one's own or others’ experiences",ja,,KM679
http://psi.udir.no/kl06/KM13807,KM13807,NAT01,05,Læreplan i naturfag,Naturfag 1. årstrinn | Naturfag 2. årstrinn,Andre årstrinn,status_publisert,presentere funnene sine og beskrive hvordan eleven har kommet fram til dem,presentere funna sine og beskrive korleis eleven har kome fram til dei,presentere funnene sine og beskrive hvordan eleven har kommet fram til dem,present one’s findings and describe how one has arrived at them,ja,,KM784
http://psi.udir.no/kl06/KM13808,KM13808,NAT01,05,Læreplan i naturfag,Naturfag 1. årstrinn | Naturfag 2. årstrinn,Andre årstrinn,status_publisert,presentere egne ideer til teknologiske oppfinnelser,presentere eigne idear til teknologiske oppfinningar,presentere egne ideer til teknologiske oppfinnelser,present one’s own ideas for technological inventions,ja,,KM785
http://psi.udir.no/kl06/KM13809,KM13809,NAT01,05,Læreplan i naturfag,Naturfag 1. årstrinn | Naturfag 2. årstrinn,Andre årstrinn,status_publisert,"utforske og beskrive observerbare egenskaper til ulike objekter, materialer og stoffer og sortere etter egenskaper","utforske og beskrive observerbare eigenskapar til ulike objekt, materiale og stoff og sortere etter eigenskapar","utforske og beskrive observerbare egenskaper til ulike objekter, materialer og stoffer og sortere etter egenskaper","explore and describe observable properties of different objects, materials and substances and sort them according to their properties",ja,,KM786
http://psi.udir.no/kl06/KM13815,KM13815,NAT01,05,Læreplan i naturfag,Naturfag 1. årstrinn | Naturfag 2. årstrinn,Andre årstrinn,status_publisert,samtale om hvordan vi kan ta miljøbevisste valg og gjennomføre lokale miljøtiltak,samtale om korleis vi kan ta miljømedvitne val og gjennomføre lokale miljøtiltak,samtale om hvordan vi kan ta miljøbevisste valg og gjennomføre lokale miljøtiltak,talk about how we can make environmentally aware choices and carry out local environmental initiatives,ja,,KM792
http://psi.udir.no/kl06/KM13810,KM13810,NAT01,05,Læreplan i naturfag,Naturfag 1. årstrinn | Naturfag 2. årstrinn,Andre årstrinn,status_publisert,utforske et naturområde i nærmiljøet og beskrive hvordan noen organismer er tilpasset området og hverandre,utforske eit naturområde i nærmiljøet og beskrive korleis nokre organismar er tilpassa området og kvarandre,utforske et naturområde i nærmiljøet og beskrive hvordan noen organismer er tilpasset området og hverandre,explore a local natural area and describe how some organisms are adapted to the area and to each other,ja,,KM787
http://psi.udir.no/kl06/KM13811,KM13811,NAT01,05,Læreplan i naturfag,Naturfag 1. årstrinn | Naturfag 2. årstrinn,Andre årstrinn,status_publisert,"oppleve naturen til ulike årstider, reflektere over hvordan naturen er i endring, og hvorfor året deles inn på ulike måter i norsk og samisk tradisjon","oppleve naturen til ulike årstider, reflektere over korleis naturen er i endring, og kvifor året blir delt inn på ulike måtar i norsk og samisk tradisjon","oppleve naturen til ulike årstider, reflektere over hvordan naturen er i endring, og hvorfor året deles inn på ulike måter i norsk og samisk tradisjon","experience nature during the different seasons, reflect on how nature is undergoing changes and why the year is divided in different ways in the Norwegian and Sami traditions",ja,,KM788
http://psi.udir.no/kl06/KM13812,KM13812,NAT01,05,Læreplan i naturfag,Naturfag 1. årstrinn | Naturfag 2. årstrinn,Andre årstrinn,status_publisert,"planlegge og gjennomføre undersøkelser av vær og himmelfenomener og sammenligne målinger, observasjoner og værtegn gjennom året","planleggje og gjennomføre undersøkingar av ver og himmelfenomen og samanlikne målingar, observasjonar og verteikn gjennom året","planlegge og gjennomføre undersøkelser av vær og himmelfenomener og sammenligne målinger, observasjoner og værtegn gjennom året","plan and carry out examinations of weather and sky phenomena and compare measurements, observations and weather signs throughout the year",ja,,KM789
http://psi.udir.no/kl06/KM13813,KM13813,NAT01,05,Læreplan i naturfag,Naturfag 1. årstrinn | Naturfag 2. årstrinn,Andre årstrinn,status_publisert,utforske sansene gjennom lek ute og inne og samtale om hvordan sansene brukes til å samle informasjon,utforske sansane gjennom leik ute og inne og samtale om korleis sansane blir brukte til å samle informasjon,utforske sansene gjennom lek ute og inne og samtale om hvordan sansene brukes til å samle informasjon,explore the senses through indoor and outdoor play and talk about how the senses are used to collect information,ja,,KM790
http://psi.udir.no/kl06/KM13814,KM13814,NAT01,05,Læreplan i naturfag,Naturfag 1. årstrinn | Naturfag 2. årstrinn,Andre årstrinn,status_publisert,gi eksempler på noen vanlige sykdommer og samtale om hva man kan gjøre for å verne kroppen mot smittsomme sykdommer,gi døme på nokre vanlege sjukdommar og samtale om kva ein kan gjere for å verne kroppen mot smittsame sjukdommar,gi eksempler på noen vanlige sykdommer og samtale om hva man kan gjøre for å verne kroppen mot smittsomme sykdommer,give examples of some common diseases and talk about what can be done to protect the body from infectious diseases,ja,,KM791
http://psi.udir.no/kl06/KM13816,KM13816,NAT01,05,Læreplan i naturfag,Naturfag 4. årstrinn | Naturfag 5. årstrinn,Femte årstrinn,status_publisert,"undre seg, stille spørsmål og lage hypoteser og utforske disse for å finne svar","undre seg, stille spørsmål og lage hypotesar og utforske desse for å finne svar","undre seg, stille spørsmål og lage hypoteser og utforske disse for å finne svar","query, ask questions, formulate hypotheses and explore them to find answers",ja,,KM793
http://psi.udir.no/kl06/KM13817,KM13817,NAT01,05,Læreplan i naturfag,Naturfag 4. årstrinn | Naturfag 5. årstrinn,Femte årstrinn,status_publisert,"bruke tabeller og figurer til å organisere data, lage forklaringer basert på data og presentere funn","bruke tabellar og figurar til å organisere data, lage forklaringar baserte på data og presentere funn","bruke tabeller og figurer til å organisere data, lage forklaringer basert på data og presentere funn","use tables and figures to structure data, make explanations based on data and present findings",ja,,KM794
http://psi.udir.no/kl06/KM13818,KM13818,NAT01,05,Læreplan i naturfag,Naturfag 4. årstrinn | Naturfag 5. årstrinn,Femte årstrinn,status_publisert,sammenligne modeller med observasjoner og samtale om hvorfor vi bruker modeller i naturfag,samanlikne modellar med observasjonar og samtale om kvifor vi bruker modellar i naturfag,sammenligne modeller med observasjoner og samtale om hvorfor vi bruker modeller i naturfag,compare models with observations and talk about how we use models in natural science,ja,,KM795
http://psi.udir.no/kl06/KM13820,KM13820,NAT01,05,Læreplan i naturfag,Naturfag 4. årstrinn | Naturfag 5. årstrinn,Femte årstrinn,status_publisert,"utforske teknologiske systemer som er satt sammen av ulike deler, og beskrive hvordan delene fungerer og virker sammen","utforske teknologiske system som er sette saman av ulike delar, og beskrive korleis delane fungerer og verkar saman","utforske teknologiske systemer som er satt sammen av ulike deler, og beskrive hvordan delene fungerer og virker sammen",explore technological systems that are composed of different parts and describe how the parts function and work together,ja,,KM797
http://psi.udir.no/kl06/KM13821,KM13821,NAT01,05,Læreplan i naturfag,Naturfag 4. årstrinn | Naturfag 5. årstrinn,Femte årstrinn,status_publisert,designe og lage et produkt basert på en kravspesifikasjon,designe og lage eit produkt basert på ein kravspesifikasjon,designe og lage et produkt basert på en kravspesifikasjon,design and make a product based on specifications,ja,,KM798
http://psi.udir.no/kl06/KM13822,KM13822,NAT01,05,Læreplan i naturfag,Naturfag 4. årstrinn | Naturfag 5. årstrinn,Femte årstrinn,status_publisert,utforske og beskrive hvordan noen stoffer kan endre seg når de blandes med andre stoffer,utforske og beskrive korleis nokre stoff kan endre seg når dei blir blanda med andre stoff,utforske og beskrive hvordan noen stoffer kan endre seg når de blandes med andre stoffer,explore and describe how some substances can change when mixed with other substances,ja,,KM799
http://psi.udir.no/kl06/KM13823,KM13823,NAT01,05,Læreplan i naturfag,Naturfag 4. årstrinn | Naturfag 5. årstrinn,Femte årstrinn,status_publisert,utforske observerbare størrelser som fart og temperatur og knytte dem til energi,"utforske storleikar som lar seg observere, som fart og temperatur, og knyte dei til energi",utforske observerbare størrelser som fart og temperatur og knytte dem til energi,"explore observable quantities, such as speed and temperature, and connect them to energy",ja,,KM800
http://psi.udir.no/kl06/KM13824,KM13824,NAT01,05,Læreplan i naturfag,Naturfag 4. årstrinn | Naturfag 5. årstrinn,Femte årstrinn,status_publisert,"samtale om hva energi er, og utforske ulike energikjeder","samtale om kva energi er, og utforske ulike energikjeder","samtale om hva energi er, og utforske ulike energikjeder",talk about what energy is and explore different energy chains,ja,,KM783
http://psi.udir.no/kl06/KM13819,KM13819,NAT01,05,Læreplan i naturfag,Naturfag 4. årstrinn | Naturfag 5. årstrinn,Femte årstrinn,status_publisert,utforske et naturområde og drøfte bærekraftig bruk av området,utforske eit naturområde og drøfte berekraftig bruk av området,utforske et naturområde og drøfte bærekraftig bruk av området,explore an area in nature and discuss sustainable use of the area,ja,,KM796
http://psi.udir.no/kl06/KM13825,KM13825,NAT01,05,Læreplan i naturfag,Naturfag 4. årstrinn | Naturfag 5. årstrinn,Femte årstrinn,status_publisert,utforske og sammenligne ulike dyre- og plantearters tilpasninger til miljø og levesteder og drøfte hvorfor noen arter dør ut,"utforske og samanlikne korleis ulike dyre- og planteartar har tilpassa seg miljø og levestader, og drøfte kvifor nokre artar døyr ut",utforske og sammenligne ulike dyre- og plantearters tilpasninger til miljø og levesteder og drøfte hvorfor noen arter dør ut,explore and compare how different species of animals and plants adapt to environments and habitats and discuss why some species become extinct,ja,,KM801
http://psi.udir.no/kl06/KM13827,KM13827,NAT01,05,Læreplan i naturfag,Naturfag 4. årstrinn | Naturfag 5. årstrinn,Femte årstrinn,status_publisert,delta i høsting og bruk av naturressurser og drøfte hvordan naturressurser kan brukes på en bærekraftig måte,delta i hausting og bruk av naturressursar og drøfte korleis naturressursar kan bli brukte på ein berekraftig måte,delta i høsting og bruk av naturressurser og drøfte hvordan naturressurser kan brukes på en bærekraftig måte,participate in harvesting and using natural resources and explain how natural resources can be used in a sustainable way,ja,,KM780
http://psi.udir.no/kl06/KM13826,KM13826,NAT01,05,Læreplan i naturfag,Naturfag 4. årstrinn | Naturfag 5. årstrinn,Femte årstrinn,status_publisert,gi eksempler på god dyrevelferd og reflektere over hvordan dyrs behov kan ivaretas,gi døme på god dyrevelferd og reflektere over korleis ein kan vareta behova til dyr,gi eksempler på god dyrevelferd og reflektere over hvordan dyrs behov kan ivaretas,give examples of good animal welfare and reflect on how to look after the needs of animals,ja,,KM782
http://psi.udir.no/kl06/KM13828,KM13828,NAT01,05,Læreplan i naturfag,Naturfag 4. årstrinn | Naturfag 5. årstrinn,Femte årstrinn,status_publisert,utforske og beskrive vannets kretsløp og gjøre rede for hvorfor vann er viktig for livet på jorda,utforske og beskrive kretsløpet til vatnet og gjere greie for kvifor vatn er viktig for livet på jorda,utforske og beskrive vannets kretsløp og gjøre rede for hvorfor vann er viktig for livet på jorda,explore and describe the water cycle and explain why water is important for life on Earth,ja,,KM763
http://psi.udir.no/kl06/KM13832,KM13832,NAT01,05,Læreplan i naturfag,Naturfag 4. årstrinn | Naturfag 5. årstrinn,Femte årstrinn,status_publisert,"samtale om hva fysisk og psykisk helse er, og drøfte hvordan livsstil og trivsel påvirker helse",samtale om kva fysisk og psykisk helse er og drøfte korleis livsstil og trivnad påverkar helse,"samtale om hva fysisk og psykisk helse er, og drøfte hvordan livsstil og trivsel påvirker helse",talk about physical and mental health and explain how lifestyles and well-being affect health,ja,,KM767
http://psi.udir.no/kl06/KM13829,KM13829,NAT01,05,Læreplan i naturfag,Naturfag 4. årstrinn | Naturfag 5. årstrinn,Femte årstrinn,status_publisert,"samtale om likheter og ulikheter mellom kjønnene, om kjønnsidentitet og om menneskets reproduksjon","samtale om likskapar og ulikskapar mellom kjønna, om kjønnsidentitet og om korleis mennesket reproduserer seg","samtale om likheter og ulikheter mellom kjønnene, om kjønnsidentitet og om menneskets reproduksjon","talk about the similarities and differences between the genders, about gender identity and about human reproduction",ja,,KM764
http://psi.udir.no/kl06/KM13831,KM13831,NAT01,05,Læreplan i naturfag,Naturfag 4. årstrinn | Naturfag 5. årstrinn,Femte årstrinn,status_publisert,"beskrive hvordan muskler og skjelett fungerer, og knytte dette til bevegelse","beskrive korleis musklar og skjelett fungerer, og knyte dette til bevegelse","beskrive hvordan muskler og skjelett fungerer, og knytte dette til bevegelse",describe how the muscles and skeleton function and relate this to movement,ja,,KM766
http://psi.udir.no/kl06/KM13830,KM13830,NAT01,05,Læreplan i naturfag,Naturfag 4. årstrinn | Naturfag 5. årstrinn,Femte årstrinn,status_publisert,beskrive funksjoner i kroppens ytre forsvar og samtale om hvordan dette verner mot sykdom,beskrive funksjonar i det ytre forsvaret til kroppen og samtale om korleis dette vernar mot sjukdom,beskrive funksjoner i kroppens ytre forsvar og samtale om hvordan dette verner mot sykdom,describe functions in the body’s external defence mechanisms and talk about how these protect against disease,ja,,KM765
http://psi.udir.no/kl06/KM13833,KM13833,NAT01,05,Læreplan i naturfag,Naturfag 5. årstrinn | Naturfag 6. årstrinn | Naturfag 7. årstrinn,Syvende årstrinn,status_publisert,"stille spørsmål og lage hypoteser om naturfaglige fenomener, identifisere variabler og samle data for å finne svar","stille spørsmål og lage hypotesar om naturfaglege fenomen, identifisere variablar og samle data for å finne svar","stille spørsmål og lage hypoteser om naturfaglige fenomener, identifisere variabler og samle data for å finne svar","ask questions and formulate hypotheses about natural-science phenomena, identify variables and collect data to find answers",ja,,KM768
http://psi.udir.no/kl06/KM13834,KM13834,NAT01,05,Læreplan i naturfag,Naturfag 5. årstrinn | Naturfag 6. årstrinn | Naturfag 7. årstrinn,Syvende årstrinn,status_publisert,"skille mellom observasjoner og slutninger, organisere data, bruke årsak-virkning-argumenter, trekke slutninger, vurdere feilkilder og presentere funn","skilje mellom observasjonar og slutningar, organisere data, bruke årsak–verknad-argument, trekkje slutningar, vurdere feilkjelder og presentere funn","skille mellom observasjoner og slutninger, organisere data, bruke årsak-virkning-argumenter, trekke slutninger, vurdere feilkilder og presentere funn","distinguish between observations and conclusions, structure data, use cause and effect arguments, draw conclusions, assess sources of errors and present findings",ja,,KM769
http://psi.udir.no/kl06/KM13835,KM13835,NAT01,05,Læreplan i naturfag,Naturfag 5. årstrinn | Naturfag 6. årstrinn | Naturfag 7. årstrinn,Syvende årstrinn,status_publisert,"bruke og vurdere modeller som representerer fenomener man ikke kan observere direkte, og gjøre rede for hvorfor det brukes modeller i naturfag","bruke og vurdere modellar som representerer fenomen ein ikkje kan observere direkte, og gjere greie for kvifor det blir brukt modellar i naturfag","bruke og vurdere modeller som representerer fenomener man ikke kan observere direkte, og gjøre rede for hvorfor det brukes modeller i naturfag",use and assess models that represent phenomena that cannot be observed directly and explain why models are used in natural science,ja,,KM770
http://psi.udir.no/kl06/KM13836,KM13836,NAT01,05,Læreplan i naturfag,Naturfag 5. årstrinn | Naturfag 6. årstrinn | Naturfag 7. årstrinn,Syvende årstrinn,status_publisert,lese og forstå faremerking og reflektere over hensikten med disse,lese og forstå faremerking og reflektere over formålet med desse,lese og forstå faremerking og reflektere over hensikten med disse,read and understand hazard labelling and reflect on the purpose os such labelling,ja,,KM771
http://psi.udir.no/kl06/KM13837,KM13837,NAT01,05,Læreplan i naturfag,Naturfag 5. årstrinn | Naturfag 6. årstrinn | Naturfag 7. årstrinn,Syvende årstrinn,status_publisert,gi eksempler på hvordan naturvitenskapelig kunnskap er utviklet og utvikler seg,gi døme på korleis naturvitskapleg kunnskap er utvikla og utviklar seg,gi eksempler på hvordan naturvitenskapelig kunnskap er utviklet og utvikler seg,give examples of how natural-science knowledge has developed and continues to develop,ja,,KM772
http://psi.udir.no/kl06/KM13851,KM13851,NAT01,05,Læreplan i naturfag,Naturfag 5. årstrinn | Naturfag 6. årstrinn | Naturfag 7. årstrinn,Syvende årstrinn,status_publisert,gi eksempler på hvordan tradisjonell kunnskap har bidratt og bidrar til naturvitenskapelig kunnskap,gi døme på korleis tradisjonell kunnskap har bidrege og bidreg til naturvitskapleg kunnskap,gi eksempler på hvordan tradisjonell kunnskap har bidratt og bidrar til naturvitenskapelig kunnskap,give examples of how traditional knowledge has contributed and continues to contribute to natural-science knowledge,ja,,KM828
http://psi.udir.no/kl06/KM13838,KM13838,NAT01,05,Læreplan i naturfag,Naturfag 5. årstrinn | Naturfag 6. årstrinn | Naturfag 7. årstrinn,Syvende årstrinn,status_publisert,"utforske, lage og programmere teknologiske systemer som består av deler som virker sammen","utforske, lage og programmere teknologiske system som består av delar som verkar saman","utforske, lage og programmere teknologiske systemer som består av deler som virker sammen","explore, make and program technological systems that consist of parts that work together",ja,,KM773
http://psi.udir.no/kl06/KM13839,KM13839,NAT01,05,Læreplan i naturfag,Naturfag 5. årstrinn | Naturfag 6. årstrinn | Naturfag 7. årstrinn,Syvende årstrinn,status_publisert,designe og lage et produkt basert på brukerbehov,designe og lage eit produkt basert på brukarbehov,designe og lage et produkt basert på brukerbehov,design and make a product based on user needs,ja,,KM774
http://psi.udir.no/kl06/KM13840,KM13840,NAT01,05,Læreplan i naturfag,Naturfag 5. årstrinn | Naturfag 6. årstrinn | Naturfag 7. årstrinn,Syvende årstrinn,status_publisert,"reflektere over hvordan teknologi kan løse utfordringer, skape muligheter og føre til nye dilemmaer","reflektere over korleis teknologi kan løyse utfordringar, skape moglegheiter og føre til nye dilemma","reflektere over hvordan teknologi kan løse utfordringer, skape muligheter og føre til nye dilemmaer","reflect on how technology can solve challenges, create opportunities and lead to new dilemmas",ja,,KM775
http://psi.udir.no/kl06/KM13841,KM13841,NAT01,05,Læreplan i naturfag,Naturfag 5. årstrinn | Naturfag 6. årstrinn | Naturfag 7. årstrinn,Syvende årstrinn,status_publisert,utforske faseoverganger og kjemiske reaksjoner og beskrive hva som kjennetegner dem,utforske faseovergangar og kjemiske reaksjonar og beskrive kva som kjenneteiknar dei,utforske faseoverganger og kjemiske reaksjoner og beskrive hva som kjennetegner dem,explore phase transitions and chemical reactions and describe their properties,ja,,KM776
http://psi.udir.no/kl06/KM13852,KM13852,NAT01,05,Læreplan i naturfag,Naturfag 5. årstrinn | Naturfag 6. årstrinn | Naturfag 7. årstrinn,Syvende årstrinn,status_publisert,"bruke partikkelmodellen til å forklare faseoverganger og egenskapene til faste stoffer, væsker og gasser","bruke partikkelmodellen til å forklare faseovergangar og eigenskapane til faste stoff, væsker og gassar","bruke partikkelmodellen til å forklare faseoverganger og egenskapene til faste stoffer, væsker og gasser","use the particle model to explain phase transitions and the properties of solids, liquids and gases",ja,,KM829
http://psi.udir.no/kl06/KM13842,KM13842,NAT01,05,Læreplan i naturfag,Naturfag 5. årstrinn | Naturfag 6. årstrinn | Naturfag 7. årstrinn,Syvende årstrinn,status_publisert,utforske elektriske og magnetiske krefter gjennom forsøk og samtale om hvordan vi utnytter elektrisk energi i dagliglivet,utforske elektriske og magnetiske krefter gjennom forsøk og samtale om korleis vi utnyttar elektrisk energi i dagleglivet,utforske elektriske og magnetiske krefter gjennom forsøk og samtale om hvordan vi utnytter elektrisk energi i dagliglivet,explore electric and magnetic forces through experiments and talk about how we exploit electric energy in everyday life,ja,,KM777
http://psi.udir.no/kl06/KM13843,KM13843,NAT01,05,Læreplan i naturfag,Naturfag 5. årstrinn | Naturfag 6. årstrinn | Naturfag 7. årstrinn,Syvende årstrinn,status_publisert,"gjøre rede for hvordan organismer kan deles inn i hovedgrupper, og gi eksempler på ulike organismers særtrekk","gjere greie for korleis organismar kan delast inn i hovudgrupper, og gi døme på særtrekka til ulike organismar","gjøre rede for hvordan organismer kan deles inn i hovedgrupper, og gi eksempler på ulike organismers særtrekk",explain how organisms can be divided into main groups and give examples of the special features of different organisms,ja,,KM778
http://psi.udir.no/kl06/KM13853,KM13853,NAT01,05,Læreplan i naturfag,Naturfag 5. årstrinn | Naturfag 6. årstrinn | Naturfag 7. årstrinn,Syvende årstrinn,status_publisert,gjøre rede for betydningen av biologisk mangfold og gjennomføre tiltak for å bevare det biologiske mangfoldet i nærmiljøet,gjere greie for betydninga av biologisk mangfald og gjennomføre tiltak for å bevare det biologiske mangfaldet i nærmiljøet,gjøre rede for betydningen av biologisk mangfold og gjennomføre tiltak for å bevare det biologiske mangfoldet i nærmiljøet,explain the importance of biological diversity and implement measures to protect biological diversity in the local community,ja,,KM830
http://psi.udir.no/kl06/KM13844,KM13844,NAT01,05,Læreplan i naturfag,Naturfag 5. årstrinn | Naturfag 6. årstrinn | Naturfag 7. årstrinn,Syvende årstrinn,status_publisert,foreslå tiltak for å bevare det biologiske mangfoldet i nordområdene og gi eksempler på betydningen av tradisjonell kunnskap i naturforvaltning,foreslå tiltak for å bevare det biologiske mangfaldet i nordområda og gi døme på betydninga av tradisjonell kunnskap i naturforvaltning,foreslå tiltak for å bevare det biologiske mangfoldet i nordområdene og gi eksempler på betydningen av tradisjonell kunnskap i naturforvaltning,propose measures to preserve biological diversity in northern areas and give examples of the importance of traditional knowledge in nature management,ja,,KM779
http://psi.udir.no/kl06/KM13845,KM13845,NAT01,05,Læreplan i naturfag,Naturfag 5. årstrinn | Naturfag 6. årstrinn | Naturfag 7. årstrinn,Syvende årstrinn,status_publisert,utforske og beskrive ulike næringsnett og bruke dette til å diskutere samspill i naturen,utforske og beskrive ulike næringsnett og bruke dette til å diskutere samspel i naturen,utforske og beskrive ulike næringsnett og bruke dette til å diskutere samspill i naturen,explore and describe different food cycles and use this to discuss synergy in nature,ja,,KM781
http://psi.udir.no/kl06/KM13846,KM13846,NAT01,05,Læreplan i naturfag,Naturfag 5. årstrinn | Naturfag 6. årstrinn | Naturfag 7. årstrinn,Syvende årstrinn,status_publisert,"beskrive og visualisere hvordan døgn, månefaser og årstider oppstår, og samtale om hvordan dette påvirker livet på jorda","beskrive og visualisere korleis døgn, månefasar og årstider oppstår, og samtale om korleis dette påverkar livet på jorda","beskrive og visualisere hvordan døgn, månefaser og årstider oppstår, og samtale om hvordan dette påvirker livet på jorda","describe and visualise how day and night, moon phases and seasons arise and talk about the effect on life on Earth",ja,,KM803
http://psi.udir.no/kl06/KM13847,KM13847,NAT01,05,Læreplan i naturfag,Naturfag 5. årstrinn | Naturfag 6. årstrinn | Naturfag 7. årstrinn,Syvende årstrinn,status_publisert,gjøre rede for jordas forutsetninger for liv og sammenligne med andre himmellegemer i universet,"gjere greie for føresetnadene jorda har for liv, og samanlikne med andre himmellekamar i universet",gjøre rede for jordas forutsetninger for liv og sammenligne med andre himmellegemer i universet,explain the conditions for life on Earth and compare these to other celestial bodies in the universe,ja,,KM823
http://psi.udir.no/kl06/KM13848,KM13848,NAT01,05,Læreplan i naturfag,Naturfag 5. årstrinn | Naturfag 6. årstrinn | Naturfag 7. årstrinn,Syvende årstrinn,status_publisert,"gjøre rede for hvordan det geologiske kretsløpet, platetektonikk og ytre krefter er med på å forme og endre ulike landskap","gjere greie for korleis det geologiske kretsløpet, platetektonikk og ytre krefter er med på å forme og endre ulike landskap","gjøre rede for hvordan det geologiske kretsløpet, platetektonikk og ytre krefter er med på å forme og endre ulike landskap","explain how the geological cycle, plate tectonics and external forces help shape and change different landscapes",ja,,KM804
http://psi.udir.no/kl06/KM13849,KM13849,NAT01,05,Læreplan i naturfag,Naturfag 5. årstrinn | Naturfag 6. årstrinn | Naturfag 7. årstrinn,Syvende årstrinn,status_publisert,"gjøre rede for fysiske og psykiske forandringer i puberteten og samtale om hvordan dette kan påvirke følelser, handlinger og seksualitet","gjere greie for fysiske og psykiske forandringar i puberteten og samtale om korleis dette kan påverke kjensler, handlingar og seksualitet","gjøre rede for fysiske og psykiske forandringer i puberteten og samtale om hvordan dette kan påvirke følelser, handlinger og seksualitet","explain physical and mental changes during puberty and talk about how these can affect emotions, actions and sexuality",ja,,KM826
http://psi.udir.no/kl06/KM13850,KM13850,NAT01,05,Læreplan i naturfag,Naturfag 5. årstrinn | Naturfag 6. årstrinn | Naturfag 7. årstrinn,Syvende årstrinn,status_publisert,gjøre rede for noen av kroppens organsystemer og beskrive hvordan systemene virker sammen,gjere greie for nokre av organsystema i kroppen og beskrive korleis systema verkar saman,gjøre rede for noen av kroppens organsystemer og beskrive hvordan systemene virker sammen,describe some of the body’s organ systems and describe how the systems work together,ja,,KM827
http://psi.udir.no/kl06/KM13854,KM13854,NAT01,05,Læreplan i naturfag,Naturfag 8. årstrinn | Naturfag 9. årstrinn | Naturfag 10. årstrinn,Tiende årstrinn,status_publisert,"stille spørsmål og lage hypoteser om naturfaglige fenomener, identifisere avhengige og uavhengige variabler og samle data for å finne svar","stille spørsmål og lage hypotesar om naturfaglege fenomen, identifisere avhengige og uavhengige variablar og samle data for å finne svar","stille spørsmål og lage hypoteser om naturfaglige fenomener, identifisere avhengige og uavhengige variabler og samle data for å finne svar","ask questions and formulate hypotheses about natural-science phenomena, identify dependent and independent variables and collect data to find answers",ja,,KM831
http://psi.udir.no/kl06/KM13855,KM13855,NAT01,05,Læreplan i naturfag,Naturfag 8. årstrinn | Naturfag 9. årstrinn | Naturfag 10. årstrinn,Tiende årstrinn,status_publisert,"analysere og bruke innsamlede data til å lage forklaringer, drøfte forklaringene i lys av relevant teori og vurdere kvaliteten på egne og andres utforskinger","analysere og bruke innsamla data til å lage forklaringar, drøfte forklaringane i lys av relevant teori og vurdere kvaliteten på eigne og andre sine utforskingar","analysere og bruke innsamlede data til å lage forklaringer, drøfte forklaringene i lys av relevant teori og vurdere kvaliteten på egne og andres utforskinger","analyse and use collected data to make explanations, discuss the explanations in the light of relevant theory and assess the quality of one’s own and others’ explorations",ja,,KM832
http://psi.udir.no/kl06/KM13856,KM13856,NAT01,05,Læreplan i naturfag,Naturfag 8. årstrinn | Naturfag 9. årstrinn | Naturfag 10. årstrinn,Tiende årstrinn,status_publisert,bruke og lage modeller for å forutsi eller beskrive naturfaglige prosesser og systemer og gjøre rede for modellenes styrker og begrensninger,bruke og lage modellar for å føreseie eller beskrive naturfaglege prosessar og system og gjere greie for kva styrkar og avgrensingar modellane har,bruke og lage modeller for å forutsi eller beskrive naturfaglige prosesser og systemer og gjøre rede for modellenes styrker og begrensninger,use and make models to predict or describe natural-science processes and systems and explain the strengths and limitations of the models,ja,,KM833
http://psi.udir.no/kl06/KM13857,KM13857,NAT01,05,Læreplan i naturfag,Naturfag 8. årstrinn | Naturfag 9. årstrinn | Naturfag 10. årstrinn,Tiende årstrinn,status_publisert,delta i risikovurderinger knyttet til forsøk og følge sikkerhetstiltakene,delta i risikovurderingar knytte til forsøk og følgje sikkerheitstiltaka,delta i risikovurderinger knyttet til forsøk og følge sikkerhetstiltakene,participate in risk assessments in relation to experiments and comply with safety measures,ja,,KM834
http://psi.udir.no/kl06/KM13858,KM13858,NAT01,05,Læreplan i naturfag,Naturfag 8. årstrinn | Naturfag 9. årstrinn | Naturfag 10. årstrinn,Tiende årstrinn,status_publisert,gi eksempler på dagsaktuell forskning og drøfte hvordan ny kunnskap genereres gjennom samarbeid og kritisk tilnærming til eksisterende kunnskap,gi døme på dagsaktuell forsking og drøfte korleis ny kunnskap blir generert gjennom samarbeid og kritisk tilnærming til eksisterande kunnskap,gi eksempler på dagsaktuell forskning og drøfte hvordan ny kunnskap genereres gjennom samarbeid og kritisk tilnærming til eksisterende kunnskap,give examples of current research and explain how new knowledge is generated through collaboration and a critical approach to existing knowledge,ja,,KM835
http://psi.udir.no/kl06/KM13859,KM13859,NAT01,05,Læreplan i naturfag,Naturfag 8. årstrinn | Naturfag 9. årstrinn | Naturfag 10. årstrinn,Tiende årstrinn,status_publisert,"utforske, forstå og lage teknologiske systemer som består av en sender og en mottaker","utforske, forstå og lage teknologiske system som består av ein sendar og ein mottakar","utforske, forstå og lage teknologiske systemer som består av en sender og en mottaker","explore, understand and make technological systems that have a transmitter and receiver",ja,,KM836
http://psi.udir.no/kl06/KM13860,KM13860,NAT01,05,Læreplan i naturfag,Naturfag 8. årstrinn | Naturfag 9. årstrinn | Naturfag 10. årstrinn,Tiende årstrinn,status_publisert,bruke programmering til å utforske naturfaglige fenomener,bruke programmering til å utforske naturfaglege fenomen,bruke programmering til å utforske naturfaglige fenomener,use programming to explore natural-science phenomena,ja,,KM837
http://psi.udir.no/kl06/KM13861,KM13861,NAT01,05,Læreplan i naturfag,Naturfag 8. årstrinn | Naturfag 9. årstrinn | Naturfag 10. årstrinn,Tiende årstrinn,status_publisert,"utforske kjemiske reaksjoner, forklare massebevaring og gjøre rede for betydninger av noen forbrenningsreaksjoner","utforske kjemiske reaksjonar, forklare massebevaring og gjere greie for betydningar av nokre forbrenningsreaksjonar","utforske kjemiske reaksjoner, forklare massebevaring og gjøre rede for betydninger av noen forbrenningsreaksjoner","explore chemical reactions, explain mass conservation and explain the importance of some combustion reactions",ja,,KM838
http://psi.udir.no/kl06/KM13862,KM13862,NAT01,05,Læreplan i naturfag,Naturfag 8. årstrinn | Naturfag 9. årstrinn | Naturfag 10. årstrinn,Tiende årstrinn,status_publisert,bruke atommodeller og periodesystemet til å gjøre rede for egenskaper til grunnstoffer og kjemiske forbindelser,bruke atommodellar og periodesystemet til å gjere greie for eigenskapar til grunnstoff og kjemiske samband,bruke atommodeller og periodesystemet til å gjøre rede for egenskaper til grunnstoffer og kjemiske forbindelser,use atomic models and the periodic table to explain the properties of the elements and chemical compounds,ja,,KM839
http://psi.udir.no/kl06/KM13863,KM13863,NAT01,05,Læreplan i naturfag,Naturfag 8. årstrinn | Naturfag 9. årstrinn | Naturfag 10. årstrinn,Tiende årstrinn,status_publisert,beskrive drivhuseffekten og gjøre rede for faktorer som kan forårsake globale klimaendringer,beskrive drivhuseffekten og gjere greie for faktorar som kan vere årsak til globale klimaendringar,beskrive drivhuseffekten og gjøre rede for faktorer som kan forårsake globale klimaendringer,describe the greenhouse effect and explain factors that can cause global climate changes,ja,,KM840
http://psi.udir.no/kl06/KM13864,KM13864,NAT01,05,Læreplan i naturfag,Naturfag 8. årstrinn | Naturfag 9. årstrinn | Naturfag 10. årstrinn,Tiende årstrinn,status_publisert,"gjøre rede for energibevaring og energikvalitet og utforske ulike måter å omdanne, transportere og lagre energi på","gjere greie for energibevaring og energikvalitet og utforske ulike måtar å omdanne, transportere og lagre energi på","gjøre rede for energibevaring og energikvalitet og utforske ulike måter å omdanne, transportere og lagre energi på","explain energy conservation and energy quality and explore different ways to convert, transport and store energy",ja,,KM841
http://psi.udir.no/kl06/KM13865,KM13865,NAT01,05,Læreplan i naturfag,Naturfag 8. årstrinn | Naturfag 9. årstrinn | Naturfag 10. årstrinn,Tiende årstrinn,status_publisert,drøfte hvordan energiproduksjon og energibruk kan påvirke miljøet lokalt og globalt,drøfte korleis energiproduksjon og energibruk kan påverke miljøet lokalt og globalt,drøfte hvordan energiproduksjon og energibruk kan påvirke miljøet lokalt og globalt,explain how energy production and energy use can affect the environment locally and globally,ja,,KM842
http://psi.udir.no/kl06/KM13866,KM13866,NAT01,05,Læreplan i naturfag,Naturfag 8. årstrinn | Naturfag 9. årstrinn | Naturfag 10. årstrinn,Tiende årstrinn,status_publisert,beskrive hvordan forskere har kommet fram til evolusjonsteorien og bruke denne til å forklare utvikling av biologisk mangfold,beskrive korleis forskarar har kome fram til evolusjonsteorien og bruke denne til å forklare utvikling av biologisk mangfald,beskrive hvordan forskere har kommet fram til evolusjonsteorien og bruke denne til å forklare utvikling av biologisk mangfold,describe how researchers have arrived at evolution theory and use it to explain the development of biological diversity,ja,,KM825
http://psi.udir.no/kl06/KM13867,KM13867,NAT01,05,Læreplan i naturfag,Naturfag 8. årstrinn | Naturfag 9. årstrinn | Naturfag 10. årstrinn,Tiende årstrinn,status_publisert,sammenligne celler hos ulike organismer og beskrive sammenhenger mellom oppbygning og funksjon,samanlikne celler hos ulike organismar og beskrive samanhengar mellom oppbygging og funksjon,sammenligne celler hos ulike organismer og beskrive sammenhenger mellom oppbygning og funksjon,compare cells in various organisms and describe the connections between structure and function,ja,,KM843
http://psi.udir.no/kl06/KM13868,KM13868,NAT01,05,Læreplan i naturfag,Naturfag 8. årstrinn | Naturfag 9. årstrinn | Naturfag 10. årstrinn,Tiende årstrinn,status_publisert,utforske sammenhenger mellom abiotiske og biotiske faktorer i et økosystem og diskutere hvordan energi og materie omdannes i kretsløp,utforske samanhengar mellom abiotiske og biotiske faktorar i eit økosystem og diskutere korleis energi og materie blir omdanna i kretsløp,utforske sammenhenger mellom abiotiske og biotiske faktorer i et økosystem og diskutere hvordan energi og materie omdannes i kretsløp,explore connections between abiotic and biotic factors in an ecosystem and discuss how energy and matter are converted in cycles,ja,,KM824
http://psi.udir.no/kl06/KM13875,KM13875,NAT01,05,Læreplan i naturfag,Naturfag 8. årstrinn | Naturfag 9. årstrinn | Naturfag 10. årstrinn,Tiende årstrinn,status_publisert,gi eksempler på og drøfte aktuelle dilemmaer knyttet til utnyttelse av naturressurser og tap av biologisk mangfold,gi døme på og drøfte aktuelle dilemma knytte til utnytting av naturressursar og tap av biologisk mangfald,gi eksempler på og drøfte aktuelle dilemmaer knyttet til utnyttelse av naturressurser og tap av biologisk mangfold,give examples of and discuss current dilemmas related to exploitation of natural resources and the loss of biological diversity,ja,,KM810
http://psi.udir.no/kl06/KM13869,KM13869,NAT01,05,Læreplan i naturfag,Naturfag 8. årstrinn | Naturfag 9. årstrinn | Naturfag 10. årstrinn,Tiende årstrinn,status_publisert,gi eksempler på samers tradisjonelle kunnskap om naturen og diskutere hvordan denne kunnskapen kan bidra til bærekraftig forvaltning av naturen,"gi døme på den tradisjonelle kunnskapen samane har om naturen, og diskutere korleis denne kunnskapen kan bidra til berekraftig forvalting av naturen",gi eksempler på samers tradisjonelle kunnskap om naturen og diskutere hvordan denne kunnskapen kan bidra til bærekraftig forvaltning av naturen,give examples of traditional Sami knowledge about nature and discuss how this knowledge can contribute to sustainable nature management,ja,,KM822
http://psi.udir.no/kl06/KM13870,KM13870,NAT01,05,Læreplan i naturfag,Naturfag 8. årstrinn | Naturfag 9. årstrinn | Naturfag 10. årstrinn,Tiende årstrinn,status_publisert,gjøre rede for hvordan fotosyntese og celleånding gir energi til alt levende gjennom karbonkretsløpet,gjere greie for korleis fotosyntese og celleanding gir energi til alt levande gjennom karbonkretsløpet,gjøre rede for hvordan fotosyntese og celleånding gir energi til alt levende gjennom karbonkretsløpet,explain how photosynthesis and cellular respiration produce energy for all living organisms throughout the carbon cycle,ja,,KM805
http://psi.udir.no/kl06/KM13871,KM13871,NAT01,05,Læreplan i naturfag,Naturfag 8. årstrinn | Naturfag 9. årstrinn | Naturfag 10. årstrinn,Tiende årstrinn,status_publisert,bruke platetektonikkteorien til å forklare jordas utvikling over tid og gi eksempler på observasjoner som støtter teorien,bruke platetektonikkteorien til å forklare utviklinga til jorda over tid og gi døme på observasjonar som støttar teorien,bruke platetektonikkteorien til å forklare jordas utvikling over tid og gi eksempler på observasjoner som støtter teorien,use plate tectonic theory to explain the development of Earth over time and give examples of observations that support this theory,ja,,KM806
http://psi.udir.no/kl06/KM13872,KM13872,NAT01,05,Læreplan i naturfag,Naturfag 8. årstrinn | Naturfag 9. årstrinn | Naturfag 10. årstrinn,Tiende årstrinn,status_publisert,drøfte spørsmål knyttet til seksuell og reproduktiv helse,drøfte spørsmål knytte til seksuell og reproduktiv helse,drøfte spørsmål knyttet til seksuell og reproduktiv helse,discuss questions relating to sexual and reproductive health,ja,,KM807
http://psi.udir.no/kl06/KM13873,KM13873,NAT01,05,Læreplan i naturfag,Naturfag 8. årstrinn | Naturfag 9. årstrinn | Naturfag 10. årstrinn,Tiende årstrinn,status_publisert,"sammenligne nervesystemet og hormonsystemet og beskrive hvordan rusmidler, legemidler, miljøgifter og doping påvirker signalsystemene","samanlikne nervesystemet og hormonsystemet og beskrive korleis rusmiddel, legemiddel, miljøgifter og doping påverkar signalsystema","sammenligne nervesystemet og hormonsystemet og beskrive hvordan rusmidler, legemidler, miljøgifter og doping påvirker signalsystemene","compare the nervous system and hormone system and describe how drugs, medicines, environmental toxins and doping affect the cell signalling systems",ja,,KM808
http://psi.udir.no/kl06/KM13874,KM13874,NAT01,05,Læreplan i naturfag,Naturfag 8. årstrinn | Naturfag 9. årstrinn | Naturfag 10. årstrinn,Tiende årstrinn,status_publisert,"beskrive kroppens immunforsvar og hvordan vaksiner virker, og gjøre rede for hva vaksiner betyr for folkehelsen","beskrive immunforsvaret til kroppen og korleis vaksinar verkar, og gjere greie for kva vaksinar betyr for folkehelsa","beskrive kroppens immunforsvar og hvordan vaksiner virker, og gjøre rede for hva vaksiner betyr for folkehelsen",describe the body’s immune system and how vaccines work and explain the importance of vaccines for public health,ja,,KM809
http://psi.udir.no/kl06/KM13972,KM13972,NAT02,05,Læreplan i naturfag samisk,"Naturfag, samisk plan, 1. årstrinn | Naturfag, samisk plan, 2. årstrinn",Andre årstrinn,status_publisert,"undre seg, utforske og lage spørsmål, og knytte dette til egne eller andres erfaringer",,"undre seg, utforske og lage spørsmål, og knytte dette til egne eller andres erfaringer",,nei,,KM488
http://psi.udir.no/kl06/KM13973,KM13973,NAT02,05,Læreplan i naturfag samisk,"Naturfag, samisk plan, 1. årstrinn | Naturfag, samisk plan, 2. årstrinn",Andre årstrinn,status_publisert,presentere funnene sine og beskrive hvordan eleven har kommet fram til dem,,presentere funnene sine og beskrive hvordan eleven har kommet fram til dem,,nei,,KM594
http://psi.udir.no/kl06/KM13974,KM13974,NAT02,05,Læreplan i naturfag samisk,"Naturfag, samisk plan, 1. årstrinn | Naturfag, samisk plan, 2. årstrinn",Andre årstrinn,status_publisert,presentere egne ideer til teknologiske oppfinnelser,,presentere egne ideer til teknologiske oppfinnelser,,nei,,KM595
http://psi.udir.no/kl06/KM13975,KM13975,NAT02,05,Læreplan i naturfag samisk,"Naturfag, samisk plan, 1. årstrinn | Naturfag, samisk plan, 2. årstrinn",Andre årstrinn,status_publisert,"utforske og beskrive observerbare egenskaper til ulike objekter, materialer og stoffer og sortere etter egenskaper",,"utforske og beskrive observerbare egenskaper til ulike objekter, materialer og stoffer og sortere etter egenskaper",,nei,,KM596
http://psi.udir.no/kl06/KM13981,KM13981,NAT02,05,Læreplan i naturfag samisk,"Naturfag, samisk plan, 1. årstrinn | Naturfag, samisk plan, 2. årstrinn",Andre årstrinn,status_publisert,samtale om hvordan vi kan ta miljøbevisste valg og gjennomføre lokale miljøtiltak,,samtale om hvordan vi kan ta miljøbevisste valg og gjennomføre lokale miljøtiltak,,nei,,KM602
http://psi.udir.no/kl06/KM13976,KM13976,NAT02,05,Læreplan i naturfag samisk,"Naturfag, samisk plan, 1. årstrinn | Naturfag, samisk plan, 2. årstrinn",Andre årstrinn,status_publisert,utforske et naturområde i nærmiljøet og beskrive hvordan noen organismer er tilpasset området og hverandre,,utforske et naturområde i nærmiljøet og beskrive hvordan noen organismer er tilpasset området og hverandre,,nei,,KM597
http://psi.udir.no/kl06/KM13977,KM13977,NAT02,05,Læreplan i naturfag samisk,"Naturfag, samisk plan, 1. årstrinn | Naturfag, samisk plan, 2. årstrinn",Andre årstrinn,status_publisert,"delta i høsting og bruk av naturen (ávkkástallan) til ulike årstider, reflektere over hvordan naturen er i endring, og samtale om skikker og merkedager knyttet til høsting og bruk av naturen",,"delta i høsting og bruk av naturen (ávkkástallan) til ulike årstider, reflektere over hvordan naturen er i endring, og samtale om skikker og merkedager knyttet til høsting og bruk av naturen",,nei,,KM598
http://psi.udir.no/kl06/KM13978,KM13978,NAT02,05,Læreplan i naturfag samisk,"Naturfag, samisk plan, 1. årstrinn | Naturfag, samisk plan, 2. årstrinn",Andre årstrinn,status_publisert,"planlegge og gjennomføre undersøkelser av vær og himmelfenomener og sammenligne målinger, observasjoner og værtegn gjennom året",,"planlegge og gjennomføre undersøkelser av vær og himmelfenomener og sammenligne målinger, observasjoner og værtegn gjennom året",,nei,,KM599
http://psi.udir.no/kl06/KM13979,KM13979,NAT02,05,Læreplan i naturfag samisk,"Naturfag, samisk plan, 1. årstrinn | Naturfag, samisk plan, 2. årstrinn",Andre årstrinn,status_publisert,utforske sansene gjennom lek ute og inne og samtale om hvordan sansene brukes til å samle informasjon,,utforske sansene gjennom lek ute og inne og samtale om hvordan sansene brukes til å samle informasjon,,nei,,KM600
http://psi.udir.no/kl06/KM13980,KM13980,NAT02,05,Læreplan i naturfag samisk,"Naturfag, samisk plan, 1. årstrinn | Naturfag, samisk plan, 2. årstrinn",Andre årstrinn,status_publisert,gi eksempler på noen vanlige sykdommer og samtale om hva man kan gjøre for å verne kroppen mot smittsomme sykdommer,,gi eksempler på noen vanlige sykdommer og samtale om hva man kan gjøre for å verne kroppen mot smittsomme sykdommer,,nei,,KM601
http://psi.udir.no/kl06/KM13982,KM13982,NAT02,05,Læreplan i naturfag samisk,"Naturfag, samisk plan, 3. årstrinn | Naturfag, samisk plan, 4. årstrinn",Fjerde årstrinn,status_publisert,"undre seg, stille spørsmål og lage hypoteser og utforske disse for å finne svar",,"undre seg, stille spørsmål og lage hypoteser og utforske disse for å finne svar",,nei,,KM603
http://psi.udir.no/kl06/KM13983,KM13983,NAT02,05,Læreplan i naturfag samisk,"Naturfag, samisk plan, 3. årstrinn | Naturfag, samisk plan, 4. årstrinn",Fjerde årstrinn,status_publisert,"bruke tabeller og figurer til å organisere data, lage forklaringer basert på data og presentere funn",,"bruke tabeller og figurer til å organisere data, lage forklaringer basert på data og presentere funn",,nei,,KM604
http://psi.udir.no/kl06/KM13984,KM13984,NAT02,05,Læreplan i naturfag samisk,"Naturfag, samisk plan, 3. årstrinn | Naturfag, samisk plan, 4. årstrinn",Fjerde årstrinn,status_publisert,sammenligne modeller med observasjoner og samtale om hvorfor vi bruker modeller i naturfag,,sammenligne modeller med observasjoner og samtale om hvorfor vi bruker modeller i naturfag,,nei,,KM605
http://psi.udir.no/kl06/KM13985,KM13985,NAT02,05,Læreplan i naturfag samisk,"Naturfag, samisk plan, 3. årstrinn | Naturfag, samisk plan, 4. årstrinn",Fjerde årstrinn,status_publisert,"utforske teknologiske systemer som er satt sammen av ulike deler, og beskrive hvordan delene fungerer og virker sammen",,"utforske teknologiske systemer som er satt sammen av ulike deler, og beskrive hvordan delene fungerer og virker sammen",,nei,,KM606
http://psi.udir.no/kl06/KM13986,KM13986,NAT02,05,Læreplan i naturfag samisk,"Naturfag, samisk plan, 3. årstrinn | Naturfag, samisk plan, 4. årstrinn",Fjerde årstrinn,status_publisert,designe og lage et produkt basert på en kravspesifikasjon,,designe og lage et produkt basert på en kravspesifikasjon,,nei,,KM607
http://psi.udir.no/kl06/KM13987,KM13987,NAT02,05,Læreplan i naturfag samisk,"Naturfag, samisk plan, 3. årstrinn | Naturfag, samisk plan, 4. årstrinn",Fjerde årstrinn,status_publisert,utforske og beskrive hvordan noen stoffer kan endre seg når de blandes med andre stoffer,,utforske og beskrive hvordan noen stoffer kan endre seg når de blandes med andre stoffer,,nei,,KM608
http://psi.udir.no/kl06/KM13988,KM13988,NAT02,05,Læreplan i naturfag samisk,"Naturfag, samisk plan, 3. årstrinn | Naturfag, samisk plan, 4. årstrinn",Fjerde årstrinn,status_publisert,utforske observerbare størrelser som fart og temperatur og knytte dem til energi,,utforske observerbare størrelser som fart og temperatur og knytte dem til energi,,nei,,KM609
http://psi.udir.no/kl06/KM13989,KM13989,NAT02,05,Læreplan i naturfag samisk,"Naturfag, samisk plan, 3. årstrinn | Naturfag, samisk plan, 4. årstrinn",Fjerde årstrinn,status_publisert,"samtale om hva energi er, og utforske ulike energikjeder",,"samtale om hva energi er, og utforske ulike energikjeder",,nei,,KM610
http://psi.udir.no/kl06/KM13997,KM13997,NAT02,05,Læreplan i naturfag samisk,"Naturfag, samisk plan, 3. årstrinn | Naturfag, samisk plan, 4. årstrinn",Fjerde årstrinn,status_publisert,utforske et naturområde og drøfte bærekraftig bruk av området,,utforske et naturområde og drøfte bærekraftig bruk av området,,nei,,KM576
http://psi.udir.no/kl06/KM13990,KM13990,NAT02,05,Læreplan i naturfag samisk,"Naturfag, samisk plan, 3. årstrinn | Naturfag, samisk plan, 4. årstrinn",Fjerde årstrinn,status_publisert,utforske og sammenligne ulike dyre- og plantearters tilpasninger til miljø og levesteder og drøfte hvorfor noen arter dør ut,,utforske og sammenligne ulike dyre- og plantearters tilpasninger til miljø og levesteder og drøfte hvorfor noen arter dør ut,,nei,,KM593
http://psi.udir.no/kl06/KM13992,KM13992,NAT02,05,Læreplan i naturfag samisk,"Naturfag, samisk plan, 3. årstrinn | Naturfag, samisk plan, 4. årstrinn",Fjerde årstrinn,status_publisert,utnytte lokale naturressurser og drøfte hvordan de kan brukes på en bærekraftig måte,,utnytte lokale naturressurser og drøfte hvordan de kan brukes på en bærekraftig måte,,nei,,KM592
http://psi.udir.no/kl06/KM13991,KM13991,NAT02,05,Læreplan i naturfag samisk,"Naturfag, samisk plan, 3. årstrinn | Naturfag, samisk plan, 4. årstrinn",Fjerde årstrinn,status_publisert,gi eksempler på god dyrevelferd og bruke erfaringer og samiske fortellinger til å reflektere over hvordan dyrs behov kan ivaretas,,gi eksempler på god dyrevelferd og bruke erfaringer og samiske fortellinger til å reflektere over hvordan dyrs behov kan ivaretas,,nei,,KM611
http://psi.udir.no/kl06/KM13993,KM13993,NAT02,05,Læreplan i naturfag samisk,"Naturfag, samisk plan, 3. årstrinn | Naturfag, samisk plan, 4. årstrinn",Fjerde årstrinn,status_publisert,utforske og beskrive vannets kretsløp og gjøre rede for hvorfor vann er viktig for livet på jorda,,utforske og beskrive vannets kretsløp og gjøre rede for hvorfor vann er viktig for livet på jorda,,nei,,KM590
http://psi.udir.no/kl06/KM13994,KM13994,NAT02,05,Læreplan i naturfag samisk,"Naturfag, samisk plan, 3. årstrinn | Naturfag, samisk plan, 4. årstrinn",Fjerde årstrinn,status_publisert,"bruke samiske begreper til å beskrive egne observasjoner av snø, is og føreforhold",,"bruke samiske begreper til å beskrive egne observasjoner av snø, is og føreforhold",,nei,,KM573
http://psi.udir.no/kl06/KM13998,KM13998,NAT02,05,Læreplan i naturfag samisk,"Naturfag, samisk plan, 3. årstrinn | Naturfag, samisk plan, 4. årstrinn",Fjerde årstrinn,status_publisert,"samtale om hva fysisk og psykisk helse er, og drøfte hvordan livsstil og trivsel påvirker helse",,"samtale om hva fysisk og psykisk helse er, og drøfte hvordan livsstil og trivsel påvirker helse",,nei,,KM577
http://psi.udir.no/kl06/KM13995,KM13995,NAT02,05,Læreplan i naturfag samisk,"Naturfag, samisk plan, 3. årstrinn | Naturfag, samisk plan, 4. årstrinn",Fjerde årstrinn,status_publisert,"samtale om likheter og ulikheter mellom kjønnene, om kjønnsidentitet og om menneskets reproduksjon",,"samtale om likheter og ulikheter mellom kjønnene, om kjønnsidentitet og om menneskets reproduksjon",,nei,,KM574
http://psi.udir.no/kl06/KM13999,KM13999,NAT02,05,Læreplan i naturfag samisk,"Naturfag, samisk plan, 3. årstrinn | Naturfag, samisk plan, 4. årstrinn",Fjerde årstrinn,status_publisert,"beskrive hvordan muskler og skjelett fungerer, og knytte dette til bevegelse",,"beskrive hvordan muskler og skjelett fungerer, og knytte dette til bevegelse",,nei,,KM578
http://psi.udir.no/kl06/KM13996,KM13996,NAT02,05,Læreplan i naturfag samisk,"Naturfag, samisk plan, 3. årstrinn | Naturfag, samisk plan, 4. årstrinn",Fjerde årstrinn,status_publisert,beskrive funksjoner i kroppens ytre forsvar og samtale om hvordan dette verner mot sykdom,,beskrive funksjoner i kroppens ytre forsvar og samtale om hvordan dette verner mot sykdom,,nei,,KM575
http://psi.udir.no/kl06/KM14000,KM14000,NAT02,05,Læreplan i naturfag samisk,"Naturfag, samisk plan, 5. årstrinn | Naturfag, samisk plan, 6. årstrinn | Naturfag, samisk plan, 7. årstrinn",Syvende årstrinn,status_publisert,"stille spørsmål og lage hypoteser om naturfaglige fenomener, identifisere variabler og samle data for å finne svar",,"stille spørsmål og lage hypoteser om naturfaglige fenomener, identifisere variabler og samle data for å finne svar",,nei,,KM579
http://psi.udir.no/kl06/KM14001,KM14001,NAT02,05,Læreplan i naturfag samisk,"Naturfag, samisk plan, 5. årstrinn | Naturfag, samisk plan, 6. årstrinn | Naturfag, samisk plan, 7. årstrinn",Syvende årstrinn,status_publisert,"skille mellom observasjoner og slutninger, organisere data, bruke årsak-virkning-argumenter, trekke slutninger, vurdere feilkilder og presentere funn",,"skille mellom observasjoner og slutninger, organisere data, bruke årsak-virkning-argumenter, trekke slutninger, vurdere feilkilder og presentere funn",,nei,,KM580
http://psi.udir.no/kl06/KM14002,KM14002,NAT02,05,Læreplan i naturfag samisk,"Naturfag, samisk plan, 5. årstrinn | Naturfag, samisk plan, 6. årstrinn | Naturfag, samisk plan, 7. årstrinn",Syvende årstrinn,status_publisert,"bruke og vurdere modeller som representerer fenomener man ikke kan observere direkte, og gjøre rede for hvorfor det brukes modeller i naturfag",,"bruke og vurdere modeller som representerer fenomener man ikke kan observere direkte, og gjøre rede for hvorfor det brukes modeller i naturfag",,nei,,KM581
http://psi.udir.no/kl06/KM14003,KM14003,NAT02,05,Læreplan i naturfag samisk,"Naturfag, samisk plan, 5. årstrinn | Naturfag, samisk plan, 6. årstrinn | Naturfag, samisk plan, 7. årstrinn",Syvende årstrinn,status_publisert,lese og forstå faremerking og reflektere over hensikten med disse,,lese og forstå faremerking og reflektere over hensikten med disse,,nei,,KM582
http://psi.udir.no/kl06/KM14004,KM14004,NAT02,05,Læreplan i naturfag samisk,"Naturfag, samisk plan, 5. årstrinn | Naturfag, samisk plan, 6. årstrinn | Naturfag, samisk plan, 7. årstrinn",Syvende årstrinn,status_publisert,gi eksempler på hvordan naturvitenskapelig kunnskap er utviklet og utvikler seg,,gi eksempler på hvordan naturvitenskapelig kunnskap er utviklet og utvikler seg,,nei,,KM583
http://psi.udir.no/kl06/KM14018,KM14018,NAT02,05,Læreplan i naturfag samisk,"Naturfag, samisk plan, 5. årstrinn | Naturfag, samisk plan, 6. årstrinn | Naturfag, samisk plan, 7. årstrinn",Syvende årstrinn,status_publisert,gi eksempler på hvordan tradisjonell kunnskap har bidratt og bidrar til naturvitenskapelig kunnskap,,gi eksempler på hvordan tradisjonell kunnskap har bidratt og bidrar til naturvitenskapelig kunnskap,,nei,,KM639
http://psi.udir.no/kl06/KM14005,KM14005,NAT02,05,Læreplan i naturfag samisk,"Naturfag, samisk plan, 5. årstrinn | Naturfag, samisk plan, 6. årstrinn | Naturfag, samisk plan, 7. årstrinn",Syvende årstrinn,status_publisert,"utforske, lage og programmere teknologiske systemer som består av deler som virker sammen",,"utforske, lage og programmere teknologiske systemer som består av deler som virker sammen",,nei,,KM584
http://psi.udir.no/kl06/KM14006,KM14006,NAT02,05,Læreplan i naturfag samisk,"Naturfag, samisk plan, 5. årstrinn | Naturfag, samisk plan, 6. årstrinn | Naturfag, samisk plan, 7. årstrinn",Syvende årstrinn,status_publisert,designe og lage et produkt basert på brukerbehov,,designe og lage et produkt basert på brukerbehov,,nei,,KM585
http://psi.udir.no/kl06/KM14007,KM14007,NAT02,05,Læreplan i naturfag samisk,"Naturfag, samisk plan, 5. årstrinn | Naturfag, samisk plan, 6. årstrinn | Naturfag, samisk plan, 7. årstrinn",Syvende årstrinn,status_publisert,"reflektere over hvordan teknologi kan løse utfordringer, skape muligheter og føre til nye dilemmaer",,"reflektere over hvordan teknologi kan løse utfordringer, skape muligheter og føre til nye dilemmaer",,nei,,KM586
http://psi.udir.no/kl06/KM14008,KM14008,NAT02,05,Læreplan i naturfag samisk,"Naturfag, samisk plan, 5. årstrinn | Naturfag, samisk plan, 6. årstrinn | Naturfag, samisk plan, 7. årstrinn",Syvende årstrinn,status_publisert,utforske faseoverganger og kjemiske reaksjoner og beskrive hva som kjennetegner dem,,utforske faseoverganger og kjemiske reaksjoner og beskrive hva som kjennetegner dem,,nei,,KM587
http://psi.udir.no/kl06/KM14019,KM14019,NAT02,05,Læreplan i naturfag samisk,"Naturfag, samisk plan, 5. årstrinn | Naturfag, samisk plan, 6. årstrinn | Naturfag, samisk plan, 7. årstrinn",Syvende årstrinn,status_publisert,"bruke partikkelmodellen til å forklare faseoverganger og egenskapene til faste stoffer, væsker og gasser",,"bruke partikkelmodellen til å forklare faseoverganger og egenskapene til faste stoffer, væsker og gasser",,nei,,KM640
http://psi.udir.no/kl06/KM14009,KM14009,NAT02,05,Læreplan i naturfag samisk,"Naturfag, samisk plan, 5. årstrinn | Naturfag, samisk plan, 6. årstrinn | Naturfag, samisk plan, 7. årstrinn",Syvende årstrinn,status_publisert,utforske elektriske og magnetiske krefter gjennom forsøk og samtale om hvordan vi utnytter elektrisk energi i dagliglivet,,utforske elektriske og magnetiske krefter gjennom forsøk og samtale om hvordan vi utnytter elektrisk energi i dagliglivet,,nei,,KM588
http://psi.udir.no/kl06/KM14010,KM14010,NAT02,05,Læreplan i naturfag samisk,"Naturfag, samisk plan, 5. årstrinn | Naturfag, samisk plan, 6. årstrinn | Naturfag, samisk plan, 7. årstrinn",Syvende årstrinn,status_publisert,"gjøre rede for hvordan organismer kan deles inn i hovedgrupper, og gi eksempler på ulike organismers særtrekk",,"gjøre rede for hvordan organismer kan deles inn i hovedgrupper, og gi eksempler på ulike organismers særtrekk",,nei,,KM589
http://psi.udir.no/kl06/KM14020,KM14020,NAT02,05,Læreplan i naturfag samisk,"Naturfag, samisk plan, 5. årstrinn | Naturfag, samisk plan, 6. årstrinn | Naturfag, samisk plan, 7. årstrinn",Syvende årstrinn,status_publisert,gjøre rede for betydningen av biologisk mangfold og gjennomføre tiltak for å bevare det biologiske mangfoldet i nærmiljøet,,gjøre rede for betydningen av biologisk mangfold og gjennomføre tiltak for å bevare det biologiske mangfoldet i nærmiljøet,,nei,,KM641
http://psi.udir.no/kl06/KM14011,KM14011,NAT02,05,Læreplan i naturfag samisk,"Naturfag, samisk plan, 5. årstrinn | Naturfag, samisk plan, 6. årstrinn | Naturfag, samisk plan, 7. årstrinn",Syvende årstrinn,status_publisert,foreslå tiltak for å bevare det biologiske mangfoldet i nordområdene og gi eksempler på betydningen av tradisjonell kunnskap i naturforvaltning,,foreslå tiltak for å bevare det biologiske mangfoldet i nordområdene og gi eksempler på betydningen av tradisjonell kunnskap i naturforvaltning,,nei,,KM591
http://psi.udir.no/kl06/KM14012,KM14012,NAT02,05,Læreplan i naturfag samisk,"Naturfag, samisk plan, 5. årstrinn | Naturfag, samisk plan, 6. årstrinn | Naturfag, samisk plan, 7. årstrinn",Syvende årstrinn,status_publisert,utforske og beskrive ulike næringsnett og bruke dette til å diskutere samspill i naturen,,utforske og beskrive ulike næringsnett og bruke dette til å diskutere samspill i naturen,,nei,,KM613
http://psi.udir.no/kl06/KM14013,KM14013,NAT02,05,Læreplan i naturfag samisk,"Naturfag, samisk plan, 5. årstrinn | Naturfag, samisk plan, 6. årstrinn | Naturfag, samisk plan, 7. årstrinn",Syvende årstrinn,status_publisert,"beskrive og visualisere hvordan døgn, månefaser og årstider oppstår, og samtale om hvordan dette påvirker livet på jorda og samiske skikker for utnyttelse av naturen",,"beskrive og visualisere hvordan døgn, månefaser og årstider oppstår, og samtale om hvordan dette påvirker livet på jorda og samiske skikker for utnyttelse av naturen",,nei,,KM633
http://psi.udir.no/kl06/KM14017,KM14017,NAT02,05,Læreplan i naturfag samisk,"Naturfag, samisk plan, 5. årstrinn | Naturfag, samisk plan, 6. årstrinn | Naturfag, samisk plan, 7. årstrinn",Syvende årstrinn,status_publisert,gjøre rede for jordas forutsetninger for liv og sammenligne med andre himmellegemer i universet,,gjøre rede for jordas forutsetninger for liv og sammenligne med andre himmellegemer i universet,,nei,,KM638
http://psi.udir.no/kl06/KM14014,KM14014,NAT02,05,Læreplan i naturfag samisk,"Naturfag, samisk plan, 5. årstrinn | Naturfag, samisk plan, 6. årstrinn | Naturfag, samisk plan, 7. årstrinn",Syvende årstrinn,status_publisert,"gjøre rede for hvordan det geologiske kretsløpet, platetektonikk og ytre krefter er med på å forme og endre ulike landskap",,"gjøre rede for hvordan det geologiske kretsløpet, platetektonikk og ytre krefter er med på å forme og endre ulike landskap",,nei,,KM614
http://psi.udir.no/kl06/KM14015,KM14015,NAT02,05,Læreplan i naturfag samisk,"Naturfag, samisk plan, 5. årstrinn | Naturfag, samisk plan, 6. årstrinn | Naturfag, samisk plan, 7. årstrinn",Syvende årstrinn,status_publisert,"gjøre rede for fysiske og psykiske forandringer i puberteten og samtale om hvordan dette kan påvirke følelser, handlinger og seksualitet",,"gjøre rede for fysiske og psykiske forandringer i puberteten og samtale om hvordan dette kan påvirke følelser, handlinger og seksualitet",,nei,,KM636
http://psi.udir.no/kl06/KM14016,KM14016,NAT02,05,Læreplan i naturfag samisk,"Naturfag, samisk plan, 5. årstrinn | Naturfag, samisk plan, 6. årstrinn | Naturfag, samisk plan, 7. årstrinn",Syvende årstrinn,status_publisert,gjøre rede for noen av kroppens organsystemer og beskrive hvordan systemene virker sammen,,gjøre rede for noen av kroppens organsystemer og beskrive hvordan systemene virker sammen,,nei,,KM637
http://psi.udir.no/kl06/KM14021,KM14021,NAT02,05,Læreplan i naturfag samisk,"Naturfag, samisk plan, 8. årstrinn | Naturfag, samisk plan, 9. årstrinn | Naturfag, samisk plan, 10. årstrinn",Tiende årstrinn,status_publisert,"stille spørsmål og lage hypoteser om naturfaglige fenomener, identifisere avhengige og uavhengige variabler og samle data for å finne svar",,"stille spørsmål og lage hypoteser om naturfaglige fenomener, identifisere avhengige og uavhengige variabler og samle data for å finne svar",,nei,,KM642
http://psi.udir.no/kl06/KM14022,KM14022,NAT02,05,Læreplan i naturfag samisk,"Naturfag, samisk plan, 8. årstrinn | Naturfag, samisk plan, 9. årstrinn | Naturfag, samisk plan, 10. årstrinn",Tiende årstrinn,status_publisert,"analysere og bruke innsamlede data til å lage forklaringer, drøfte forklaringene i lys av relevant teori og vurdere kvaliteten på egne og andres utforskinger",,"analysere og bruke innsamlede data til å lage forklaringer, drøfte forklaringene i lys av relevant teori og vurdere kvaliteten på egne og andres utforskinger",,nei,,KM643
http://psi.udir.no/kl06/KM14023,KM14023,NAT02,05,Læreplan i naturfag samisk,"Naturfag, samisk plan, 8. årstrinn | Naturfag, samisk plan, 9. årstrinn | Naturfag, samisk plan, 10. årstrinn",Tiende årstrinn,status_publisert,bruke og lage modeller for å forutsi eller beskrive naturfaglige prosesser og systemer og gjøre rede for modellenes styrker og begrensninger,,bruke og lage modeller for å forutsi eller beskrive naturfaglige prosesser og systemer og gjøre rede for modellenes styrker og begrensninger,,nei,,KM644
http://psi.udir.no/kl06/KM14024,KM14024,NAT02,05,Læreplan i naturfag samisk,"Naturfag, samisk plan, 8. årstrinn | Naturfag, samisk plan, 9. årstrinn | Naturfag, samisk plan, 10. årstrinn",Tiende årstrinn,status_publisert,delta i risikovurderinger knyttet til forsøk og følge sikkerhetstiltakene,,delta i risikovurderinger knyttet til forsøk og følge sikkerhetstiltakene,,nei,,KM645
http://psi.udir.no/kl06/KM14025,KM14025,NAT02,05,Læreplan i naturfag samisk,"Naturfag, samisk plan, 8. årstrinn | Naturfag, samisk plan, 9. årstrinn | Naturfag, samisk plan, 10. årstrinn",Tiende årstrinn,status_publisert,gi eksempler på dagsaktuell forskning og drøfte hvordan ny kunnskap genereres gjennom samarbeid og kritisk tilnærming til eksisterende kunnskap,,gi eksempler på dagsaktuell forskning og drøfte hvordan ny kunnskap genereres gjennom samarbeid og kritisk tilnærming til eksisterende kunnskap,,nei,,KM646
http://psi.udir.no/kl06/KM14026,KM14026,NAT02,05,Læreplan i naturfag samisk,"Naturfag, samisk plan, 8. årstrinn | Naturfag, samisk plan, 9. årstrinn | Naturfag, samisk plan, 10. årstrinn",Tiende årstrinn,status_publisert,"utforske, forstå og lage teknologiske systemer som består av en sender og en mottaker",,"utforske, forstå og lage teknologiske systemer som består av en sender og en mottaker",,nei,,KM647
http://psi.udir.no/kl06/KM14027,KM14027,NAT02,05,Læreplan i naturfag samisk,"Naturfag, samisk plan, 8. årstrinn | Naturfag, samisk plan, 9. årstrinn | Naturfag, samisk plan, 10. årstrinn",Tiende årstrinn,status_publisert,bruke programmering til å utforske naturfaglige fenomener,,bruke programmering til å utforske naturfaglige fenomener,,nei,,KM648
http://psi.udir.no/kl06/KM14028,KM14028,NAT02,05,Læreplan i naturfag samisk,"Naturfag, samisk plan, 8. årstrinn | Naturfag, samisk plan, 9. årstrinn | Naturfag, samisk plan, 10. årstrinn",Tiende årstrinn,status_publisert,"utforske kjemiske reaksjoner, forklare massebevaring og gjøre rede for betydninger av noen forbrenningsreaksjoner",,"utforske kjemiske reaksjoner, forklare massebevaring og gjøre rede for betydninger av noen forbrenningsreaksjoner",,nei,,KM649
http://psi.udir.no/kl06/KM14029,KM14029,NAT02,05,Læreplan i naturfag samisk,"Naturfag, samisk plan, 8. årstrinn | Naturfag, samisk plan, 9. årstrinn | Naturfag, samisk plan, 10. årstrinn",Tiende årstrinn,status_publisert,bruke atommodeller og periodesystemet til å gjøre rede for egenskaper til grunnstoffer og kjemiske forbindelser,,bruke atommodeller og periodesystemet til å gjøre rede for egenskaper til grunnstoffer og kjemiske forbindelser,,nei,,KM650
http://psi.udir.no/kl06/KM14030,KM14030,NAT02,05,Læreplan i naturfag samisk,"Naturfag, samisk plan, 8. årstrinn | Naturfag, samisk plan, 9. årstrinn | Naturfag, samisk plan, 10. årstrinn",Tiende årstrinn,status_publisert,beskrive drivhuseffekten og gjøre rede for faktorer som kan forårsake globale klimaendringer,,beskrive drivhuseffekten og gjøre rede for faktorer som kan forårsake globale klimaendringer,,nei,,KM651
http://psi.udir.no/kl06/KM14031,KM14031,NAT02,05,Læreplan i naturfag samisk,"Naturfag, samisk plan, 8. årstrinn | Naturfag, samisk plan, 9. årstrinn | Naturfag, samisk plan, 10. årstrinn",Tiende årstrinn,status_publisert,"gjøre rede for energibevaring og energikvalitet og utforske ulike måter å omdanne, transportere og lagre energi på",,"gjøre rede for energibevaring og energikvalitet og utforske ulike måter å omdanne, transportere og lagre energi på",,nei,,KM652
http://psi.udir.no/kl06/KM14032,KM14032,NAT02,05,Læreplan i naturfag samisk,"Naturfag, samisk plan, 8. årstrinn | Naturfag, samisk plan, 9. årstrinn | Naturfag, samisk plan, 10. årstrinn",Tiende årstrinn,status_publisert,drøfte hvordan energiproduksjon og energibruk kan påvirke miljøet lokalt og globalt,,drøfte hvordan energiproduksjon og energibruk kan påvirke miljøet lokalt og globalt,,nei,,KM635
http://psi.udir.no/kl06/KM14033,KM14033,NAT02,05,Læreplan i naturfag samisk,"Naturfag, samisk plan, 8. årstrinn | Naturfag, samisk plan, 9. årstrinn | Naturfag, samisk plan, 10. årstrinn",Tiende årstrinn,status_publisert,beskrive hvordan forskere har kommet fram til evolusjonsteorien og bruke denne til å forklare utvikling av biologisk mangfold,,beskrive hvordan forskere har kommet fram til evolusjonsteorien og bruke denne til å forklare utvikling av biologisk mangfold,,nei,,KM653
http://psi.udir.no/kl06/KM14034,KM14034,NAT02,05,Læreplan i naturfag samisk,"Naturfag, samisk plan, 8. årstrinn | Naturfag, samisk plan, 9. årstrinn | Naturfag, samisk plan, 10. årstrinn",Tiende årstrinn,status_publisert,sammenligne celler hos ulike organismer og beskrive sammenhenger mellom oppbygning og funksjon,,sammenligne celler hos ulike organismer og beskrive sammenhenger mellom oppbygning og funksjon,,nei,,KM634
http://psi.udir.no/kl06/KM14035,KM14035,NAT02,05,Læreplan i naturfag samisk,"Naturfag, samisk plan, 8. årstrinn | Naturfag, samisk plan, 9. årstrinn | Naturfag, samisk plan, 10. årstrinn",Tiende årstrinn,status_publisert,utforske sammenhenger mellom abiotiske og biotiske faktorer i et økosystem og diskutere hvordan energi og materie omdannes i kretsløp,,utforske sammenhenger mellom abiotiske og biotiske faktorer i et økosystem og diskutere hvordan energi og materie omdannes i kretsløp,,nei,,KM632
http://psi.udir.no/kl06/KM14036,KM14036,NAT02,05,Læreplan i naturfag samisk,"Naturfag, samisk plan, 8. årstrinn | Naturfag, samisk plan, 9. årstrinn | Naturfag, samisk plan, 10. årstrinn",Tiende årstrinn,status_publisert,gi eksempler på og drøfte aktuelle dilemmaer knyttet til utnyttelse av naturressurser og tap av biologisk mangfold,,gi eksempler på og drøfte aktuelle dilemmaer knyttet til utnyttelse av naturressurser og tap av biologisk mangfold,,nei,,KM615
http://psi.udir.no/kl06/KM14037,KM14037,NAT02,05,Læreplan i naturfag samisk,"Naturfag, samisk plan, 8. årstrinn | Naturfag, samisk plan, 9. årstrinn | Naturfag, samisk plan, 10. årstrinn",Tiende årstrinn,status_publisert,"gjennom praktisk deltagelse vise hvordan birget/bierggit/bïerkenidh i naturen, og sammenlikne birgejupmi/bierggim/bïerkenidh i ulike samiske områder",,"gjennom praktisk deltagelse vise hvordan birget/bierggit/bïerkenidh i naturen, og sammenlikne birgejupmi/bierggim/bïerkenidh i ulike samiske områder",,nei,,KM616
http://psi.udir.no/kl06/KM14038,KM14038,NAT02,05,Læreplan i naturfag samisk,"Naturfag, samisk plan, 8. årstrinn | Naturfag, samisk plan, 9. årstrinn | Naturfag, samisk plan, 10. årstrinn",Tiende årstrinn,status_publisert,gjøre rede for hvordan fotosyntese og celleånding gir energi til alt levende gjennom karbonkretsløpet,,gjøre rede for hvordan fotosyntese og celleånding gir energi til alt levende gjennom karbonkretsløpet,,nei,,KM617
http://psi.udir.no/kl06/KM14039,KM14039,NAT02,05,Læreplan i naturfag samisk,"Naturfag, samisk plan, 8. årstrinn | Naturfag, samisk plan, 9. årstrinn | Naturfag, samisk plan, 10. årstrinn",Tiende årstrinn,status_publisert,bruke platetektonikkteorien til å forklare jordas utvikling over tid og gi eksempler på observasjoner som støtter teorien,,bruke platetektonikkteorien til å forklare jordas utvikling over tid og gi eksempler på observasjoner som støtter teorien,,nei,,KM618
http://psi.udir.no/kl06/KM14040,KM14040,NAT02,05,Læreplan i naturfag samisk,"Naturfag, samisk plan, 8. årstrinn | Naturfag, samisk plan, 9. årstrinn | Naturfag, samisk plan, 10. årstrinn",Tiende årstrinn,status_publisert,drøfte spørsmål knyttet til seksuell og reproduktiv helse,,drøfte spørsmål knyttet til seksuell og reproduktiv helse,,nei,,KM619
http://psi.udir.no/kl06/KM14041,KM14041,NAT02,05,Læreplan i naturfag samisk,"Naturfag, samisk plan, 8. årstrinn | Naturfag, samisk plan, 9. årstrinn | Naturfag, samisk plan, 10. årstrinn",Tiende årstrinn,status_publisert,"sammenligne nervesystemet og hormonsystemet og beskrive hvordan rusmidler, legemidler, miljøgifter og doping påvirker signalsystemene",,"sammenligne nervesystemet og hormonsystemet og beskrive hvordan rusmidler, legemidler, miljøgifter og doping påvirker signalsystemene",,nei,,KM620
http://psi.udir.no/kl06/KM14042,KM14042,NAT02,05,Læreplan i naturfag samisk,"Naturfag, samisk plan, 8. årstrinn | Naturfag, samisk plan, 9. årstrinn | Naturfag, samisk plan, 10. årstrinn",Tiende årstrinn,status_publisert,"beskrive kroppens immunforsvar og hvordan vaksiner virker, og gjøre rede for hva vaksiner betyr for folkehelsen",,"beskrive kroppens immunforsvar og hvordan vaksiner virker, og gjøre rede for hva vaksiner betyr for folkehelsen",,nei,,KM621
http://psi.udir.no/kl06/KM14139,KM14139,NOR01,08,Læreplan i norsk,Norsk 1. årstrinn | Norsk 2. årstrinn,Andre årstrinn,status_publisert,lytte til og samtale om skjønnlitteratur og sakprosa på bokmål og nynorsk,lytte til og samtale om skjønnlitteratur og sakprosa på bokmål og nynorsk,lytte til og samtale om skjønnlitteratur og sakprosa på bokmål og nynorsk,"listen to and talk about fiction and factual prose in both ""bokmål"" and ""nynorsk""",ja,,KM12001
http://psi.udir.no/kl06/KM14151,KM14151,NOR01,08,Læreplan i norsk,Norsk 1. årstrinn | Norsk 2. årstrinn,Andre årstrinn,status_publisert,låne og lese bøker fra biblioteket,låne og lese bøker frå biblioteket,låne og lese bøker fra biblioteket,borrow and read books from the library,ja,,KM12013
http://psi.udir.no/kl06/KM14141,KM14141,NOR01,08,Læreplan i norsk,Norsk 1. årstrinn | Norsk 2. årstrinn,Andre årstrinn,status_publisert,"uttrykke tekstopplevelser gjennom lek, sang, tegning, skriving og andre kreative aktiviteter","uttrykkje tekstopplevingar gjennom leik, song, teikning, skriving og andre kreative aktivitetar","uttrykke tekstopplevelser gjennom lek, sang, tegning, skriving og andre kreative aktiviteter","express perceptions of texts through play, singing, drawing, writing and other creative activities",ja,,KM12003
http://psi.udir.no/kl06/KM14149,KM14149,NOR01,08,Læreplan i norsk,Norsk 1. årstrinn | Norsk 2. årstrinn,Andre årstrinn,status_publisert,"samtale om og beskrive hvordan ord vi bruker, kan påvirke andre","samtale om og beskrive korleis ord vi bruker, kan påverke andre","samtale om og beskrive hvordan ord vi bruker, kan påvirke andre",talk about and describe how the words we use can affect others,ja,,KM12011
http://psi.udir.no/kl06/KM14145,KM14145,NOR01,08,Læreplan i norsk,Norsk 1. årstrinn | Norsk 2. årstrinn,Andre årstrinn,status_publisert,leke med rim og rytme og lytte ut språklyder og stavelser i ord,leike med rim og rytme og lytte ut språklydar og stavingar i ord,leke med rim og rytme og lytte ut språklyder og stavelser i ord,play with rhyme and rhythm and listen to identify the various speech sounds and syllables in words,ja,,KM12007
http://psi.udir.no/kl06/KM14146,KM14146,NOR01,08,Læreplan i norsk,Norsk 1. årstrinn | Norsk 2. årstrinn,Andre årstrinn,status_publisert,trekke bokstavlyder sammen til ord under lesing og skriving,trekkje bokstavlydar saman til ord under lesing og skriving,trekke bokstavlyder sammen til ord under lesing og skriving,combine letter sounds into words when reading and writing,ja,,KM12008
http://psi.udir.no/kl06/KM14140,KM14140,NOR01,08,Læreplan i norsk,Norsk 1. årstrinn | Norsk 2. årstrinn,Andre årstrinn,status_publisert,lese med sammenheng og forståelse på papir og digitalt og bruke enkle strategier for leseforståelse,lese med samanheng og forståing på papir og digitalt og bruke enkle strategiar for leseforståing,lese med sammenheng og forståelse på papir og digitalt og bruke enkle strategier for leseforståelse,read with coherence and comprehension on paper and on screen and use simple strategies for reading comprehension,ja,,KM12002
http://psi.udir.no/kl06/KM14142,KM14142,NOR01,08,Læreplan i norsk,Norsk 1. årstrinn | Norsk 2. årstrinn,Andre årstrinn,status_publisert,"lytte, ta ordet etter tur og begrunne egne meninger i samtaler","lytte, ta ordet etter tur og grunngi eigne meiningar i samtalar","lytte, ta ordet etter tur og begrunne egne meninger i samtaler","listen, speak in turn and give grounds for one’s own opinions in conversations",ja,,KM12004
http://psi.udir.no/kl06/KM14143,KM14143,NOR01,08,Læreplan i norsk,Norsk 1. årstrinn | Norsk 2. årstrinn,Andre årstrinn,status_publisert,beskrive og fortelle muntlig og skriftlig,beskrive og fortelje munnleg og skriftleg,beskrive og fortelle muntlig og skriftlig,describe and tell orally and in writing,ja,,KM12005
http://psi.udir.no/kl06/KM14147,KM14147,NOR01,08,Læreplan i norsk,Norsk 1. årstrinn | Norsk 2. årstrinn,Andre årstrinn,status_publisert,skrive tekster for hånd og med tastatur,skrive tekstar for hand og med tastatur,skrive tekster for hånd og med tastatur,write texts using pen and paper and using a keyboard,ja,,KM12009
http://psi.udir.no/kl06/KM14144,KM14144,NOR01,08,Læreplan i norsk,Norsk 1. årstrinn | Norsk 2. årstrinn,Andre årstrinn,status_publisert,"bruke store og små bokstaver, punktum, spørsmålstegn og utropstegn i tekster og samtale om egne og andres tekster","bruke store og små bokstavar, punktum, spørsmålsteikn og utropsteikn i tekstar og samtale om eigne og andre sine tekstar","bruke store og små bokstaver, punktum, spørsmålstegn og utropstegn i tekster og samtale om egne og andres tekster","use upper-case and lower-case letters, periods, question marks and exclamation marks in texts and in conversations about one’s own and others’ texts",ja,,KM12006
http://psi.udir.no/kl06/KM14152,KM14152,NOR01,08,Læreplan i norsk,Norsk 1. årstrinn | Norsk 2. årstrinn,Andre årstrinn,status_publisert,lage tekster som kombinerer skrift med bilder,lage tekstar som kombinerer skrift med bilete,lage tekster som kombinerer skrift med bilder,create texts that combine text and pictures,ja,,KM12014
http://psi.udir.no/kl06/KM14148,KM14148,NOR01,08,Læreplan i norsk,Norsk 1. årstrinn | Norsk 2. årstrinn,Andre årstrinn,status_publisert,utforske og samtale om oppbygningen av og betydningen til ord og uttrykk,utforske og samtale om oppbygginga av og betydninga til ord og uttrykk,utforske og samtale om oppbygningen av og betydningen til ord og uttrykk,explore and talk about the structure and meaning of words and expressions,ja,,KM12010
http://psi.udir.no/kl06/KM14150,KM14150,NOR01,08,Læreplan i norsk,Norsk 1. årstrinn | Norsk 2. årstrinn,Andre årstrinn,status_publisert,utforske eget talespråk og samtale om forskjeller og likheter mellom talespråk og skriftspråk,utforske eige talespråk og samtale om forskjellar og likskapar mellom talespråk og skriftspråk,utforske eget talespråk og samtale om forskjeller og likheter mellom talespråk og skriftspråk,explore one’s own spoken language and talk about differences and similarities between spoken language and written language,ja,,KM12012
http://psi.udir.no/kl06/KM14153,KM14153,NOR01,08,Læreplan i norsk,Norsk 3. årstrinn | Norsk 4. årstrinn,Fjerde årstrinn,status_publisert,"lese og lytte til fortellinger, eventyr, sangtekster, faktabøker og andre tekster på bokmål og nynorsk og i oversettelse fra samiske og andre språk, og samtale om hva tekstene betyr for eleven","lese og lytte til forteljingar, eventyr, songtekstar, faktabøker og andre tekstar på bokmål og nynorsk og i omsetjing frå samiske og andre språk, og samtale om kva tekstane betyr for eleven","lese og lytte til fortellinger, eventyr, sangtekster, faktabøker og andre tekster på bokmål og nynorsk og i oversettelse fra samiske og andre språk, og samtale om hva tekstene betyr for eleven","read and listen to stories, fairy tales, lyrics, factual books and other texts in ""bokmål"" and ""nynorsk"" and in translation from Sami and other languages, and talk about what the texts mean to him or her",ja,,KM12015
http://psi.udir.no/kl06/KM14166,KM14166,NOR01,08,Læreplan i norsk,Norsk 3. årstrinn | Norsk 4. årstrinn,Fjerde årstrinn,status_publisert,velge bøker fra bibliotek ut fra egne interesser og leseferdigheter,velje bøker frå bibliotek ut frå eigne interesser og leseferdigheiter,velge bøker fra bibliotek ut fra egne interesser og leseferdigheter,choose books from the library based on one’s own interests and reading skills,ja,,KM12028
http://psi.udir.no/kl06/KM14164,KM14164,NOR01,08,Læreplan i norsk,Norsk 3. årstrinn | Norsk 4. årstrinn,Fjerde årstrinn,status_publisert,lese tekster med flyt og forståelse og bruke lesestrategier målrettet for å lære,lese tekstar med flyt og forståing og bruke lesestrategiar målretta for å lære,lese tekster med flyt og forståelse og bruke lesestrategier målrettet for å lære,read texts with fluency and comprehension and use reading strategies focused on learning,ja,,KM12026
http://psi.udir.no/kl06/KM14158,KM14158,NOR01,08,Læreplan i norsk,Norsk 3. årstrinn | Norsk 4. årstrinn,Fjerde årstrinn,status_publisert,"utforske og formidle tekster gjennom samtale, skriving, lek, bevegelse og andre kreative uttrykk","utforske og formidle tekstar gjennom samtale, skriving, leik, bevegelse og andre kreative uttrykk","utforske og formidle tekster gjennom samtale, skriving, lek, bevegelse og andre kreative uttrykk","explore and present texts through conversation, writing, play, movement and other creative expressions",ja,,KM12020
http://psi.udir.no/kl06/KM14163,KM14163,NOR01,08,Læreplan i norsk,Norsk 3. årstrinn | Norsk 4. årstrinn,Fjerde årstrinn,status_publisert,samtale om forskjellen mellom meninger og fakta i tekster,samtale om forskjellen mellom meiningar og fakta i tekstar,samtale om forskjellen mellom meninger og fakta i tekster,talk about the difference between opinions and facts in texts,ja,,KM12025
http://psi.udir.no/kl06/KM14154,KM14154,NOR01,08,Læreplan i norsk,Norsk 3. årstrinn | Norsk 4. årstrinn,Fjerde årstrinn,status_publisert,holde muntlige presentasjoner med og uten digitale ressurser,halde munnlege presentasjonar med og utan digitale ressursar,holde muntlige presentasjoner med og uten digitale ressurser,give oral presentations with and without digital resources,ja,,KM12016
http://psi.udir.no/kl06/KM14155,KM14155,NOR01,08,Læreplan i norsk,Norsk 3. årstrinn | Norsk 4. årstrinn,Fjerde årstrinn,status_publisert,kombinere ulike uttrykksformer i sammensatte tekster,kombinere ulike uttrykksformer i samansette tekstar,kombinere ulike uttrykksformer i sammensatte tekster,combine various forms of expression in multimedia texts,ja,,KM12017
http://psi.udir.no/kl06/KM14167,KM14167,NOR01,08,Læreplan i norsk,Norsk 3. årstrinn | Norsk 4. årstrinn,Fjerde årstrinn,status_publisert,følge opp innspill fra andre i faglige samtaler og stille oppklarende og utdypende spørsmål,følgje opp innspel frå andre i faglege samtalar og stille oppklarande og utdjupande spørsmål,følge opp innspill fra andre i faglige samtaler og stille oppklarende og utdypende spørsmål,follow up input from others in dialogues on subject-related matter and ask questions to clarify and elaborate,ja,,KM12029
http://psi.udir.no/kl06/KM14162,KM14162,NOR01,08,Læreplan i norsk,Norsk 3. årstrinn | Norsk 4. årstrinn,Fjerde årstrinn,status_publisert,"beskrive, fortelle og argumentere muntlig og skriftlig og bruke språket på kreative måter","beskrive, fortelje og argumentere munnleg og skriftleg og bruke språket på kreative måtar","beskrive, fortelle og argumentere muntlig og skriftlig og bruke språket på kreative måter","describe, relate and reason both orally and in writing and use the language creatively",ja,,KM12024
http://psi.udir.no/kl06/KM14156,KM14156,NOR01,08,Læreplan i norsk,Norsk 3. årstrinn | Norsk 4. årstrinn,Fjerde årstrinn,status_publisert,skrive tekster med funksjonell håndskrift og med tastatur,skrive tekstar med funksjonell handskrift og med tastatur,skrive tekster med funksjonell håndskrift og med tastatur,write texts with functional handwriting and with the use of a keyboard,ja,,KM12018
http://psi.udir.no/kl06/KM14157,KM14157,NOR01,08,Læreplan i norsk,Norsk 3. årstrinn | Norsk 4. årstrinn,Fjerde årstrinn,status_publisert,bruke komma og andre skilletegn i tekster,bruke komma og andre skiljeteikn i tekstar,bruke komma og andre skilletegn i tekster,use commas and other punctuation marks in texts,ja,,KM12019
http://psi.udir.no/kl06/KM14159,KM14159,NOR01,08,Læreplan i norsk,Norsk 3. årstrinn | Norsk 4. årstrinn,Fjerde årstrinn,status_publisert,"bruke fagspråk om setningsoppbygning og bøying av verb, substantiv og adjektiv i samtaler om språk og om egne og andres tekster","bruke fagspråk om setningsoppbygging og bøying av verb, substantiv og adjektiv i samtalar om språk og om eigne og andre sine tekstar","bruke fagspråk om setningsoppbygning og bøying av verb, substantiv og adjektiv i samtaler om språk og om egne og andres tekster","use grammatical terms about syntax, verb conjugation and declension of nouns and adjectives in conversations about language and one’s own and others’ texts",ja,,KM12021
http://psi.udir.no/kl06/KM14160,KM14160,NOR01,08,Læreplan i norsk,Norsk 3. årstrinn | Norsk 4. årstrinn,Fjerde årstrinn,status_publisert,"reflektere over hvordan språkbruken vår påvirker andre, og hvordan vi tilpasser og endrer språket i ulike situasjoner","reflektere over korleis språkbruken vår påverkar andre, og korleis vi tilpassar og endrar språket i ulike situasjonar","reflektere over hvordan språkbruken vår påvirker andre, og hvordan vi tilpasser og endrer språket i ulike situasjoner",reflect on how our use of language affects others and how we adapt and change our language to different situations,ja,,KM12022
http://psi.udir.no/kl06/KM14168,KM14168,NOR01,08,Læreplan i norsk,Norsk 3. årstrinn | Norsk 4. årstrinn,Fjerde årstrinn,status_publisert,sammenligne ord og uttrykk i norsk og andre språk,samanlikne ord og uttrykk i norsk og andre språk,sammenligne ord og uttrykk i norsk og andre språk,compare words and expressions in Norwegian and other languages,ja,,KM12030
http://psi.udir.no/kl06/KM14165,KM14165,NOR01,08,Læreplan i norsk,Norsk 3. årstrinn | Norsk 4. årstrinn,Fjerde årstrinn,status_publisert,utforske og samtale om språklig variasjon og mangfold i nærmiljøet,utforske og samtale om språkleg variasjon og mangfald i nærmiljøet,utforske og samtale om språklig variasjon og mangfold i nærmiljøet,explore and talk about linguistic variation and diversity in the local environment,ja,,KM12027
http://psi.udir.no/kl06/KM14161,KM14161,NOR01,08,Læreplan i norsk,Norsk 3. årstrinn | Norsk 4. årstrinn,Fjerde årstrinn,status_publisert,utforske forskjeller og likheter mellom skriving på hovedmål og sidemål,utforske forskjellar og likskapar mellom skriving på hovudmål og sidemål,utforske forskjeller og likheter mellom skriving på hovedmål og sidemål,explore the differences and similarities between written Norwegian first-choice language and written Norwegian second-choice language,ja,,KM12023
http://psi.udir.no/kl06/KM14176,KM14176,NOR01,08,Læreplan i norsk,Norsk 5. årstrinn | Norsk 6. årstrinn | Norsk 7. årstrinn,Syvende årstrinn,status_publisert,"lese lyrikk, noveller, fagtekster og annen skjønnlitteratur og sakprosa på bokmål og nynorsk, svensk og dansk og samtale om formål, form og innhold","lese lyrikk, noveller, fagtekstar og annan skjønnlitteratur og sakprosa på bokmål og nynorsk, svensk og dansk og samtale om formål, form og innhald","lese lyrikk, noveller, fagtekster og annen skjønnlitteratur og sakprosa på bokmål og nynorsk, svensk og dansk og samtale om formål, form og innhold","read poetry, short stories, factual texts and fiction in ""bokmål"" and ""nynorsk"", Swedish and Danish and talk about purpose, form and content",ja,,KM12038
http://psi.udir.no/kl06/KM14184,KM14184,NOR01,08,Læreplan i norsk,Norsk 5. årstrinn | Norsk 6. årstrinn | Norsk 7. årstrinn,Syvende årstrinn,status_publisert,"lese samiske tekster på norsk og samtale om verdiene som kommer til uttrykk, og hvordan stedsnavn og personnavn som inneholder de samiske bokstavene, uttales","lese samiske tekstar på norsk og samtale om verdiane som kjem til uttrykk, og korleis stadnamn og personnamn som inneheld dei samiske bokstavane, blir uttalte","lese samiske tekster på norsk og samtale om verdiene som kommer til uttrykk, og hvordan stedsnavn og personnavn som inneholder de samiske bokstavene, uttales",read Sami texts in Norwegian and talk about the values that are expressed and how place names and personal names that contain Sami letters are pronounced,ja,,KM12046
http://psi.udir.no/kl06/KM14173,KM14173,NOR01,08,Læreplan i norsk,Norsk 5. årstrinn | Norsk 6. årstrinn | Norsk 7. årstrinn,Syvende årstrinn,status_publisert,"orientere seg i faglige kilder på bibliotek og digitalt, vurdere hvor pålitelige kildene er, og vise til kilder i egne tekster","orientere seg i faglege kjelder på bibliotek og digitalt, vurdere kor pålitelege kjeldene er, og vise til kjelder i eigne tekstar","orientere seg i faglige kilder på bibliotek og digitalt, vurdere hvor pålitelige kildene er, og vise til kilder i egne tekster","find information in subject-related sources in libraries and digital media, assess the reliability of the sources and refer to the sources in one’s own texts",ja,,KM12035
http://psi.udir.no/kl06/KM14185,KM14185,NOR01,08,Læreplan i norsk,Norsk 5. årstrinn | Norsk 6. årstrinn | Norsk 7. årstrinn,Syvende årstrinn,status_publisert,bruke lesestrategier tilpasset formålet med lesingen,bruke lesestrategiar tilpassa formålet med lesinga,bruke lesestrategier tilpasset formålet med lesingen,use reading strategies adapted to the purpose of the reading,ja,,KM12047
http://psi.udir.no/kl06/KM14180,KM14180,NOR01,08,Læreplan i norsk,Norsk 5. årstrinn | Norsk 6. årstrinn | Norsk 7. årstrinn,Syvende årstrinn,status_publisert,skrive tekster med funksjonell håndskrift og med flyt på tastatur,skrive tekstar med funksjonell handskrift og med flyt på tastatur,skrive tekster med funksjonell håndskrift og med flyt på tastatur,write texts with functional handwriting and with fluid keyboard typing,ja,,KM12042
http://psi.udir.no/kl06/KM14169,KM14169,NOR01,08,Læreplan i norsk,Norsk 5. årstrinn | Norsk 6. årstrinn | Norsk 7. årstrinn,Syvende årstrinn,status_publisert,lytte til og videreutvikle innspill fra andre og begrunne egne standpunkter i samtaler,lytte til og vidareutvikle innspel frå andre og grunngi eigne standpunkt i samtalar,lytte til og videreutvikle innspill fra andre og begrunne egne standpunkter i samtaler,listen to and develop input from others and justify one’s own points of views in conversations,ja,,KM12031
http://psi.udir.no/kl06/KM14182,KM14182,NOR01,08,Læreplan i norsk,Norsk 5. årstrinn | Norsk 6. årstrinn | Norsk 7. årstrinn,Syvende årstrinn,status_publisert,reflektere etisk over hvordan eleven framstiller seg selv og andre i digitale medier,reflektere etisk over korleis eleven framstiller seg sjølv og andre i digitale medium,reflektere etisk over hvordan eleven framstiller seg selv og andre i digitale medier,reflect ethically on how he or she presents him or herself and others in digital media,ja,,KM12044
http://psi.udir.no/kl06/KM14170,KM14170,NOR01,08,Læreplan i norsk,Norsk 5. årstrinn | Norsk 6. årstrinn | Norsk 7. årstrinn,Syvende årstrinn,status_publisert,presentere faglige emner muntlig med og uten digitale ressurser,presentere faglege emne munnleg med og utan digitale ressursar,presentere faglige emner muntlig med og uten digitale ressurser,present subject-related topics orally with and without digital resources,ja,,KM12032
http://psi.udir.no/kl06/KM14171,KM14171,NOR01,08,Læreplan i norsk,Norsk 5. årstrinn | Norsk 6. årstrinn | Norsk 7. årstrinn,Syvende årstrinn,status_publisert,leke med språket og prøve ut ulike virkemidler og framstillingsmåter i muntlige og skriftlige tekster,leike med språket og prøve ut ulike verkemiddel og framstillingsmåtar i munnlege og skriftlege tekstar,leke med språket og prøve ut ulike virkemidler og framstillingsmåter i muntlige og skriftlige tekster,"play with language and experiment with various language features, literary devices and types of presentation in oral and written texts",ja,,KM12033
http://psi.udir.no/kl06/KM14181,KM14181,NOR01,08,Læreplan i norsk,Norsk 5. årstrinn | Norsk 6. årstrinn | Norsk 7. årstrinn,Syvende årstrinn,status_publisert,"beskrive, fortelle, argumentere og reflektere i ulike muntlige og skriftlige sjangre og for ulike formål","beskrive, fortelje, argumentere og reflektere i ulike munnlege og skriftlege sjangrar og for ulike formål","beskrive, fortelle, argumentere og reflektere i ulike muntlige og skriftlige sjangre og for ulike formål","describe, relate, reason and reflect in different oral and written genres and for different purposes",ja,,KM12043
http://psi.udir.no/kl06/KM14172,KM14172,NOR01,08,Læreplan i norsk,Norsk 5. årstrinn | Norsk 6. årstrinn | Norsk 7. årstrinn,Syvende årstrinn,status_publisert,"skrive tekster med tydelig struktur og mestre sentrale regler for rettskriving, ordbøying og tegnsetting","skrive tekstar med tydeleg struktur og meistre sentrale reglar for rettskriving, ordbøying og teiknsetjing","skrive tekster med tydelig struktur og mestre sentrale regler for rettskriving, ordbøying og tegnsetting","write texts with a clear structure and master important rules for spelling, word inflection and punctuation",ja,,KM12034
http://psi.udir.no/kl06/KM14174,KM14174,NOR01,08,Læreplan i norsk,Norsk 5. årstrinn | Norsk 6. årstrinn | Norsk 7. årstrinn,Syvende årstrinn,status_publisert,gi tilbakemelding på medelevers tekster ut fra kriterier og bruke tilbakemeldinger i bearbeiding av egne tekster,gi tilbakemelding på medelevar sine tekstar ut frå kriterium og bruke tilbakemeldingar i vidare arbeid med eigne tekstar,gi tilbakemelding på medelevers tekster ut fra kriterier og bruke tilbakemeldinger i bearbeiding av egne tekster,provide feedback on the texts of fellow pupils based on criteria and use the feedback to revise one’s own texts,ja,,KM12036
http://psi.udir.no/kl06/KM14177,KM14177,NOR01,08,Læreplan i norsk,Norsk 5. årstrinn | Norsk 6. årstrinn | Norsk 7. årstrinn,Syvende årstrinn,status_publisert,bruke fagspråk og kunnskap om ordklasser og setningsoppbygning i samtale om egne og andres tekster,bruke fagspråk og kunnskap om ordklassar og setningsoppbygging i samtale om eigne og andre sine tekstar,bruke fagspråk og kunnskap om ordklasser og setningsoppbygning i samtale om egne og andres tekster,use subject-related terminology and knowledge about word classes and syntax in conversations about one’s own and others’ texts,ja,,KM12039
http://psi.udir.no/kl06/KM14183,KM14183,NOR01,08,Læreplan i norsk,Norsk 5. årstrinn | Norsk 6. årstrinn | Norsk 7. årstrinn,Syvende årstrinn,status_publisert,"utforske og beskrive samspillet mellom skrift, bilder og andre uttrykksformer og lage egne sammensatte tekster","utforske og beskrive samspelet mellom skrift, bilete og andre uttrykksformer og lage eigne samansette tekstar","utforske og beskrive samspillet mellom skrift, bilder og andre uttrykksformer og lage egne sammensatte tekster","explore and describe the interaction between writing, pictures and other forms of expression and create one’s own multimedia texts",ja,,KM12045
http://psi.udir.no/kl06/KM14175,KM14175,NOR01,08,Læreplan i norsk,Norsk 5. årstrinn | Norsk 6. årstrinn | Norsk 7. årstrinn,Syvende årstrinn,status_publisert,prøve ut skriving av tekster på sidemål,prøve ut skriving av tekstar på sidemål,prøve ut skriving av tekster på sidemål,experiment with writing texts in the second-choice language,ja,,KM12037
http://psi.udir.no/kl06/KM14178,KM14178,NOR01,08,Læreplan i norsk,Norsk 5. årstrinn | Norsk 6. årstrinn | Norsk 7. årstrinn,Syvende årstrinn,status_publisert,sammenligne talespråk i nærmiljøet med andre talespråkvarianter i Norge og med nabospråk,samanlikne talespråk i nærmiljøet med andre talespråkvariantar i Noreg og med nabospråk,sammenligne talespråk i nærmiljøet med andre talespråkvarianter i Norge og med nabospråk,compare the spoken language in the local environment with other varieties of spoken language in Norway and with neighbouring languages,ja,,KM12040
http://psi.udir.no/kl06/KM14179,KM14179,NOR01,08,Læreplan i norsk,Norsk 5. årstrinn | Norsk 6. årstrinn | Norsk 7. årstrinn,Syvende årstrinn,status_publisert,utforske og reflektere over sammenhengen mellom språk og identitet,utforske og reflektere over samanhengen mellom språk og identitet,utforske og reflektere over sammenhengen mellom språk og identitet,explore and reflect on the relationship between language and identity,ja,,KM12041
http://psi.udir.no/kl06/KM14193,KM14193,NOR01,08,Læreplan i norsk,Norsk 8. årstrinn | Norsk 9. årstrinn | Norsk 10. årstrinn,Tiende årstrinn,status_publisert,"lese skjønnlitteratur og sakprosa på bokmål og nynorsk og i oversettelse fra samiske og andre språk, og reflektere over tekstenes formål, innhold, sjangertrekk og virkemidler","lese skjønnlitteratur og sakprosa på bokmål og nynorsk og i omsetjing frå samiske og andre språk, og reflektere over formål, innhald, sjangertrekk og verkemiddel i tekstane","lese skjønnlitteratur og sakprosa på bokmål og nynorsk og i oversettelse fra samiske og andre språk, og reflektere over tekstenes formål, innhold, sjangertrekk og virkemidler","read fiction and factual prose in ""bokmål"" and ""nynorsk"" and translations from Sami and other languages, and reflect on the purpose, content, genre features, language features and literary devices in the texts",ja,,KM12055
http://psi.udir.no/kl06/KM14197,KM14197,NOR01,08,Læreplan i norsk,Norsk 8. årstrinn | Norsk 9. årstrinn | Norsk 10. årstrinn,Tiende årstrinn,status_publisert,"sammenligne og tolke romaner, noveller, lyrikk og andre tekster ut fra historisk kontekst og egen samtid","samanlikne og tolke romanar, noveller, lyrikk og andre tekstar ut frå historisk kontekst og eiga samtid","sammenligne og tolke romaner, noveller, lyrikk og andre tekster ut fra historisk kontekst og egen samtid","compare and interpret novels, short stories, poetry and other texts based on historical context and their contemporary period",ja,,KM12059
http://psi.udir.no/kl06/KM14201,KM14201,NOR01,08,Læreplan i norsk,Norsk 8. årstrinn | Norsk 9. årstrinn | Norsk 10. årstrinn,Tiende årstrinn,status_publisert,beskrive og reflektere over egen bruk av lesestrategier i lesing av skjønnlitteratur og sakprosa,beskrive og reflektere over eigen bruk av lesestrategiar i lesing av skjønnlitteratur og sakprosa,beskrive og reflektere over egen bruk av lesestrategier i lesing av skjønnlitteratur og sakprosa,describe and reflect on one’s own use of reading strategies when reading fiction and factual texts,ja,,KM12063
http://psi.udir.no/kl06/KM14200,KM14200,NOR01,08,Læreplan i norsk,Norsk 8. årstrinn | Norsk 9. årstrinn | Norsk 10. årstrinn,Tiende årstrinn,status_publisert,lytte til og lese tekster på svensk og dansk og gjøre rede for innhold og språklige trekk,lytte til og lese tekstar på svensk og dansk og gjere greie for innhald og språklege trekk,lytte til og lese tekster på svensk og dansk og gjøre rede for innhold og språklige trekk,listen to and read texts in Swedish and Danish and explain their content and language features,ja,,KM12062
http://psi.udir.no/kl06/KM14198,KM14198,NOR01,08,Læreplan i norsk,Norsk 8. årstrinn | Norsk 9. årstrinn | Norsk 10. årstrinn,Tiende årstrinn,status_publisert,utforske og reflektere over hvordan tekster framstiller unges livssituasjon,utforske og reflektere over korleis tekstar framstiller livssituasjonen til unge,utforske og reflektere over hvordan tekster framstiller unges livssituasjon,investigate and reflect on how texts present the life situation of young people,ja,,KM12060
http://psi.udir.no/kl06/KM14192,KM14192,NOR01,08,Læreplan i norsk,Norsk 8. årstrinn | Norsk 9. årstrinn | Norsk 10. årstrinn,Tiende årstrinn,status_publisert,gjenkjenne og bruke språklige virkemidler og retoriske appellformer,kjenne att og bruke språklege verkemiddel og retoriske appellformer,gjenkjenne og bruke språklige virkemidler og retoriske appellformer,"recognise and use language features, literary devices and rhetorical language",ja,,KM12054
http://psi.udir.no/kl06/KM14190,KM14190,NOR01,08,Læreplan i norsk,Norsk 8. årstrinn | Norsk 9. årstrinn | Norsk 10. årstrinn,Tiende årstrinn,status_publisert,"bruke kilder på en kritisk måte, markere sitater og vise til kilder på en etterrettelig måte i egne tekster","bruke kjelder på ein kritisk måte, markere sitat og vise til kjelder på ein etterretteleg måte i eigne tekstar","bruke kilder på en kritisk måte, markere sitater og vise til kilder på en etterrettelig måte i egne tekster","use sources critically, highlight quotes and refer to sources in a verifiable manner in one’s own texts",ja,,KM12052
http://psi.udir.no/kl06/KM14199,KM14199,NOR01,08,Læreplan i norsk,Norsk 8. årstrinn | Norsk 9. årstrinn | Norsk 10. årstrinn,Tiende årstrinn,status_publisert,utforske og vurdere hvordan digitale medier påvirker og endrer språk og kommunikasjon,utforske og vurdere korleis digitale medium påverkar og endrar språk og kommunikasjon,utforske og vurdere hvordan digitale medier påvirker og endrer språk og kommunikasjon,explore and assess how digital media affect and change language and communication,ja,,KM12061
http://psi.udir.no/kl06/KM14186,KM14186,NOR01,08,Læreplan i norsk,Norsk 8. årstrinn | Norsk 9. årstrinn | Norsk 10. årstrinn,Tiende årstrinn,status_publisert,"bruke fagspråk og argumentere saklig i diskusjoner, samtaler, muntlige presentasjoner og skriftlige framstillinger om norskfaglige og tverrfaglige temaer","bruke fagspråk og argumentere sakleg i diskusjonar, samtalar, munnlege presentasjonar og skriftlege framstillingar om norskfaglege og tverrfaglege tema","bruke fagspråk og argumentere saklig i diskusjoner, samtaler, muntlige presentasjoner og skriftlige framstillinger om norskfaglige og tverrfaglige temaer","use appropriate terminology and argue in a reasoned way in discussions, conversations, oral presentations and written texts on interdisciplinary and subject-related topics",ja,,KM12048
http://psi.udir.no/kl06/KM14188,KM14188,NOR01,08,Læreplan i norsk,Norsk 8. årstrinn | Norsk 9. årstrinn | Norsk 10. årstrinn,Tiende årstrinn,status_publisert,"informere, fortelle, argumentere og reflektere i ulike muntlige og skriftlige sjangre og for ulike formål tilpasset mottaker og medium","informere, fortelje, argumentere og reflektere i ulike munnlege og skriftlege sjangrar og for ulike formål tilpassa mottakar og medium","informere, fortelle, argumentere og reflektere i ulike muntlige og skriftlige sjangre og for ulike formål tilpasset mottaker og medium","inform, relate, reason and reflect in various oral and written genres and for different purposes and adapted to the receiver and the medium",ja,,KM12050
http://psi.udir.no/kl06/KM14191,KM14191,NOR01,08,Læreplan i norsk,Norsk 8. årstrinn | Norsk 9. årstrinn | Norsk 10. årstrinn,Tiende årstrinn,status_publisert,skrive tekster med funksjonell tekstbinding og riktig tegnsetting og mestre rettskriving og ordbøying på hovedmål og sidemål,skrive tekstar med funksjonell tekstbinding og riktig teiknsetjing og meistre rettskriving og ordbøying på hovudmål og sidemål,skrive tekster med funksjonell tekstbinding og riktig tegnsetting og mestre rettskriving og ordbøying på hovedmål og sidemål,write texts with functional coherence and correct punctuation and master spelling and word inflection in the written first-choice and second-choice languages,ja,,KM12053
http://psi.udir.no/kl06/KM14194,KM14194,NOR01,08,Læreplan i norsk,Norsk 8. årstrinn | Norsk 9. årstrinn | Norsk 10. årstrinn,Tiende årstrinn,status_publisert,"bruke fagspråk og kunnskap om grammatikk, tekststruktur og sjanger i samtale om og bearbeiding av tekster","bruke fagspråk og kunnskap om grammatikk, tekststruktur og sjanger i samtale om og vidare arbeid med tekstar","bruke fagspråk og kunnskap om grammatikk, tekststruktur og sjanger i samtale om og bearbeiding av tekster","use subject-related terminology and knowledge about grammar, text structure and genres in conversations on and revisions of texts",ja,,KM12056
http://psi.udir.no/kl06/KM14187,KM14187,NOR01,08,Læreplan i norsk,Norsk 8. årstrinn | Norsk 9. årstrinn | Norsk 10. årstrinn,Tiende årstrinn,status_publisert,uttrykke seg i ulike sjangre og eksperimentere med sjangre på kreative måter,uttrykkje seg i ulike sjangrar og eksperimentere med sjangrar på kreative måtar,uttrykke seg i ulike sjangre og eksperimentere med sjangre på kreative måter,express him or herself in different genres and experiment with genres in a creative way,ja,,KM12049
http://psi.udir.no/kl06/KM14189,KM14189,NOR01,08,Læreplan i norsk,Norsk 8. årstrinn | Norsk 9. årstrinn | Norsk 10. årstrinn,Tiende årstrinn,status_publisert,lage sammensatte tekster og begrunne valg av uttrykksformer,lage samansette tekstar og grunngi val av uttrykksformer,lage sammensatte tekster og begrunne valg av uttrykksformer,create multimedia texts and justify the choice of forms of expression,ja,,KM12051
http://psi.udir.no/kl06/KM14195,KM14195,NOR01,08,Læreplan i norsk,Norsk 8. årstrinn | Norsk 9. årstrinn | Norsk 10. årstrinn,Tiende årstrinn,status_publisert,forklare den historiske bakgrunnen for bokmål og nynorsk og reflektere over statusen til de offisielle språkene i Norge i dag,forklare den historiske bakgrunnen for bokmål og nynorsk og reflektere over statusen til dei offisielle språka i Noreg i dag,forklare den historiske bakgrunnen for bokmål og nynorsk og reflektere over statusen til de offisielle språkene i Norge i dag,"explain the historical background of ""bokmål"" and ""nynorsk"" and reflect on the status of the official languages in Norway today",ja,,KM12057
http://psi.udir.no/kl06/KM14196,KM14196,NOR01,08,Læreplan i norsk,Norsk 8. årstrinn | Norsk 9. årstrinn | Norsk 10. årstrinn,Tiende årstrinn,status_publisert,utforske språklig variasjon og mangfold i Norge og reflektere over holdninger til ulike språk og talespråkvarianter,utforske språkleg variasjon og mangfald i Noreg og reflektere over haldningar til ulike språk og talespråkvariantar,utforske språklig variasjon og mangfold i Norge og reflektere over holdninger til ulike språk og talespråkvarianter,explore linguistic variations and diversity in Norway and reflect on attitudes to different languages and language variants,ja,,KM12058
http://psi.udir.no/kl06/KM14271,KM14271,NOR03,06,Læreplan i norsk for elever med samisk som førstespråk,Norsk for elever med samisk som førstespråk 1. årstrinn | Norsk for elever med samisk som førstespråk 2. årstrinn,Andre årstrinn,status_publisert,lytte til tekster fra norsk og samisk litteratur på norsk og uttrykke tekstopplevelser på kreative måter,,lytte til tekster fra norsk og samisk litteratur på norsk og uttrykke tekstopplevelser på kreative måter,,nei,,KM12133
http://psi.udir.no/kl06/KM14266,KM14266,NOR03,06,Læreplan i norsk for elever med samisk som førstespråk,Norsk for elever med samisk som førstespråk 1. årstrinn | Norsk for elever med samisk som førstespråk 2. årstrinn,Andre årstrinn,status_publisert,lese med sammenheng og forståelse,,lese med sammenheng og forståelse,,nei,,KM12128
http://psi.udir.no/kl06/KM14268,KM14268,NOR03,06,Læreplan i norsk for elever med samisk som førstespråk,Norsk for elever med samisk som førstespråk 1. årstrinn | Norsk for elever med samisk som førstespråk 2. årstrinn,Andre årstrinn,status_publisert,"arbeide kreativt med rim, rytme og stavelser",,"arbeide kreativt med rim, rytme og stavelser",,nei,,KM12130
http://psi.udir.no/kl06/KM14272,KM14272,NOR03,06,Læreplan i norsk for elever med samisk som førstespråk,Norsk for elever med samisk som førstespråk 1. årstrinn | Norsk for elever med samisk som førstespråk 2. årstrinn,Andre årstrinn,status_publisert,kombinere tekst og muntlige uttrykksformer på lekende og utforskende måter i samhandling med andre,,kombinere tekst og muntlige uttrykksformer på lekende og utforskende måter i samhandling med andre,,nei,,KM12134
http://psi.udir.no/kl06/KM14275,KM14275,NOR03,06,Læreplan i norsk for elever med samisk som førstespråk,Norsk for elever med samisk som førstespråk 1. årstrinn | Norsk for elever med samisk som førstespråk 2. årstrinn,Andre årstrinn,status_publisert,bruke noen lese- og skrivestrategier i arbeid med å lære norsk,,bruke noen lese- og skrivestrategier i arbeid med å lære norsk,,nei,,KM12137
http://psi.udir.no/kl06/KM14270,KM14270,NOR03,06,Læreplan i norsk for elever med samisk som førstespråk,Norsk for elever med samisk som førstespråk 1. årstrinn | Norsk for elever med samisk som førstespråk 2. årstrinn,Andre årstrinn,status_publisert,bruke et ordforråd som dekker dagligdagse situasjoner,,bruke et ordforråd som dekker dagligdagse situasjoner,,nei,,KM12132
http://psi.udir.no/kl06/KM14269,KM14269,NOR03,06,Læreplan i norsk for elever med samisk som førstespråk,Norsk for elever med samisk som førstespråk 1. årstrinn | Norsk for elever med samisk som førstespråk 2. årstrinn,Andre årstrinn,status_publisert,"skrive setninger på norsk, med store og små bokstaver og med punktum, spørsmålstegn og utropstegn, for hånd og med tastatur",,"skrive setninger på norsk, med store og små bokstaver og med punktum, spørsmålstegn og utropstegn, for hånd og med tastatur",,nei,,KM12131
http://psi.udir.no/kl06/KM14273,KM14273,NOR03,06,Læreplan i norsk for elever med samisk som førstespråk,Norsk for elever med samisk som førstespråk 1. årstrinn | Norsk for elever med samisk som førstespråk 2. årstrinn,Andre årstrinn,status_publisert,vurdere egne og andres tekster og gi innspill ut fra kriterier,,vurdere egne og andres tekster og gi innspill ut fra kriterier,,nei,,KM12135
http://psi.udir.no/kl06/KM14267,KM14267,NOR03,06,Læreplan i norsk for elever med samisk som førstespråk,Norsk for elever med samisk som førstespråk 1. årstrinn | Norsk for elever med samisk som førstespråk 2. årstrinn,Andre årstrinn,status_publisert,samtale om og sammenligne norske og samiske språklyder og bokstaver,,samtale om og sammenligne norske og samiske språklyder og bokstaver,,nei,,KM12129
http://psi.udir.no/kl06/KM14274,KM14274,NOR03,06,Læreplan i norsk for elever med samisk som førstespråk,Norsk for elever med samisk som førstespråk 1. årstrinn | Norsk for elever med samisk som førstespråk 2. årstrinn,Andre årstrinn,status_publisert,samtale om egen tospråklighet og om hvordan norsk og samisk brukes i egen hverdag,,samtale om egen tospråklighet og om hvordan norsk og samisk brukes i egen hverdag,,nei,,KM12136
http://psi.udir.no/kl06/KM14280,KM14280,NOR03,06,Læreplan i norsk for elever med samisk som førstespråk,Norsk for elever med samisk som førstespråk 3. årstrinn | Norsk for elever med samisk som førstespråk 4. årstrinn,Fjerde årstrinn,status_publisert,lytte til og lese tekster fra norsk og samisk litteratur på norsk og samtale om innholdet,,lytte til og lese tekster fra norsk og samisk litteratur på norsk og samtale om innholdet,,nei,,KM12142
http://psi.udir.no/kl06/KM14282,KM14282,NOR03,06,Læreplan i norsk for elever med samisk som førstespråk,Norsk for elever med samisk som førstespråk 3. årstrinn | Norsk for elever med samisk som førstespråk 4. årstrinn,Fjerde årstrinn,status_publisert,utforske tekster fra den samiske og den norske fortellertradisjonen og reflektere over innholdet,,utforske tekster fra den samiske og den norske fortellertradisjonen og reflektere over innholdet,,nei,,KM12144
http://psi.udir.no/kl06/KM14281,KM14281,NOR03,06,Læreplan i norsk for elever med samisk som førstespråk,Norsk for elever med samisk som førstespråk 3. årstrinn | Norsk for elever med samisk som førstespråk 4. årstrinn,Fjerde årstrinn,status_publisert,uttrykke tekstopplevelser på kreative måter,,uttrykke tekstopplevelser på kreative måter,,nei,,KM12143
http://psi.udir.no/kl06/KM14283,KM14283,NOR03,06,Læreplan i norsk for elever med samisk som førstespråk,Norsk for elever med samisk som førstespråk 3. årstrinn | Norsk for elever med samisk som førstespråk 4. årstrinn,Fjerde årstrinn,status_publisert,kombinere ulike uttrykksformer i egen tekstskaping,,kombinere ulike uttrykksformer i egen tekstskaping,,nei,,KM12145
http://psi.udir.no/kl06/KM14287,KM14287,NOR03,06,Læreplan i norsk for elever med samisk som førstespråk,Norsk for elever med samisk som førstespråk 3. årstrinn | Norsk for elever med samisk som førstespråk 4. årstrinn,Fjerde årstrinn,status_publisert,søke etter informasjon i digitale kilder og bruke informasjonen i egne tekster,,søke etter informasjon i digitale kilder og bruke informasjonen i egne tekster,,nei,,KM12149
http://psi.udir.no/kl06/KM14288,KM14288,NOR03,06,Læreplan i norsk for elever med samisk som førstespråk,Norsk for elever med samisk som førstespråk 3. årstrinn | Norsk for elever med samisk som førstespråk 4. årstrinn,Fjerde årstrinn,status_publisert,bruke lese- og skrivestrategier til ulike formål,,bruke lese- og skrivestrategier til ulike formål,,nei,,KM12150
http://psi.udir.no/kl06/KM14285,KM14285,NOR03,06,Læreplan i norsk for elever med samisk som førstespråk,Norsk for elever med samisk som førstespråk 3. årstrinn | Norsk for elever med samisk som førstespråk 4. årstrinn,Fjerde årstrinn,status_publisert,lytte til andre og uttrykke egne meninger i samtaler og diskusjoner,,lytte til andre og uttrykke egne meninger i samtaler og diskusjoner,,nei,,KM12147
http://psi.udir.no/kl06/KM14278,KM14278,NOR03,06,Læreplan i norsk for elever med samisk som førstespråk,Norsk for elever med samisk som førstespråk 3. årstrinn | Norsk for elever med samisk som førstespråk 4. årstrinn,Fjerde årstrinn,status_publisert,beskrive og fortelle muntlig og skriftlig,,beskrive og fortelle muntlig og skriftlig,,nei,,KM12140
http://psi.udir.no/kl06/KM14279,KM14279,NOR03,06,Læreplan i norsk for elever med samisk som førstespråk,Norsk for elever med samisk som førstespråk 3. årstrinn | Norsk for elever med samisk som førstespråk 4. årstrinn,Fjerde årstrinn,status_publisert,bruke et presist ordforråd som dekker hverdagslige situasjoner,,bruke et presist ordforråd som dekker hverdagslige situasjoner,,nei,,KM12141
http://psi.udir.no/kl06/KM14276,KM14276,NOR03,06,Læreplan i norsk for elever med samisk som førstespråk,Norsk for elever med samisk som førstespråk 3. årstrinn | Norsk for elever med samisk som førstespråk 4. årstrinn,Fjerde årstrinn,status_publisert,bruke kunnskap om likheter og forskjeller i samiske og norske språklyder og samisk og norsk ordbøyning i egen skriving,,bruke kunnskap om likheter og forskjeller i samiske og norske språklyder og samisk og norsk ordbøyning i egen skriving,,nei,,KM12138
http://psi.udir.no/kl06/KM14277,KM14277,NOR03,06,Læreplan i norsk for elever med samisk som førstespråk,Norsk for elever med samisk som førstespråk 3. årstrinn | Norsk for elever med samisk som førstespråk 4. årstrinn,Fjerde årstrinn,status_publisert,utforske ord og setninger og bruke dem på kreative måter,,utforske ord og setninger og bruke dem på kreative måter,,nei,,KM12139
http://psi.udir.no/kl06/KM14284,KM14284,NOR03,06,Læreplan i norsk for elever med samisk som førstespråk,Norsk for elever med samisk som førstespråk 3. årstrinn | Norsk for elever med samisk som førstespråk 4. årstrinn,Fjerde årstrinn,status_publisert,vurdere egne og andres tekster og videreutvikle egne tekster ut fra kriterier og innspill fra andre,,vurdere egne og andres tekster og videreutvikle egne tekster ut fra kriterier og innspill fra andre,,nei,,KM12146
http://psi.udir.no/kl06/KM14286,KM14286,NOR03,06,Læreplan i norsk for elever med samisk som førstespråk,Norsk for elever med samisk som førstespråk 3. årstrinn | Norsk for elever med samisk som førstespråk 4. årstrinn,Fjerde årstrinn,status_publisert,utforske og reflektere over egen flerspråklighet og språkmangfoldet i nærmiljøet,,utforske og reflektere over egen flerspråklighet og språkmangfoldet i nærmiljøet,,nei,,KM12148
http://psi.udir.no/kl06/KM14289,KM14289,NOR03,06,Læreplan i norsk for elever med samisk som førstespråk,Norsk for elever med samisk som førstespråk 5. årstrinn | Norsk for elever med samisk som førstespråk 6. årstrinn | Norsk for elever med samisk som førstespråk 7. årstrinn,Syvende årstrinn,status_publisert,"lese lyrikk, noveller, fagtekster og annen skjønnlitteratur og sakprosa fra norsk og samisk og reflektere over hva tekstene betyr for eleven",,"lese lyrikk, noveller, fagtekster og annen skjønnlitteratur og sakprosa fra norsk og samisk og reflektere over hva tekstene betyr for eleven",,nei,,KM12151
http://psi.udir.no/kl06/KM14300,KM14300,NOR03,06,Læreplan i norsk for elever med samisk som førstespråk,Norsk for elever med samisk som førstespråk 5. årstrinn | Norsk for elever med samisk som førstespråk 6. årstrinn | Norsk for elever med samisk som førstespråk 7. årstrinn,Syvende årstrinn,status_publisert,sammenligne fortellermåter og formål i norsk og samisk fortellertradisjon,,sammenligne fortellermåter og formål i norsk og samisk fortellertradisjon,,nei,,KM12162
http://psi.udir.no/kl06/KM14290,KM14290,NOR03,06,Læreplan i norsk for elever med samisk som førstespråk,Norsk for elever med samisk som førstespråk 5. årstrinn | Norsk for elever med samisk som førstespråk 6. årstrinn | Norsk for elever med samisk som førstespråk 7. årstrinn,Syvende årstrinn,status_publisert,lytte til og lese kortere tekster på den målformen eleven ikke får opplæring i og samtale om innholdet,,lytte til og lese kortere tekster på den målformen eleven ikke får opplæring i og samtale om innholdet,,nei,,KM12152
http://psi.udir.no/kl06/KM14294,KM14294,NOR03,06,Læreplan i norsk for elever med samisk som førstespråk,Norsk for elever med samisk som førstespråk 5. årstrinn | Norsk for elever med samisk som førstespråk 6. årstrinn | Norsk for elever med samisk som førstespråk 7. årstrinn,Syvende årstrinn,status_publisert,velge hensiktsmessige kilder og oppgi kilder i egne tekster,,velge hensiktsmessige kilder og oppgi kilder i egne tekster,,nei,,KM12156
http://psi.udir.no/kl06/KM14299,KM14299,NOR03,06,Læreplan i norsk for elever med samisk som førstespråk,Norsk for elever med samisk som førstespråk 5. årstrinn | Norsk for elever med samisk som førstespråk 6. årstrinn | Norsk for elever med samisk som førstespråk 7. årstrinn,Syvende årstrinn,status_publisert,lytte til andre og begrunne egne meninger i diskusjoner,,lytte til andre og begrunne egne meninger i diskusjoner,,nei,,KM12161
http://psi.udir.no/kl06/KM14297,KM14297,NOR03,06,Læreplan i norsk for elever med samisk som førstespråk,Norsk for elever med samisk som førstespråk 5. årstrinn | Norsk for elever med samisk som førstespråk 6. årstrinn | Norsk for elever med samisk som førstespråk 7. årstrinn,Syvende årstrinn,status_publisert,bruke et dekkende ordforråd i samtaler om faglige emner,,bruke et dekkende ordforråd i samtaler om faglige emner,,nei,,KM12159
http://psi.udir.no/kl06/KM14291,KM14291,NOR03,06,Læreplan i norsk for elever med samisk som førstespråk,Norsk for elever med samisk som førstespråk 5. årstrinn | Norsk for elever med samisk som førstespråk 6. årstrinn | Norsk for elever med samisk som førstespråk 7. årstrinn,Syvende årstrinn,status_publisert,informere og fortelle muntlig og skriftlig,,informere og fortelle muntlig og skriftlig,,nei,,KM12153
http://psi.udir.no/kl06/KM14296,KM14296,NOR03,06,Læreplan i norsk for elever med samisk som førstespråk,Norsk for elever med samisk som førstespråk 5. årstrinn | Norsk for elever med samisk som førstespråk 6. årstrinn | Norsk for elever med samisk som førstespråk 7. årstrinn,Syvende årstrinn,status_publisert,lage tekster ved å kombinere ulike uttrykksformer,,lage tekster ved å kombinere ulike uttrykksformer,,nei,,KM12158
http://psi.udir.no/kl06/KM14302,KM14302,NOR03,06,Læreplan i norsk for elever med samisk som førstespråk,Norsk for elever med samisk som førstespråk 5. årstrinn | Norsk for elever med samisk som førstespråk 6. årstrinn | Norsk for elever med samisk som førstespråk 7. årstrinn,Syvende årstrinn,status_publisert,velge og bruke relevante lese- og skrivestrategier i arbeid med faget,,velge og bruke relevante lese- og skrivestrategier i arbeid med faget,,nei,,KM12164
http://psi.udir.no/kl06/KM14292,KM14292,NOR03,06,Læreplan i norsk for elever med samisk som førstespråk,Norsk for elever med samisk som førstespråk 5. årstrinn | Norsk for elever med samisk som førstespråk 6. årstrinn | Norsk for elever med samisk som førstespråk 7. årstrinn,Syvende årstrinn,status_publisert,utforske bruken av noen språklige virkemidler og eksperimentere med disse i egne tekster,,utforske bruken av noen språklige virkemidler og eksperimentere med disse i egne tekster,,nei,,KM12154
http://psi.udir.no/kl06/KM14298,KM14298,NOR03,06,Læreplan i norsk for elever med samisk som førstespråk,Norsk for elever med samisk som førstespråk 5. årstrinn | Norsk for elever med samisk som førstespråk 6. årstrinn | Norsk for elever med samisk som førstespråk 7. årstrinn,Syvende årstrinn,status_publisert,"bruke tekstbinding og noen sentrale regler for ordbøying, rettskriving, tegnsetting og setningsstruktur i egne tekster",,"bruke tekstbinding og noen sentrale regler for ordbøying, rettskriving, tegnsetting og setningsstruktur i egne tekster",,nei,,KM12160
http://psi.udir.no/kl06/KM14293,KM14293,NOR03,06,Læreplan i norsk for elever med samisk som førstespråk,Norsk for elever med samisk som førstespråk 5. årstrinn | Norsk for elever med samisk som førstespråk 6. årstrinn | Norsk for elever med samisk som førstespråk 7. årstrinn,Syvende årstrinn,status_publisert,"vurdere egne og andres tekster, og videreutvikle egne tekster ut fra faglige kriterier og innspill fra andre",,"vurdere egne og andres tekster, og videreutvikle egne tekster ut fra faglige kriterier og innspill fra andre",,nei,,KM12155
http://psi.udir.no/kl06/KM14295,KM14295,NOR03,06,Læreplan i norsk for elever med samisk som førstespråk,Norsk for elever med samisk som førstespråk 5. årstrinn | Norsk for elever med samisk som førstespråk 6. årstrinn | Norsk for elever med samisk som førstespråk 7. årstrinn,Syvende årstrinn,status_publisert,utforske og reflektere over språk og språkbruk i ulike situasjoner,,utforske og reflektere over språk og språkbruk i ulike situasjoner,,nei,,KM12157
http://psi.udir.no/kl06/KM14301,KM14301,NOR03,06,Læreplan i norsk for elever med samisk som førstespråk,Norsk for elever med samisk som førstespråk 5. årstrinn | Norsk for elever med samisk som førstespråk 6. årstrinn | Norsk for elever med samisk som førstespråk 7. årstrinn,Syvende årstrinn,status_publisert,utforske og reflektere over sammenhengen mellom språk og identitet,,utforske og reflektere over sammenhengen mellom språk og identitet,,nei,,KM12163
http://psi.udir.no/kl06/KM14303,KM14303,NOR03,06,Læreplan i norsk for elever med samisk som førstespråk,Norsk for elever med samisk som førstespråk 8. årstrinn | Norsk for elever med samisk som førstespråk 9. årstrinn | Norsk for elever med samisk som førstespråk 10. årstrinn,Tiende årstrinn,status_publisert,"lese norsk og samisk skjønnlitteratur og sakprosa på bokmål og nynorsk og reflektere over innhold, sjangertrekk og virkemidler",,"lese norsk og samisk skjønnlitteratur og sakprosa på bokmål og nynorsk og reflektere over innhold, sjangertrekk og virkemidler",,nei,,KM12165
http://psi.udir.no/kl06/KM14314,KM14314,NOR03,06,Læreplan i norsk for elever med samisk som førstespråk,Norsk for elever med samisk som førstespråk 8. årstrinn | Norsk for elever med samisk som førstespråk 9. årstrinn | Norsk for elever med samisk som førstespråk 10. årstrinn,Tiende årstrinn,status_publisert,utforske og reflektere over hvordan urfolk blir framstilt i ulike medier,,utforske og reflektere over hvordan urfolk blir framstilt i ulike medier,,nei,,KM12176
http://psi.udir.no/kl06/KM14315,KM14315,NOR03,06,Læreplan i norsk for elever med samisk som førstespråk,Norsk for elever med samisk som førstespråk 8. årstrinn | Norsk for elever med samisk som førstespråk 9. årstrinn | Norsk for elever med samisk som førstespråk 10. årstrinn,Tiende årstrinn,status_publisert,uttrykke tekstopplevelser på kreative måter,,uttrykke tekstopplevelser på kreative måter,,nei,,KM12177
http://psi.udir.no/kl06/KM14312,KM14312,NOR03,06,Læreplan i norsk for elever med samisk som førstespråk,Norsk for elever med samisk som førstespråk 8. årstrinn | Norsk for elever med samisk som førstespråk 9. årstrinn | Norsk for elever med samisk som førstespråk 10. årstrinn,Tiende årstrinn,status_publisert,gjenkjenne og forklare bruken av retoriske appellformer i muntlige og skriftlige tekster,,gjenkjenne og forklare bruken av retoriske appellformer i muntlige og skriftlige tekster,,nei,,KM12174
http://psi.udir.no/kl06/KM14311,KM14311,NOR03,06,Læreplan i norsk for elever med samisk som førstespråk,Norsk for elever med samisk som førstespråk 8. årstrinn | Norsk for elever med samisk som førstespråk 9. årstrinn | Norsk for elever med samisk som førstespråk 10. årstrinn,Tiende årstrinn,status_publisert,"bruke kilder på en kritisk måte, markere sitater og vise til kilder på en etterrettelig måte i egne tekster",,"bruke kilder på en kritisk måte, markere sitater og vise til kilder på en etterrettelig måte i egne tekster",,nei,,KM12173
http://psi.udir.no/kl06/KM14309,KM14309,NOR03,06,Læreplan i norsk for elever med samisk som førstespråk,Norsk for elever med samisk som førstespråk 8. årstrinn | Norsk for elever med samisk som førstespråk 9. årstrinn | Norsk for elever med samisk som førstespråk 10. årstrinn,Tiende årstrinn,status_publisert,"lytte til andre, følge opp innspill og argumentere saklig i samtaler og diskusjoner",,"lytte til andre, følge opp innspill og argumentere saklig i samtaler og diskusjoner",,nei,,KM12171
http://psi.udir.no/kl06/KM14307,KM14307,NOR03,06,Læreplan i norsk for elever med samisk som førstespråk,Norsk for elever med samisk som førstespråk 8. årstrinn | Norsk for elever med samisk som førstespråk 9. årstrinn | Norsk for elever med samisk som førstespråk 10. årstrinn,Tiende årstrinn,status_publisert,"bruke et funksjonelt ordforråd og fagspråk i faglige samtaler, diskusjoner og skriftlige og muntlige presentasjoner",,"bruke et funksjonelt ordforråd og fagspråk i faglige samtaler, diskusjoner og skriftlige og muntlige presentasjoner",,nei,,KM12169
http://psi.udir.no/kl06/KM14306,KM14306,NOR03,06,Læreplan i norsk for elever med samisk som førstespråk,Norsk for elever med samisk som førstespråk 8. årstrinn | Norsk for elever med samisk som førstespråk 9. årstrinn | Norsk for elever med samisk som førstespråk 10. årstrinn,Tiende årstrinn,status_publisert,"informere, fortelle, argumentere og reflektere i ulike muntlige og skriftlige sjangre og for ulike formål tilpasset mottaker og medium",,"informere, fortelle, argumentere og reflektere i ulike muntlige og skriftlige sjangre og for ulike formål tilpasset mottaker og medium",,nei,,KM12168
http://psi.udir.no/kl06/KM14308,KM14308,NOR03,06,Læreplan i norsk for elever med samisk som førstespråk,Norsk for elever med samisk som førstespråk 8. årstrinn | Norsk for elever med samisk som førstespråk 9. årstrinn | Norsk for elever med samisk som førstespråk 10. årstrinn,Tiende årstrinn,status_publisert,"skrive tekster med tydelig struktur og tekstbinding og bruke sentrale regler for ordbøying, rettskriving og tegnsetting i egne tekster",,"skrive tekster med tydelig struktur og tekstbinding og bruke sentrale regler for ordbøying, rettskriving og tegnsetting i egne tekster",,nei,,KM12170
http://psi.udir.no/kl06/KM14317,KM14317,NOR03,06,Læreplan i norsk for elever med samisk som førstespråk,Norsk for elever med samisk som førstespråk 8. årstrinn | Norsk for elever med samisk som førstespråk 9. årstrinn | Norsk for elever med samisk som førstespråk 10. årstrinn,Tiende årstrinn,status_publisert,"bruke fagspråk til å beskrive sentrale trekk ved formverk, setningsoppbygning og rettskriving i norsk",,"bruke fagspråk til å beskrive sentrale trekk ved formverk, setningsoppbygning og rettskriving i norsk",,nei,,KM12179
http://psi.udir.no/kl06/KM14304,KM14304,NOR03,06,Læreplan i norsk for elever med samisk som førstespråk,Norsk for elever med samisk som førstespråk 8. årstrinn | Norsk for elever med samisk som førstespråk 9. årstrinn | Norsk for elever med samisk som førstespråk 10. årstrinn,Tiende årstrinn,status_publisert,velge og bruke hensiktsmessige lese- og skrivestrategier til ulike formål,,velge og bruke hensiktsmessige lese- og skrivestrategier til ulike formål,,nei,,KM12166
http://psi.udir.no/kl06/KM14313,KM14313,NOR03,06,Læreplan i norsk for elever med samisk som førstespråk,Norsk for elever med samisk som førstespråk 8. årstrinn | Norsk for elever med samisk som førstespråk 9. årstrinn | Norsk for elever med samisk som førstespråk 10. årstrinn,Tiende årstrinn,status_publisert,"vurdere egne og andres tekster, og videreutvikle egne tekster ut fra språklige og faglige kriterier og innspill fra andre",,"vurdere egne og andres tekster, og videreutvikle egne tekster ut fra språklige og faglige kriterier og innspill fra andre",,nei,,KM12175
http://psi.udir.no/kl06/KM14305,KM14305,NOR03,06,Læreplan i norsk for elever med samisk som førstespråk,Norsk for elever med samisk som førstespråk 8. årstrinn | Norsk for elever med samisk som førstespråk 9. årstrinn | Norsk for elever med samisk som førstespråk 10. årstrinn,Tiende årstrinn,status_publisert,gjøre rede for virkemidler i ulike typer tekster og eksperimentere med disse i egne tekster,,gjøre rede for virkemidler i ulike typer tekster og eksperimentere med disse i egne tekster,,nei,,KM12167
http://psi.udir.no/kl06/KM14310,KM14310,NOR03,06,Læreplan i norsk for elever med samisk som førstespråk,Norsk for elever med samisk som førstespråk 8. årstrinn | Norsk for elever med samisk som førstespråk 9. årstrinn | Norsk for elever med samisk som førstespråk 10. årstrinn,Tiende årstrinn,status_publisert,lage sammensatte tekster og begrunne valg av uttrykksformer,,lage sammensatte tekster og begrunne valg av uttrykksformer,,nei,,KM12172
http://psi.udir.no/kl06/KM14316,KM14316,NOR03,06,Læreplan i norsk for elever med samisk som førstespråk,Norsk for elever med samisk som førstespråk 8. årstrinn | Norsk for elever med samisk som førstespråk 9. årstrinn | Norsk for elever med samisk som førstespråk 10. årstrinn,Tiende årstrinn,status_publisert,utforske det språklige mangfoldet i Norge og Sápmi/Sábme/Saepmie og reflektere over egen og andres språksituasjon,,utforske det språklige mangfoldet i Norge og Sápmi/Sábme/Saepmie og reflektere over egen og andres språksituasjon,,nei,,KM12178
http://psi.udir.no/kl06/KM14380,KM14380,NOR04,06,Læreplan i norsk tegnspråk,Norsk tegnspråk 1. årstrinn | Norsk tegnspråk 2. årstrinn,Andre årstrinn,status_publisert,avlese og følge regler for turtaking i tegnspråksamtaler,,avlese og følge regler for turtaking i tegnspråksamtaler,,nei,,KM1492
http://psi.udir.no/kl06/KM14376,KM14376,NOR04,06,Læreplan i norsk tegnspråk,Norsk tegnspråk 1. årstrinn | Norsk tegnspråk 2. årstrinn,Andre årstrinn,status_publisert,avlese og oppleve skjønnlitteratur og sakprosa på tegnspråk og samtale om innholdet,,avlese og oppleve skjønnlitteratur og sakprosa på tegnspråk og samtale om innholdet,,nei,,KM1418
http://psi.udir.no/kl06/KM14379,KM14379,NOR04,06,Læreplan i norsk tegnspråk,Norsk tegnspråk 1. årstrinn | Norsk tegnspråk 2. årstrinn,Andre årstrinn,status_publisert,utforske hvordan valg av tegn og mimikk gir forskjellig mening i tegnspråktekster,,utforske hvordan valg av tegn og mimikk gir forskjellig mening i tegnspråktekster,,nei,,KM1493
http://psi.udir.no/kl06/KM14383,KM14383,NOR04,06,Læreplan i norsk tegnspråk,Norsk tegnspråk 1. årstrinn | Norsk tegnspråk 2. årstrinn,Andre årstrinn,status_publisert,"leke med håndform, rim og rytme",,"leke med håndform, rim og rytme",,nei,,KM1489
http://psi.udir.no/kl06/KM14385,KM14385,NOR04,06,Læreplan i norsk tegnspråk,Norsk tegnspråk 1. årstrinn | Norsk tegnspråk 2. årstrinn,Andre årstrinn,status_publisert,finne og bruke relevante digitale tegnspråkressurser,,finne og bruke relevante digitale tegnspråkressurser,,nei,,KM1487
http://psi.udir.no/kl06/KM14377,KM14377,NOR04,06,Læreplan i norsk tegnspråk,Norsk tegnspråk 1. årstrinn | Norsk tegnspråk 2. årstrinn,Andre årstrinn,status_publisert,"avlese og bruke håndalfabetet og forstå sammenhengen mellom bokstavering, munnstilling og skriftbilde",,"avlese og bruke håndalfabetet og forstå sammenhengen mellom bokstavering, munnstilling og skriftbilde",,nei,,KM1495
http://psi.udir.no/kl06/KM14378,KM14378,NOR04,06,Læreplan i norsk tegnspråk,Norsk tegnspråk 1. årstrinn | Norsk tegnspråk 2. årstrinn,Andre årstrinn,status_publisert,"beskrive, fortelle og gi uttrykk for egne meninger på norsk tegnspråk",,"beskrive, fortelle og gi uttrykk for egne meninger på norsk tegnspråk",,nei,,KM1494
http://psi.udir.no/kl06/KM14381,KM14381,NOR04,06,Læreplan i norsk tegnspråk,Norsk tegnspråk 1. årstrinn | Norsk tegnspråk 2. årstrinn,Andre årstrinn,status_publisert,skape tegnspråktekster gjennom lek og andre kreative aktiviteter,,skape tegnspråktekster gjennom lek og andre kreative aktiviteter,,nei,,KM1491
http://psi.udir.no/kl06/KM14382,KM14382,NOR04,06,Læreplan i norsk tegnspråk,Norsk tegnspråk 1. årstrinn | Norsk tegnspråk 2. årstrinn,Andre årstrinn,status_publisert,samtale om og erfare hva en tegnspråktolk gjør,,samtale om og erfare hva en tegnspråktolk gjør,,nei,,KM1490
http://psi.udir.no/kl06/KM14384,KM14384,NOR04,06,Læreplan i norsk tegnspråk,Norsk tegnspråk 1. årstrinn | Norsk tegnspråk 2. årstrinn,Andre årstrinn,status_publisert,samtale om og beskrive hvordan tegn vi bruker i direkte og digital samhandling kan påvirke andre,,samtale om og beskrive hvordan tegn vi bruker i direkte og digital samhandling kan påvirke andre,,nei,,KM1488
http://psi.udir.no/kl06/KM14395,KM14395,NOR04,06,Læreplan i norsk tegnspråk,Norsk tegnspråk 3. årstrinn | Norsk tegnspråk 4. årstrinn,Fjerde årstrinn,status_publisert,"avlese, følge regler for turtaking og gi tilbakemelding i tegnspråksamtaler",,"avlese, følge regler for turtaking og gi tilbakemelding i tegnspråksamtaler",,nei,,KM1477
http://psi.udir.no/kl06/KM14396,KM14396,NOR04,06,Læreplan i norsk tegnspråk,Norsk tegnspråk 3. årstrinn | Norsk tegnspråk 4. årstrinn,Fjerde årstrinn,status_publisert,samtale om trekk i døves historie og gi eksempler på hvordan tegn oppstår,,samtale om trekk i døves historie og gi eksempler på hvordan tegn oppstår,,nei,,KM1476
http://psi.udir.no/kl06/KM14386,KM14386,NOR04,06,Læreplan i norsk tegnspråk,Norsk tegnspråk 3. årstrinn | Norsk tegnspråk 4. årstrinn,Fjerde årstrinn,status_publisert,"avlese fortellinger, eventyr, faktabøker og andre tekster og samtale om hva tekstene betyr for eleven",,"avlese fortellinger, eventyr, faktabøker og andre tekster og samtale om hva tekstene betyr for eleven",,nei,,KM1486
http://psi.udir.no/kl06/KM14387,KM14387,NOR04,06,Læreplan i norsk tegnspråk,Norsk tegnspråk 3. årstrinn | Norsk tegnspråk 4. årstrinn,Fjerde årstrinn,status_publisert,bruke og avlese norsk enhånds- og tohåndsalfabet og internasjonalt håndalfabet,,bruke og avlese norsk enhånds- og tohåndsalfabet og internasjonalt håndalfabet,,nei,,KM1485
http://psi.udir.no/kl06/KM14388,KM14388,NOR04,06,Læreplan i norsk tegnspråk,Norsk tegnspråk 3. årstrinn | Norsk tegnspråk 4. årstrinn,Fjerde årstrinn,status_publisert,samtale om forskjellen mellom meninger og fakta i tegnspråktekster,,samtale om forskjellen mellom meninger og fakta i tegnspråktekster,,nei,,KM1484
http://psi.udir.no/kl06/KM14389,KM14389,NOR04,06,Læreplan i norsk tegnspråk,Norsk tegnspråk 3. årstrinn | Norsk tegnspråk 4. årstrinn,Fjerde årstrinn,status_publisert,samtale om og gjøre rede for noen likheter og forskjeller mellom ulike tegnspråk,,samtale om og gjøre rede for noen likheter og forskjeller mellom ulike tegnspråk,,nei,,KM1483
http://psi.udir.no/kl06/KM14390,KM14390,NOR04,06,Læreplan i norsk tegnspråk,Norsk tegnspråk 3. årstrinn | Norsk tegnspråk 4. årstrinn,Fjerde årstrinn,status_publisert,"beskrive, fortelle og argumentere, og bruke norsk tegnspråk på kreative måter i egne tekster",,"beskrive, fortelle og argumentere, og bruke norsk tegnspråk på kreative måter i egne tekster",,nei,,KM1482
http://psi.udir.no/kl06/KM14391,KM14391,NOR04,06,Læreplan i norsk tegnspråk,Norsk tegnspråk 3. årstrinn | Norsk tegnspråk 4. årstrinn,Fjerde årstrinn,status_publisert,utforske og bruke noen faste tegnuttrykk,,utforske og bruke noen faste tegnuttrykk,,nei,,KM1481
http://psi.udir.no/kl06/KM14392,KM14392,NOR04,06,Læreplan i norsk tegnspråk,Norsk tegnspråk 3. årstrinn | Norsk tegnspråk 4. årstrinn,Fjerde årstrinn,status_publisert,utforske og presentere norsk tegnspråks opprinnelse,,utforske og presentere norsk tegnspråks opprinnelse,,nei,,KM1480
http://psi.udir.no/kl06/KM14393,KM14393,NOR04,06,Læreplan i norsk tegnspråk,Norsk tegnspråk 3. årstrinn | Norsk tegnspråk 4. årstrinn,Fjerde årstrinn,status_publisert,forstå og forklare hvordan vi gjennom språkbruk i direkte og digital samhandling kan krenke andre,,forstå og forklare hvordan vi gjennom språkbruk i direkte og digital samhandling kan krenke andre,,nei,,KM1479
http://psi.udir.no/kl06/KM14394,KM14394,NOR04,06,Læreplan i norsk tegnspråk,Norsk tegnspråk 3. årstrinn | Norsk tegnspråk 4. årstrinn,Fjerde årstrinn,status_publisert,bruke fagspråk om tegnspråkets grammatikk og oppbygning,,bruke fagspråk om tegnspråkets grammatikk og oppbygning,,nei,,KM1478
http://psi.udir.no/kl06/KM14403,KM14403,NOR04,06,Læreplan i norsk tegnspråk,Norsk tegnspråk 5. årstrinn | Norsk tegnspråk 6. årstrinn | Norsk tegnspråk 7. årstrinn,Syvende årstrinn,status_publisert,gjøre rede for sentrale utviklingstrekk i døves historie,,gjøre rede for sentrale utviklingstrekk i døves historie,,nei,,KM1499
http://psi.udir.no/kl06/KM14404,KM14404,NOR04,06,Læreplan i norsk tegnspråk,Norsk tegnspråk 5. årstrinn | Norsk tegnspråk 6. årstrinn | Norsk tegnspråk 7. årstrinn,Syvende årstrinn,status_publisert,utforske tegnspråkets muligheter og uttrykke seg med et variert tegnspråk i spontan muntlig samhandling og i tekstskaping,,utforske tegnspråkets muligheter og uttrykke seg med et variert tegnspråk i spontan muntlig samhandling og i tekstskaping,,nei,,KM1522
http://psi.udir.no/kl06/KM14402,KM14402,NOR04,06,Læreplan i norsk tegnspråk,Norsk tegnspråk 5. årstrinn | Norsk tegnspråk 6. årstrinn | Norsk tegnspråk 7. årstrinn,Syvende årstrinn,status_publisert,gi tilbakemelding på medelevers tegnspråktekster ut fra kriterier og bruke tilbakemeldinger i bearbeiding av egne tekster,,gi tilbakemelding på medelevers tegnspråktekster ut fra kriterier og bruke tilbakemeldinger i bearbeiding av egne tekster,,nei,,KM1523
http://psi.udir.no/kl06/KM14397,KM14397,NOR04,06,Læreplan i norsk tegnspråk,Norsk tegnspråk 5. årstrinn | Norsk tegnspråk 6. årstrinn | Norsk tegnspråk 7. årstrinn,Syvende årstrinn,status_publisert,avlese tegnspråktekster i forskjellige sjangre fra ulike tider og kulturer,,avlese tegnspråktekster i forskjellige sjangre fra ulike tider og kulturer,,nei,,KM1475
http://psi.udir.no/kl06/KM14398,KM14398,NOR04,06,Læreplan i norsk tegnspråk,Norsk tegnspråk 5. årstrinn | Norsk tegnspråk 6. årstrinn | Norsk tegnspråk 7. årstrinn,Syvende årstrinn,status_publisert,"beskrive, fortelle, argumentere og reflektere i muntlig samhandling og skriftlig tekstskaping",,"beskrive, fortelle, argumentere og reflektere i muntlig samhandling og skriftlig tekstskaping",,nei,,KM1474
http://psi.udir.no/kl06/KM14399,KM14399,NOR04,06,Læreplan i norsk tegnspråk,Norsk tegnspråk 5. årstrinn | Norsk tegnspråk 6. årstrinn | Norsk tegnspråk 7. årstrinn,Syvende årstrinn,status_publisert,vurdere hvor pålitelige kilder er og vise til kilder i egne tekster,,vurdere hvor pålitelige kilder er og vise til kilder i egne tekster,,nei,,KM1473
http://psi.udir.no/kl06/KM14407,KM14407,NOR04,06,Læreplan i norsk tegnspråk,Norsk tegnspråk 5. årstrinn | Norsk tegnspråk 6. årstrinn | Norsk tegnspråk 7. årstrinn,Syvende årstrinn,status_publisert,bruke fagspråk i samtaler om tegnspråktekster,,bruke fagspråk i samtaler om tegnspråktekster,,nei,,KM1519
http://psi.udir.no/kl06/KM14400,KM14400,NOR04,06,Læreplan i norsk tegnspråk,Norsk tegnspråk 5. årstrinn | Norsk tegnspråk 6. årstrinn | Norsk tegnspråk 7. årstrinn,Syvende årstrinn,status_publisert,greie ut om regler for tegndanning og hvordan nye tegn oppstår og endres over tid,,greie ut om regler for tegndanning og hvordan nye tegn oppstår og endres over tid,,nei,,KM1496
http://psi.udir.no/kl06/KM14401,KM14401,NOR04,06,Læreplan i norsk tegnspråk,Norsk tegnspråk 5. årstrinn | Norsk tegnspråk 6. årstrinn | Norsk tegnspråk 7. årstrinn,Syvende årstrinn,status_publisert,utforske og reflektere over sammenhengen mellom språk og identitet,,utforske og reflektere over sammenhengen mellom språk og identitet,,nei,,KM1498
http://psi.udir.no/kl06/KM14405,KM14405,NOR04,06,Læreplan i norsk tegnspråk,Norsk tegnspråk 5. årstrinn | Norsk tegnspråk 6. årstrinn | Norsk tegnspråk 7. årstrinn,Syvende årstrinn,status_publisert,produsere tekster med tydelig tegnspråkstruktur,,produsere tekster med tydelig tegnspråkstruktur,,nei,,KM1521
http://psi.udir.no/kl06/KM14406,KM14406,NOR04,06,Læreplan i norsk tegnspråk,Norsk tegnspråk 5. årstrinn | Norsk tegnspråk 6. årstrinn | Norsk tegnspråk 7. årstrinn,Syvende årstrinn,status_publisert,gjøre rede for bruk av tegnspråktolk/skrivetolk i utdanning,,gjøre rede for bruk av tegnspråktolk/skrivetolk i utdanning,,nei,,KM1520
http://psi.udir.no/kl06/KM14419,KM14419,NOR04,06,Læreplan i norsk tegnspråk,Norsk tegnspråk 8. årstrinn | Norsk tegnspråk 9. årstrinn | Norsk tegnspråk 10. årstrinn,Tiende årstrinn,status_publisert,uttrykke seg i ulike sjangre og eksperimentere med sjangre på kreative måter,,uttrykke seg i ulike sjangre og eksperimentere med sjangre på kreative måter,,nei,,KM1507
http://psi.udir.no/kl06/KM14408,KM14408,NOR04,06,Læreplan i norsk tegnspråk,Norsk tegnspråk 8. årstrinn | Norsk tegnspråk 9. årstrinn | Norsk tegnspråk 10. årstrinn,Tiende årstrinn,status_publisert,utforske og gjøre rede for tegnspråklig litteratur og fortellertradisjon,,utforske og gjøre rede for tegnspråklig litteratur og fortellertradisjon,,nei,,KM1518
http://psi.udir.no/kl06/KM14415,KM14415,NOR04,06,Læreplan i norsk tegnspråk,Norsk tegnspråk 8. årstrinn | Norsk tegnspråk 9. årstrinn | Norsk tegnspråk 10. årstrinn,Tiende årstrinn,status_publisert,gjøre rede for det språklige mangfoldet i Norge og sammenligne samers og andre minoritetsspråkliges rettigheter i Norge,,gjøre rede for det språklige mangfoldet i Norge og sammenligne samers og andre minoritetsspråkliges rettigheter i Norge,,nei,,KM1511
http://psi.udir.no/kl06/KM14409,KM14409,NOR04,06,Læreplan i norsk tegnspråk,Norsk tegnspråk 8. årstrinn | Norsk tegnspråk 9. årstrinn | Norsk tegnspråk 10. årstrinn,Tiende årstrinn,status_publisert,reflektere over og gjøre rede for ulike elementer som påvirker tekster som oversettes og tolkes,,reflektere over og gjøre rede for ulike elementer som påvirker tekster som oversettes og tolkes,,nei,,KM1517
http://psi.udir.no/kl06/KM14410,KM14410,NOR04,06,Læreplan i norsk tegnspråk,Norsk tegnspråk 8. årstrinn | Norsk tegnspråk 9. årstrinn | Norsk tegnspråk 10. årstrinn,Tiende årstrinn,status_publisert,"gjøre rede for regler om personvern og opphavsrett, bruke kilder på en kritisk måte, markere sitater og vise til kilder på en etterrettelig måte i egne tegnspråktekster",,"gjøre rede for regler om personvern og opphavsrett, bruke kilder på en kritisk måte, markere sitater og vise til kilder på en etterrettelig måte i egne tegnspråktekster",,nei,,KM1516
http://psi.udir.no/kl06/KM14411,KM14411,NOR04,06,Læreplan i norsk tegnspråk,Norsk tegnspråk 8. årstrinn | Norsk tegnspråk 9. årstrinn | Norsk tegnspråk 10. årstrinn,Tiende årstrinn,status_publisert,vurdere hva som er saklig argumentasjon og begrunne egne synspunkter,,vurdere hva som er saklig argumentasjon og begrunne egne synspunkter,,nei,,KM1515
http://psi.udir.no/kl06/KM14412,KM14412,NOR04,06,Læreplan i norsk tegnspråk,Norsk tegnspråk 8. årstrinn | Norsk tegnspråk 9. årstrinn | Norsk tegnspråk 10. årstrinn,Tiende årstrinn,status_publisert,"informere, analysere, reflektere og argumentere i ulike sjangre og for ulike formål",,"informere, analysere, reflektere og argumentere i ulike sjangre og for ulike formål",,nei,,KM1514
http://psi.udir.no/kl06/KM14413,KM14413,NOR04,06,Læreplan i norsk tegnspråk,Norsk tegnspråk 8. årstrinn | Norsk tegnspråk 9. årstrinn | Norsk tegnspråk 10. årstrinn,Tiende årstrinn,status_publisert,bruke fagspråk og kunnskap om tegnspråkets grammatikk i beskrivelser av hvordan tegnspråk er bygget opp,,bruke fagspråk og kunnskap om tegnspråkets grammatikk i beskrivelser av hvordan tegnspråk er bygget opp,,nei,,KM1513
http://psi.udir.no/kl06/KM14414,KM14414,NOR04,06,Læreplan i norsk tegnspråk,Norsk tegnspråk 8. årstrinn | Norsk tegnspråk 9. årstrinn | Norsk tegnspråk 10. årstrinn,Tiende årstrinn,status_publisert,utforske og greie ut om andre lands tegnspråk og deres påvirkning på norsk tegnspråk,,utforske og greie ut om andre lands tegnspråk og deres påvirkning på norsk tegnspråk,,nei,,KM1512
http://psi.udir.no/kl06/KM14416,KM14416,NOR04,06,Læreplan i norsk tegnspråk,Norsk tegnspråk 8. årstrinn | Norsk tegnspråk 9. årstrinn | Norsk tegnspråk 10. årstrinn,Tiende årstrinn,status_publisert,utforske og diskutere hvordan tegnspråktekster framstiller unges livssituasjon,,utforske og diskutere hvordan tegnspråktekster framstiller unges livssituasjon,,nei,,KM1510
http://psi.udir.no/kl06/KM14417,KM14417,NOR04,06,Læreplan i norsk tegnspråk,Norsk tegnspråk 8. årstrinn | Norsk tegnspråk 9. årstrinn | Norsk tegnspråk 10. årstrinn,Tiende årstrinn,status_publisert,"bruke fagspråk i diskusjoner, spontane samtaler og i skriftlige og muntlige presentasjoner om tegnspråkfaglige emner",,"bruke fagspråk i diskusjoner, spontane samtaler og i skriftlige og muntlige presentasjoner om tegnspråkfaglige emner",,nei,,KM1509
http://psi.udir.no/kl06/KM14418,KM14418,NOR04,06,Læreplan i norsk tegnspråk,Norsk tegnspråk 8. årstrinn | Norsk tegnspråk 9. årstrinn | Norsk tegnspråk 10. årstrinn,Tiende årstrinn,status_publisert,"produsere tekster som har en tydelig struktur og er tilpasset sjanger, mottaker og formål",,"produsere tekster som har en tydelig struktur og er tilpasset sjanger, mottaker og formål",,nei,,KM1508
http://psi.udir.no/kl06/KM14420,KM14420,NOR04,06,Læreplan i norsk tegnspråk,Norsk tegnspråk 8. årstrinn | Norsk tegnspråk 9. årstrinn | Norsk tegnspråk 10. årstrinn,Tiende årstrinn,status_publisert,gjøre rede for retten til å bruke tegnspråktolk/skrivetolk,,gjøre rede for retten til å bruke tegnspråktolk/skrivetolk,,nei,,KM1506
http://psi.udir.no/kl06/KM14492,KM14492,NOR05,07,Læreplan i norsk for elever med tegnspråk,Norsk for hørselshemmede 1. årstrinn | Norsk for hørselshemmede 2. årstrinn,Andre årstrinn,status_publisert,utforske og samtale om oppbygningen av og betydningen til ord og uttrykk,,utforske og samtale om oppbygningen av og betydningen til ord og uttrykk,,nei,,KM12247
http://psi.udir.no/kl06/KM14483,KM14483,NOR05,07,Læreplan i norsk for elever med tegnspråk,Norsk for hørselshemmede 1. årstrinn | Norsk for hørselshemmede 2. årstrinn,Andre årstrinn,status_publisert,lytte til / avlese skjønnlitteratur og sakprosa og samtale om innholdet,,lytte til / avlese skjønnlitteratur og sakprosa og samtale om innholdet,,nei,,KM12238
http://psi.udir.no/kl06/KM14488,KM14488,NOR05,07,Læreplan i norsk for elever med tegnspråk,Norsk for hørselshemmede 1. årstrinn | Norsk for hørselshemmede 2. årstrinn,Andre årstrinn,status_publisert,låne og lese bøker fra biblioteket,,låne og lese bøker fra biblioteket,,nei,,KM12243
http://psi.udir.no/kl06/KM14486,KM14486,NOR05,07,Læreplan i norsk for elever med tegnspråk,Norsk for hørselshemmede 1. årstrinn | Norsk for hørselshemmede 2. årstrinn,Andre årstrinn,status_publisert,"oppleve og bearbeide tekster gjennom lek, tegning, skriving og andre kreative aktiviteter",,"oppleve og bearbeide tekster gjennom lek, tegning, skriving og andre kreative aktiviteter",,nei,,KM12241
http://psi.udir.no/kl06/KM14484,KM14484,NOR05,07,Læreplan i norsk for elever med tegnspråk,Norsk for hørselshemmede 1. årstrinn | Norsk for hørselshemmede 2. årstrinn,Andre årstrinn,status_publisert,leke med og utforske forholdet mellom språklyd og bokstav sammenlignet med forholdet mellom munnbevegelse og tegn i det tegnspråklige håndalfabetet,,leke med og utforske forholdet mellom språklyd og bokstav sammenlignet med forholdet mellom munnbevegelse og tegn i det tegnspråklige håndalfabetet,,nei,,KM12239
http://psi.udir.no/kl06/KM14487,KM14487,NOR05,07,Læreplan i norsk for elever med tegnspråk,Norsk for hørselshemmede 1. årstrinn | Norsk for hørselshemmede 2. årstrinn,Andre årstrinn,status_publisert,samtale om egen tospråklighet og diskutere hvordan norsk og norsk tegnspråk brukes i egen hverdag,,samtale om egen tospråklighet og diskutere hvordan norsk og norsk tegnspråk brukes i egen hverdag,,nei,,KM12242
http://psi.udir.no/kl06/KM14491,KM14491,NOR05,07,Læreplan i norsk for elever med tegnspråk,Norsk for hørselshemmede 1. årstrinn | Norsk for hørselshemmede 2. årstrinn,Andre årstrinn,status_publisert,lese med sammenheng og forståelse på papir og digitalt,,lese med sammenheng og forståelse på papir og digitalt,,nei,,KM12246
http://psi.udir.no/kl06/KM14485,KM14485,NOR05,07,Læreplan i norsk for elever med tegnspråk,Norsk for hørselshemmede 1. årstrinn | Norsk for hørselshemmede 2. årstrinn,Andre årstrinn,status_publisert,beskrive og fortelle i ulike typer tekster,,beskrive og fortelle i ulike typer tekster,,nei,,KM12240
http://psi.udir.no/kl06/KM14490,KM14490,NOR05,07,Læreplan i norsk for elever med tegnspråk,Norsk for hørselshemmede 1. årstrinn | Norsk for hørselshemmede 2. årstrinn,Andre årstrinn,status_publisert,"bruke store og små bokstaver, punktum, spørsmålstegn og utropstegn i tekster for hånd og med tastatur",,"bruke store og små bokstaver, punktum, spørsmålstegn og utropstegn i tekster for hånd og med tastatur",,nei,,KM12245
http://psi.udir.no/kl06/KM14489,KM14489,NOR05,07,Læreplan i norsk for elever med tegnspråk,Norsk for hørselshemmede 1. årstrinn | Norsk for hørselshemmede 2. årstrinn,Andre årstrinn,status_publisert,lage tekster som kombinerer skrift og bilder,,lage tekster som kombinerer skrift og bilder,,nei,,KM12244
http://psi.udir.no/kl06/KM14493,KM14493,NOR05,07,Læreplan i norsk for elever med tegnspråk,Norsk for hørselshemmede 3. årstrinn | Norsk for hørselshemmede 4. årstrinn,Fjerde årstrinn,status_publisert,"lese eller lytte til / avlese fortellinger, eventyr, sangtekster, faktabøker og andre tekster på bokmål eller nynorsk og i oversettelse fra samiske og andre språk, og samtale om hva tekstene betyr for eleven",,"lese eller lytte til / avlese fortellinger, eventyr, sangtekster, faktabøker og andre tekster på bokmål eller nynorsk og i oversettelse fra samiske og andre språk, og samtale om hva tekstene betyr for eleven",,nei,,KM12248
http://psi.udir.no/kl06/KM14499,KM14499,NOR05,07,Læreplan i norsk for elever med tegnspråk,Norsk for hørselshemmede 3. årstrinn | Norsk for hørselshemmede 4. årstrinn,Fjerde årstrinn,status_publisert,velge bøker fra bibliotek ut fra egne interesser og leseferdigheter,,velge bøker fra bibliotek ut fra egne interesser og leseferdigheter,,nei,,KM12254
http://psi.udir.no/kl06/KM14494,KM14494,NOR05,07,Læreplan i norsk for elever med tegnspråk,Norsk for hørselshemmede 3. årstrinn | Norsk for hørselshemmede 4. årstrinn,Fjerde årstrinn,status_publisert,skrive tekster med funksjonell håndskrift og med tastatur,,skrive tekster med funksjonell håndskrift og med tastatur,,nei,,KM12249
http://psi.udir.no/kl06/KM14495,KM14495,NOR05,07,Læreplan i norsk for elever med tegnspråk,Norsk for hørselshemmede 3. årstrinn | Norsk for hørselshemmede 4. årstrinn,Fjerde årstrinn,status_publisert,"fortelle, beskrive og argumentere skriftlig og bruke språket på kreative måter",,"fortelle, beskrive og argumentere skriftlig og bruke språket på kreative måter",,nei,,KM12250
http://psi.udir.no/kl06/KM14497,KM14497,NOR05,07,Læreplan i norsk for elever med tegnspråk,Norsk for hørselshemmede 3. årstrinn | Norsk for hørselshemmede 4. årstrinn,Fjerde årstrinn,status_publisert,utforske og diskutere sider ved egen tospråklighet og nærmiljøets språkmangfold,,utforske og diskutere sider ved egen tospråklighet og nærmiljøets språkmangfold,,nei,,KM12252
http://psi.udir.no/kl06/KM14496,KM14496,NOR05,07,Læreplan i norsk for elever med tegnspråk,Norsk for hørselshemmede 3. årstrinn | Norsk for hørselshemmede 4. årstrinn,Fjerde årstrinn,status_publisert,forstå og bruke enkelte idiomatiske uttrykk,,forstå og bruke enkelte idiomatiske uttrykk,,nei,,KM12251
http://psi.udir.no/kl06/KM14500,KM14500,NOR05,07,Læreplan i norsk for elever med tegnspråk,Norsk for hørselshemmede 3. årstrinn | Norsk for hørselshemmede 4. årstrinn,Fjerde årstrinn,status_publisert,samtale om forskjellen mellom meninger og fakta i tekster,,samtale om forskjellen mellom meninger og fakta i tekster,,nei,,KM12255
http://psi.udir.no/kl06/KM14498,KM14498,NOR05,07,Læreplan i norsk for elever med tegnspråk,Norsk for hørselshemmede 3. årstrinn | Norsk for hørselshemmede 4. årstrinn,Fjerde årstrinn,status_publisert,kombinere ulike uttrykksformer i sammensatte tekster,,kombinere ulike uttrykksformer i sammensatte tekster,,nei,,KM12253
http://psi.udir.no/kl06/KM14501,KM14501,NOR05,07,Læreplan i norsk for elever med tegnspråk,Norsk for hørselshemmede 3. årstrinn | Norsk for hørselshemmede 4. årstrinn,Fjerde årstrinn,status_publisert,"bruke fagspråk om setningsoppbygning og bøying av verb, substantiv og adjektiv i samtaler om språk og tekst",,"bruke fagspråk om setningsoppbygning og bøying av verb, substantiv og adjektiv i samtaler om språk og tekst",,nei,,KM12256
http://psi.udir.no/kl06/KM14502,KM14502,NOR05,07,Læreplan i norsk for elever med tegnspråk,Norsk for hørselshemmede 5. årstrinn | Norsk for hørselshemmede 6. årstrinn | Norsk for hørselshemmede 7. årstrinn,Syvende årstrinn,status_publisert,"lese lyrikk, noveller, fagtekster og annen skjønnlitteratur og sakprosa på bokmål og nynorsk og i oversettelse fra samiske og andre språk, og samtale om form og innhold",,"lese lyrikk, noveller, fagtekster og annen skjønnlitteratur og sakprosa på bokmål og nynorsk og i oversettelse fra samiske og andre språk, og samtale om form og innhold",,nei,,KM12257
http://psi.udir.no/kl06/KM14513,KM14513,NOR05,07,Læreplan i norsk for elever med tegnspråk,Norsk for hørselshemmede 5. årstrinn | Norsk for hørselshemmede 6. årstrinn | Norsk for hørselshemmede 7. årstrinn,Syvende årstrinn,status_publisert,leke med språket og prøve ut ulike virkemidler og framstillingsmåter i egne tekster,,leke med språket og prøve ut ulike virkemidler og framstillingsmåter i egne tekster,,nei,,KM12268
http://psi.udir.no/kl06/KM14504,KM14504,NOR05,07,Læreplan i norsk for elever med tegnspråk,Norsk for hørselshemmede 5. årstrinn | Norsk for hørselshemmede 6. årstrinn | Norsk for hørselshemmede 7. årstrinn,Syvende årstrinn,status_publisert,"orientere seg i faglige kilder på bibliotek og digitalt, vurdere hvor pålitelige kildene er og vise til kilder i egne tekster",,"orientere seg i faglige kilder på bibliotek og digitalt, vurdere hvor pålitelige kildene er og vise til kilder i egne tekster",,nei,,KM12259
http://psi.udir.no/kl06/KM14509,KM14509,NOR05,07,Læreplan i norsk for elever med tegnspråk,Norsk for hørselshemmede 5. årstrinn | Norsk for hørselshemmede 6. årstrinn | Norsk for hørselshemmede 7. årstrinn,Syvende årstrinn,status_publisert,reflektere etisk over hvordan eleven framstiller seg selv og andre i digitale medier,,reflektere etisk over hvordan eleven framstiller seg selv og andre i digitale medier,,nei,,KM12264
http://psi.udir.no/kl06/KM14505,KM14505,NOR05,07,Læreplan i norsk for elever med tegnspråk,Norsk for hørselshemmede 5. årstrinn | Norsk for hørselshemmede 6. årstrinn | Norsk for hørselshemmede 7. årstrinn,Syvende årstrinn,status_publisert,avlese / lytte til og videreutvikle innspill fra andre og begrunne egne standpunkter i samtaler,,avlese / lytte til og videreutvikle innspill fra andre og begrunne egne standpunkter i samtaler,,nei,,KM12260
http://psi.udir.no/kl06/KM14506,KM14506,NOR05,07,Læreplan i norsk for elever med tegnspråk,Norsk for hørselshemmede 5. årstrinn | Norsk for hørselshemmede 6. årstrinn | Norsk for hørselshemmede 7. årstrinn,Syvende årstrinn,status_publisert,"beskrive, fortelle, argumentere og reflektere i ulike skriftlige sjangre og for ulike formål",,"beskrive, fortelle, argumentere og reflektere i ulike skriftlige sjangre og for ulike formål",,nei,,KM12261
http://psi.udir.no/kl06/KM14507,KM14507,NOR05,07,Læreplan i norsk for elever med tegnspråk,Norsk for hørselshemmede 5. årstrinn | Norsk for hørselshemmede 6. årstrinn | Norsk for hørselshemmede 7. årstrinn,Syvende årstrinn,status_publisert,"skrive tekster med struktur og mestre sentrale regler for rettskriving, ordbøying og tegnsetting",,"skrive tekster med struktur og mestre sentrale regler for rettskriving, ordbøying og tegnsetting",,nei,,KM12262
http://psi.udir.no/kl06/KM14512,KM14512,NOR05,07,Læreplan i norsk for elever med tegnspråk,Norsk for hørselshemmede 5. årstrinn | Norsk for hørselshemmede 6. årstrinn | Norsk for hørselshemmede 7. årstrinn,Syvende årstrinn,status_publisert,gi tilbakemelding på medelevers tekster ut fra kriterier og bruke tilbakemeldinger i bearbeiding av egne tekster,,gi tilbakemelding på medelevers tekster ut fra kriterier og bruke tilbakemeldinger i bearbeiding av egne tekster,,nei,,KM12267
http://psi.udir.no/kl06/KM14503,KM14503,NOR05,07,Læreplan i norsk for elever med tegnspråk,Norsk for hørselshemmede 5. årstrinn | Norsk for hørselshemmede 6. årstrinn | Norsk for hørselshemmede 7. årstrinn,Syvende årstrinn,status_publisert,utforske hvordan språk kan uttrykke ulike holdninger,,utforske hvordan språk kan uttrykke ulike holdninger,,nei,,KM12258
http://psi.udir.no/kl06/KM14510,KM14510,NOR05,07,Læreplan i norsk for elever med tegnspråk,Norsk for hørselshemmede 5. årstrinn | Norsk for hørselshemmede 6. årstrinn | Norsk for hørselshemmede 7. årstrinn,Syvende årstrinn,status_publisert,bruke fagspråk og kunnskap om ordklasser og setningsoppbygning i samtale om egne og andres tekster,,bruke fagspråk og kunnskap om ordklasser og setningsoppbygning i samtale om egne og andres tekster,,nei,,KM12265
http://psi.udir.no/kl06/KM14514,KM14514,NOR05,07,Læreplan i norsk for elever med tegnspråk,Norsk for hørselshemmede 5. årstrinn | Norsk for hørselshemmede 6. årstrinn | Norsk for hørselshemmede 7. årstrinn,Syvende årstrinn,status_publisert,skrive tekster med funksjonell håndskrift og med flyt på tastatur,,skrive tekster med funksjonell håndskrift og med flyt på tastatur,,nei,,KM12269
http://psi.udir.no/kl06/KM14511,KM14511,NOR05,07,Læreplan i norsk for elever med tegnspråk,Norsk for hørselshemmede 5. årstrinn | Norsk for hørselshemmede 6. årstrinn | Norsk for hørselshemmede 7. årstrinn,Syvende årstrinn,status_publisert,"utforske samspillet mellom skrift, bilder og andre uttrykksformer og lage egne sammensatte tekster",,"utforske samspillet mellom skrift, bilder og andre uttrykksformer og lage egne sammensatte tekster",,nei,,KM12266
http://psi.udir.no/kl06/KM14508,KM14508,NOR05,07,Læreplan i norsk for elever med tegnspråk,Norsk for hørselshemmede 5. årstrinn | Norsk for hørselshemmede 6. årstrinn | Norsk for hørselshemmede 7. årstrinn,Syvende årstrinn,status_publisert,forstå og bruke ulike språklige virkemidler i egen tekstskaping,,forstå og bruke ulike språklige virkemidler i egen tekstskaping,,nei,,KM12263
http://psi.udir.no/kl06/KM14524,KM14524,NOR05,07,Læreplan i norsk for elever med tegnspråk,Norsk for hørselshemmede 8. årstrinn | Norsk for hørselshemmede 9. årstrinn | Norsk for hørselshemmede 10. årstrinn,Tiende årstrinn,status_publisert,"lese skjønnlitteratur og sakprosa på bokmål og nynorsk, på svensk og dansk og i oversettelse fra samiske og andre språk, og reflektere over tekstenes innhold, sjangertrekk og virkemidler",,"lese skjønnlitteratur og sakprosa på bokmål og nynorsk, på svensk og dansk og i oversettelse fra samiske og andre språk, og reflektere over tekstenes innhold, sjangertrekk og virkemidler",,nei,,KM12279
http://psi.udir.no/kl06/KM14523,KM14523,NOR05,07,Læreplan i norsk for elever med tegnspråk,Norsk for hørselshemmede 8. årstrinn | Norsk for hørselshemmede 9. årstrinn | Norsk for hørselshemmede 10. årstrinn,Tiende årstrinn,status_publisert,"sammenligne og tolke romaner, noveller, lyrikk og andre tekster ut fra historisk kontekst og elevens egen samtid",,"sammenligne og tolke romaner, noveller, lyrikk og andre tekster ut fra historisk kontekst og elevens egen samtid",,nei,,KM12278
http://psi.udir.no/kl06/KM14515,KM14515,NOR05,07,Læreplan i norsk for elever med tegnspråk,Norsk for hørselshemmede 8. årstrinn | Norsk for hørselshemmede 9. årstrinn | Norsk for hørselshemmede 10. årstrinn,Tiende årstrinn,status_publisert,gjenkjenne og bruke språklige virkemidler og retoriske appellformer,,gjenkjenne og bruke språklige virkemidler og retoriske appellformer,,nei,,KM12270
http://psi.udir.no/kl06/KM14516,KM14516,NOR05,07,Læreplan i norsk for elever med tegnspråk,Norsk for hørselshemmede 8. årstrinn | Norsk for hørselshemmede 9. årstrinn | Norsk for hørselshemmede 10. årstrinn,Tiende årstrinn,status_publisert,"bruke kilder på en kritisk måte, markere sitater og vise til kilder på en etterrettelig måte i egne tekster",,"bruke kilder på en kritisk måte, markere sitater og vise til kilder på en etterrettelig måte i egne tekster",,nei,,KM12271
http://psi.udir.no/kl06/KM14526,KM14526,NOR05,07,Læreplan i norsk for elever med tegnspråk,Norsk for hørselshemmede 8. årstrinn | Norsk for hørselshemmede 9. årstrinn | Norsk for hørselshemmede 10. årstrinn,Tiende årstrinn,status_publisert,"bruke fagspråk og argumentere saklig i egen skriving, i samtaler og skriftlige framstillinger om norskfaglige og tverrfaglige temaer",,"bruke fagspråk og argumentere saklig i egen skriving, i samtaler og skriftlige framstillinger om norskfaglige og tverrfaglige temaer",,nei,,KM12281
http://psi.udir.no/kl06/KM14525,KM14525,NOR05,07,Læreplan i norsk for elever med tegnspråk,Norsk for hørselshemmede 8. årstrinn | Norsk for hørselshemmede 9. årstrinn | Norsk for hørselshemmede 10. årstrinn,Tiende årstrinn,status_publisert,utforske og vurdere hvordan digitale medier påvirker og endrer språk og kommunikasjon,,utforske og vurdere hvordan digitale medier påvirker og endrer språk og kommunikasjon,,nei,,KM12280
http://psi.udir.no/kl06/KM14520,KM14520,NOR05,07,Læreplan i norsk for elever med tegnspråk,Norsk for hørselshemmede 8. årstrinn | Norsk for hørselshemmede 9. årstrinn | Norsk for hørselshemmede 10. årstrinn,Tiende årstrinn,status_publisert,planlegge og gjennomføre ulike former for faglige presentasjoner,,planlegge og gjennomføre ulike former for faglige presentasjoner,,nei,,KM12275
http://psi.udir.no/kl06/KM14517,KM14517,NOR05,07,Læreplan i norsk for elever med tegnspråk,Norsk for hørselshemmede 8. årstrinn | Norsk for hørselshemmede 9. årstrinn | Norsk for hørselshemmede 10. årstrinn,Tiende årstrinn,status_publisert,"informere, fortelle, argumentere og reflektere i ulike sjangre og for ulike formål, tilpasset mottaker og medium",,"informere, fortelle, argumentere og reflektere i ulike sjangre og for ulike formål, tilpasset mottaker og medium",,nei,,KM12272
http://psi.udir.no/kl06/KM14521,KM14521,NOR05,07,Læreplan i norsk for elever med tegnspråk,Norsk for hørselshemmede 8. årstrinn | Norsk for hørselshemmede 9. årstrinn | Norsk for hørselshemmede 10. årstrinn,Tiende årstrinn,status_publisert,"skrive tekster med funksjonell tekstbinding, variert ordforråd og riktig tegnsetting og mestre ordbøying og rettskriving",,"skrive tekster med funksjonell tekstbinding, variert ordforråd og riktig tegnsetting og mestre ordbøying og rettskriving",,nei,,KM12276
http://psi.udir.no/kl06/KM14518,KM14518,NOR05,07,Læreplan i norsk for elever med tegnspråk,Norsk for hørselshemmede 8. årstrinn | Norsk for hørselshemmede 9. årstrinn | Norsk for hørselshemmede 10. årstrinn,Tiende årstrinn,status_publisert,"bruke fagspråk og kunnskap om setningsoppbygning, tekststruktur og sjanger i samtale om skriving og bearbeiding av tekster",,"bruke fagspråk og kunnskap om setningsoppbygning, tekststruktur og sjanger i samtale om skriving og bearbeiding av tekster",,nei,,KM12273
http://psi.udir.no/kl06/KM14519,KM14519,NOR05,07,Læreplan i norsk for elever med tegnspråk,Norsk for hørselshemmede 8. årstrinn | Norsk for hørselshemmede 9. årstrinn | Norsk for hørselshemmede 10. årstrinn,Tiende årstrinn,status_publisert,lage sammensatte tekster og begrunne valg av uttrykksformer,,lage sammensatte tekster og begrunne valg av uttrykksformer,,nei,,KM12274
http://psi.udir.no/kl06/KM14522,KM14522,NOR05,07,Læreplan i norsk for elever med tegnspråk,Norsk for hørselshemmede 8. årstrinn | Norsk for hørselshemmede 9. årstrinn | Norsk for hørselshemmede 10. årstrinn,Tiende årstrinn,status_publisert,gjøre rede for status og utbredelse av de offisielle språkene i Norge,,gjøre rede for status og utbredelse av de offisielle språkene i Norge,,nei,,KM12277
http://psi.udir.no/kl06/KM14717,KM14717,SAF01,05,Læreplan i samfunnsfag,Samfunnsfag 1. årssteg | Samfunnsfag 2. årssteg,Andre årstrinn,status_publisert,utvikle og presentere samfunnsfaglige spørsmål,utvikle og presentere samfunnsfaglege spørsmål,utvikle og presentere samfunnsfaglege spørsmål,develop and present social-studies issues,ja,,KM1653
http://psi.udir.no/kl06/KM14718,KM14718,SAF01,05,Læreplan i samfunnsfag,Samfunnsfag 1. årssteg | Samfunnsfag 2. årssteg,Andre årstrinn,status_publisert,"samtale om hvordan ulike kilder, inkludert kart, kan gi informasjon om samfunnsfaglige spørsmål","samtale om korleis ulike kjelder, inkludert kart, kan gi informasjon om samfunnsfaglege spørsmål","samtale om korleis ulike kjelder, inkludert kart, kan gi informasjon om samfunnsfaglege spørsmål","talk about how different sources, including maps, can provide information about social-studies issues",ja,,KM1654
http://psi.udir.no/kl06/KM14719,KM14719,SAF01,05,Læreplan i samfunnsfag,Samfunnsfag 1. årssteg | Samfunnsfag 2. årssteg,Andre årstrinn,status_publisert,utforske og beskrive kulturminner og kultur- og naturlandskapet i nærmiljøet,utforske og beskrive kulturminne og kultur- og naturlandskapet i nærmiljøet,utforske og beskrive kulturminne og kultur- og naturlandskapet i nærmiljøet,explore and describe the cultural heritage and cultural and natural landscape of the local community,ja,,KM1655
http://psi.udir.no/kl06/KM14720,KM14720,SAF01,05,Læreplan i samfunnsfag,Samfunnsfag 1. årssteg | Samfunnsfag 2. årssteg,Andre årstrinn,status_publisert,utforske og presentere hvordan mennesker levde for én til to menneskealdre siden,utforske og presentere korleis menneska levde for éin til to menneskealdrar sidan,utforske og presentere korleis menneska levde for éin til to menneskealdrar sidan,explore and present the ways in which people lived one to two generations ago,ja,,KM1656
http://psi.udir.no/kl06/KM14721,KM14721,SAF01,05,Læreplan i samfunnsfag,Samfunnsfag 1. årssteg | Samfunnsfag 2. årssteg,Andre årstrinn,status_publisert,reflektere over hvorfor mennesker har ulike meninger og tar ulike valg,reflektere over kvifor menneske har ulike meiningar og tek ulike val,reflektere over kvifor menneske har ulike meiningar og tek ulike val,reflect on why people have different opinions and make different choices,ja,,KM1657
http://psi.udir.no/kl06/KM14722,KM14722,SAF01,05,Læreplan i samfunnsfag,Samfunnsfag 1. årssteg | Samfunnsfag 2. årssteg,Andre årstrinn,status_publisert,"samtale om vennskap, tilhørighet og hva som påvirker relasjoner",samtale om vennskap og tilhøyrsle og kva som påverkar relasjonar,samtale om vennskap og tilhøyrsle og kva som påverkar relasjonar,talk about friendship and belonging and what can have an impact on relations,ja,,KM1658
http://psi.udir.no/kl06/KM14728,KM14728,SAF01,05,Læreplan i samfunnsfag,Samfunnsfag 1. årssteg | Samfunnsfag 2. årssteg,Andre årstrinn,status_publisert,"beskrive og gi eksempler på mangfold i Norge, med vekt på ulike familieformer og folkegrupper, inkludert det samiske urfolket","beskrive og gi døme på mangfald i Noreg, med vekt på ulike familieformer og folkegrupper, inkludert det samiske urfolket","beskrive og gi døme på mangfald i Noreg, med vekt på ulike familieformer og folkegrupper, inkludert det samiske urfolket","describe and give examples of diversity in Norway, with an emphasis on different types of families and communities, including the indigenous Sami people",ja,,KM1681
http://psi.udir.no/kl06/KM14723,KM14723,SAF01,05,Læreplan i samfunnsfag,Samfunnsfag 1. årssteg | Samfunnsfag 2. årssteg,Andre årstrinn,status_publisert,"utforske og gi eksempler på hvordan mennesker påvirker klima og miljø, og dokumentere hvordan påvirkningene kommer til syne i nærmiljøet","utforske og gi døme på korleis menneska påverkar klimaet og miljøet, og dokumentere korleis påverknadene kjem til syne i nærmiljøet","utforske og gi døme på korleis menneska påverkar klimaet og miljøet, og dokumentere korleis påverknadene kjem til syne i nærmiljøet","explore and give examples of how people have impact on the climate and the environment, and document how this can be seen in the local community",ja,,KM1659
http://psi.udir.no/kl06/KM14724,KM14724,SAF01,05,Læreplan i samfunnsfag,Samfunnsfag 1. årssteg | Samfunnsfag 2. årssteg,Andre årstrinn,status_publisert,"presentere og gi eksempler på rettigheter barn har i Norge og verden, og hva barn kan gjøre ved brudd på disse rettighetene","presentere og gi døme på rettar barn har i Noreg og verda, og kva barn kan gjere ved brot på desse rettane","presentere og gi døme på rettar barn har i Noreg og verda, og kva barn kan gjere ved brot på desse rettane","present and give examples of children’s rights in Norway and in the world, and what children can do when these rights are violated",ja,,KM1660
http://psi.udir.no/kl06/KM14725,KM14725,SAF01,05,Læreplan i samfunnsfag,Samfunnsfag 1. årssteg | Samfunnsfag 2. årssteg,Andre årstrinn,status_publisert,utforske og gi eksempler på hvordan barn kan påvirke beslutninger og samarbeide om demokratiske prosesser,utforske og gi døme på korleis barn kan påverke avgjerder og samarbeide om demokratiske prosessar,utforske og gi døme på korleis barn kan påverke avgjerder og samarbeide om demokratiske prosessar,explore and give examples of how children can have an effect on decisions and collaborate on democratic processes,ja,,KM1661
http://psi.udir.no/kl06/KM14726,KM14726,SAF01,05,Læreplan i samfunnsfag,Samfunnsfag 1. årssteg | Samfunnsfag 2. årssteg,Andre årstrinn,status_publisert,samtale om muligheter og utfordringer ved digital samhandling,samtale om moglegheiter og utfordringar ved digital samhandling,samtale om moglegheiter og utfordringar ved digital samhandling,talk about the opportunities and challenges involved in digital interaction,ja,,KM1662
http://psi.udir.no/kl06/KM14727,KM14727,SAF01,05,Læreplan i samfunnsfag,Samfunnsfag 1. årssteg | Samfunnsfag 2. årssteg,Andre årstrinn,status_publisert,"samtale om følelser, kropp, kjønn og seksualitet og hvordan egne og andres grenser kan uttrykkes og respekteres","samtale om kjensler, kropp, kjønn og seksualitet og korleis eigne og andre sine grenser kan uttrykkjast og respekterast","samtale om kjensler, kropp, kjønn og seksualitet og korleis eigne og andre sine grenser kan uttrykkjast og respekterast","talk about emotions, bodies, gender and sexuality and how both one’s own and other peoples’ boundaries can be expressed and respected",ja,,KM1663
http://psi.udir.no/kl06/KM14729,KM14729,SAF01,05,Læreplan i samfunnsfag,Samfunnsfag 1. årssteg | Samfunnsfag 2. årssteg,Andre årstrinn,status_publisert,utforske og gi eksempler på hvordan mennesker i ulike deler av verden påvirker hverandres liv,utforske og gi døme på korleis menneske i ulike delar av verda påverkar livet til kvarandre,utforske og gi døme på korleis menneske i ulike delar av verda påverkar livet til kvarandre,explore and give examples of how people in different parts of the world can have an impact on each other’s lives,ja,,KM1697
http://psi.udir.no/kl06/KM14673,KM14673,SAF01,05,Læreplan i samfunnsfag,Samfunnsfag 3. årssteg | Samfunnsfag 4. årssteg,Fjerde årstrinn,status_publisert,"utforske og presentere samfunnsfaglige spørsmål, søke etter informasjon i ulike kilder og vurdere hvor nyttig informasjonen er til å belyse spørsmålene","utforske og presentere samfunnsfaglege spørsmål, søkje etter informasjon i ulike kjelder og vurdere kor nyttig informasjonen er til å belyse spørsmåla","utforske og presentere samfunnsfaglege spørsmål, søkje etter informasjon i ulike kjelder og vurdere kor nyttig informasjonen er til å belyse spørsmåla","explore and present social-studies-related topics, search for information in various sources and assess how useful the information that is to inform about the topics",ja,,KM1672
http://psi.udir.no/kl06/KM14669,KM14669,SAF01,05,Læreplan i samfunnsfag,Samfunnsfag 3. årssteg | Samfunnsfag 4. årssteg,Fjerde årstrinn,status_publisert,"utforske kulturminner og hvordan mennesker levde i den tiden kulturminnene er fra, og sammenligne med hvordan vi lever i dag","utforske kulturminne og korleis menneska levde i den tida kulturminna er frå, og samanlikne med korleis vi lever i dag","utforske kulturminne og korleis menneska levde i den tida kulturminna er frå, og samanlikne med korleis vi lever i dag","explore cultural heritage and how people lived during the time the cultural heritage is from, and compare this with how we live today",ja,,KM1668
http://psi.udir.no/kl06/KM14672,KM14672,SAF01,05,Læreplan i samfunnsfag,Samfunnsfag 3. årssteg | Samfunnsfag 4. årssteg,Fjerde årstrinn,status_publisert,"beskrive kultur- og naturlandskap i Norge og samtale om hvordan historiske og geografiske kilder, inkludert kart, kan gi informasjon om landskap","beskrive kultur- og naturlandskap i Noreg og samtale om korleis historiske og geografiske kjelder, inkludert kart, kan gi informasjon om landskap","beskrive kultur- og naturlandskap i Noreg og samtale om korleis historiske og geografiske kjelder, inkludert kart, kan gi informasjon om landskap","describe cultural and natural landscapes in Norway and talk about how historical and geographical sources, including maps, can provide information about these landscapes",ja,,KM1671
http://psi.udir.no/kl06/KM14674,KM14674,SAF01,05,Læreplan i samfunnsfag,Samfunnsfag 3. årssteg | Samfunnsfag 4. årssteg,Fjerde årstrinn,status_publisert,"samtale om hvorfor det oppstår konflikter i skole- og nærmiljøet, lytte til andres mening og samarbeide med andre om å finne konstruktive løsninger","samtale om kvifor det oppstår konfliktar i skule- og nærmiljøet, lytte til andre si meining og samarbeide med andre om å finne konstruktive løysingar","samtale om kvifor det oppstår konfliktar i skule- og nærmiljøet, lytte til andre si meining og samarbeide med andre om å finne konstruktive løysingar","talk about why conflicts arise in the school and local environment, listen to others’ opinions, and collaborate with them to find constructive solutions",ja,,KM1673
http://psi.udir.no/kl06/KM14670,KM14670,SAF01,05,Læreplan i samfunnsfag,Samfunnsfag 3. årssteg | Samfunnsfag 4. årssteg,Fjerde årstrinn,status_publisert,"presentere menneskerettigheter og rettigheter som barn har, og reflektere over hvorfor disse rettighetene finnes","presentere menneskerettar og rettar barn har, og reflektere over kvifor desse rettane finst","presentere menneskerettar og rettar barn har, og reflektere over kvifor desse rettane finst","present human rights and children’s rights, and reflect on why we have these rights",ja,,KM1669
http://psi.udir.no/kl06/KM14671,KM14671,SAF01,05,Læreplan i samfunnsfag,Samfunnsfag 3. årssteg | Samfunnsfag 4. årssteg,Fjerde årstrinn,status_publisert,"presentere årsaker til at samene har urfolksstatus i Norge, og beskrive forskjellige former for samisk kultur- og samfunnsliv før og nå","presentere årsaker til at samane har urfolksstatus i Noreg, og beskrive forskjellige former for samisk kultur- og samfunnsliv før og no","presentere årsaker til at samane har urfolksstatus i Noreg, og beskrive forskjellige former for samisk kultur- og samfunnsliv før og no","present reasons as to why the Sami people have been given indigenous status in Norway, and describe the different forms of Sami cultural and community life, both from the past and today",ja,,KM1670
http://psi.udir.no/kl06/KM14679,KM14679,SAF01,05,Læreplan i samfunnsfag,Samfunnsfag 3. årssteg | Samfunnsfag 4. årssteg,Fjerde årstrinn,status_publisert,utforske og gi eksempler på noen sider ved bærekraftig utvikling,utforske og gi døme på nokre sider ved berekraftig utvikling,utforske og gi døme på nokre sider ved berekraftig utvikling,explore and give examples of some aspects of sustainability,ja,,KM1678
http://psi.udir.no/kl06/KM14680,KM14680,SAF01,05,Læreplan i samfunnsfag,Samfunnsfag 3. årssteg | Samfunnsfag 4. årssteg,Fjerde årstrinn,status_publisert,reflektere over sammenhengen mellom personlig økonomi og forbruk hos den enkelte,reflektere over samanhengen mellom personleg økonomi og forbruk hos den enkelte,reflektere over samanhengen mellom personleg økonomi og forbruk hos den enkelte,reflect on the connections between personal finances and one’s own consumption,ja,,KM1679
http://psi.udir.no/kl06/KM14668,KM14668,SAF01,05,Læreplan i samfunnsfag,Samfunnsfag 3. årssteg | Samfunnsfag 4. årssteg,Fjerde årstrinn,status_publisert,"samtale om identitet, mangfold og fellesskap og reflektere over hvordan det kan oppleves ikke å være del av fellesskapet","samtale om identitet, mangfald og fellesskap og reflektere over korleis det kan opplevast ikkje å vere ein del av fellesskapet","samtale om identitet, mangfald og fellesskap og reflektere over korleis det kan opplevast ikkje å vere ein del av fellesskapet","talk about identity, diversity and community, and reflect on what it might be like if one is not a part of the community",ja,,KM1636
http://psi.udir.no/kl06/KM14675,KM14675,SAF01,05,Læreplan i samfunnsfag,Samfunnsfag 3. årssteg | Samfunnsfag 4. årssteg,Fjerde årstrinn,status_publisert,"samtale om regler og normer for personvern, om deling og beskyttelse av informasjon og om hva det vil si å bruke dømmekraft i digital samhandling","samtale om reglar og normer for personvern, deling og beskyttelse av informasjon og om kva det vil seie å bruke dømmekraft i digital samhandling","samtale om reglar og normer for personvern, deling og beskyttelse av informasjon og om kva det vil seie å bruke dømmekraft i digital samhandling","talk about the rules and norms for protection of privacy, the sharing and protection of information, and what it means to use one’s judgment in digital interaction",ja,,KM1674
http://psi.udir.no/kl06/KM14676,KM14676,SAF01,05,Læreplan i samfunnsfag,Samfunnsfag 3. årssteg | Samfunnsfag 4. årssteg,Fjerde årstrinn,status_publisert,"samtale om grenser knyttet til kropp, hva vold og seksuelle overgrep er, og hvor man kan få hjelp hvis man blir utsatt for vold og seksuelle overgrep","samtale om grenser knytte til kropp, kva vald og seksuelle overgrep er, og kvar ein kan få hjelp dersom ein blir utsett for vald og seksuelle overgrep","samtale om grenser knytte til kropp, kva vald og seksuelle overgrep er, og kvar ein kan få hjelp dersom ein blir utsett for vald og seksuelle overgrep","talk about the boundaries related to the body, what violence and sexual abuse is, and how to obtain help if one has been the victim of violence and sexual abuse",ja,,KM1675
http://psi.udir.no/kl06/KM14677,KM14677,SAF01,05,Læreplan i samfunnsfag,Samfunnsfag 3. årssteg | Samfunnsfag 4. årssteg,Fjerde årstrinn,status_publisert,"reflektere over hvem som har makt, og hva et demokrati er, og utvikle forslag til hvordan man kan være med på å påvirke beslutninger","reflektere over kven som har makt, og kva eit demokrati er, og utvikle forslag til korleis ein kan vere med på å påverke avgjerder","reflektere over kven som har makt, og kva eit demokrati er, og utvikle forslag til korleis ein kan vere med på å påverke avgjerder","reflect on which forces in society have power and what a democracy is, and develop proposals for how one can have an impact on decisions",ja,,KM1676
http://psi.udir.no/kl06/KM14678,KM14678,SAF01,05,Læreplan i samfunnsfag,Samfunnsfag 3. årssteg | Samfunnsfag 4. årssteg,Fjerde årstrinn,status_publisert,samtale om noen viktige offentlige institusjoner og virksomheter i Norge og reflektere over hva de betyr i livet til mennesker,samtale om nokre viktige offentlege institusjonar og verksemder i Noreg og reflektere over kva dei betyr i livet til menneska,samtale om nokre viktige offentlege institusjonar og verksemder i Noreg og reflektere over kva dei betyr i livet til menneska,"talk about some important public institutions and their functions in Norway, and reflect on how they affect people’s lives",ja,,KM1677
http://psi.udir.no/kl06/KM14681,KM14681,SAF01,05,Læreplan i samfunnsfag,Samfunnsfag 5. årssteg | Samfunnsfag 6. årssteg | Samfunnsfag 7. årssteg,Syvende årstrinn,status_publisert,gjennomføre en samfunnsfaglig undersøkelse og presentere resultatene ved hjelp av egnede digitale verktøy,gjennomføre ei samfunnsfagleg undersøking og presentere resultata ved hjelp av eigna digitale verktøy,gjennomføre ei samfunnsfagleg undersøking og presentere resultata ved hjelp av eigna digitale verktøy,conduct social-studies-related research and present the findings using one’s own digital tools,ja,,KM1680
http://psi.udir.no/kl06/KM14687,KM14687,SAF01,05,Læreplan i samfunnsfag,Samfunnsfag 5. årssteg | Samfunnsfag 6. årssteg | Samfunnsfag 7. årssteg,Syvende årstrinn,status_publisert,"presentere en aktuell nyhetssak og reflektere over forskjeller mellom fakta, meninger og kommersielt budskap i mediebildet","presentere ei aktuell nyheitssak og reflektere over forskjellar mellom fakta, meiningar og kommersiell bodskap i mediebiletet","presentere ei aktuell nyheitssak og reflektere over forskjellar mellom fakta, meiningar og kommersiell bodskap i mediebiletet","present a news item on current affairs and reflect on the differences between facts, opinions and the commercial message in the media picture",ja,,KM1686
http://psi.udir.no/kl06/KM14686,KM14686,SAF01,05,Læreplan i samfunnsfag,Samfunnsfag 5. årssteg | Samfunnsfag 6. årssteg | Samfunnsfag 7. årssteg,Syvende årstrinn,status_publisert,"sammenligne hvordan ulike kilder kan gi ulik informasjon om samme tema, og reflektere over hvordan kilder kan brukes til å påvirke og fremme bestemte syn","samanlikne korleis ulike kjelder kan gi ulik informasjon om same tema, og reflektere over korleis kjelder kan brukast til å påverke og fremje bestemte syn","samanlikne korleis ulike kjelder kan gi ulik informasjon om same tema, og reflektere over korleis kjelder kan brukast til å påverke og fremje bestemte syn","compare how various sources can provide different information on the same topic, and reflect on how sources can be used to affect and promote particular views",ja,,KM1685
http://psi.udir.no/kl06/KM14685,KM14685,SAF01,05,Læreplan i samfunnsfag,Samfunnsfag 5. årssteg | Samfunnsfag 6. årssteg | Samfunnsfag 7. årssteg,Syvende årstrinn,status_publisert,"utforske hvordan mennesker i fortiden livnærte seg, og samtale om hvordan sentrale endringer i livsgrunnlag og teknologi har påvirket og påvirker demografi, levekår og bosettingsmønstre","utforske korleis menneske i fortida livnærte seg, og samtale om korleis sentrale endringar i livsgrunnlag og teknologi har påverka og påverkar demografi, levekår og busetjingsmønster","utforske korleis menneske i fortida livnærte seg, og samtale om korleis sentrale endringar i livsgrunnlag og teknologi har påverka og påverkar demografi, levekår og busetjingsmønster","explore how people in the past provided for themselves, and discuss how key changes in livelihoods and technology have had impact on and continue to have impact on demographics, living conditions and settlement patterns",ja,,KM1684
http://psi.udir.no/kl06/KM14688,KM14688,SAF01,05,Læreplan i samfunnsfag,Samfunnsfag 5. årssteg | Samfunnsfag 6. årssteg | Samfunnsfag 7. årssteg,Syvende årstrinn,status_publisert,beskrive geografiske hovedtrekk i ulike deler av verden og reflektere over hvordan disse hovedtrekkene påvirker menneskene som bor der,beskrive geografiske hovudtrekk i ulike delar av verda og reflektere over korleis desse hovudtrekka påverkar menneska som bur der,beskrive geografiske hovudtrekk i ulike delar av verda og reflektere over korleis desse hovudtrekka påverkar menneska som bur der,describe geographic features in different parts of the world and reflect on how these features have impact on the lives of the people who live there,ja,,KM1687
http://psi.udir.no/kl06/KM14682,KM14682,SAF01,05,Læreplan i samfunnsfag,Samfunnsfag 5. årssteg | Samfunnsfag 6. årssteg | Samfunnsfag 7. årssteg,Syvende årstrinn,status_publisert,"reflektere over hvorfor konflikter oppstår, og drøfte hvordan den enkelte og samfunnet kan håndtere konflikter","reflektere over kvifor konfliktar oppstår, og drøfte korleis den enkelte og samfunn kan handtere konfliktar","reflektere over kvifor konfliktar oppstår, og drøfte korleis den enkelte og samfunn kan handtere konfliktar","reflect on why conflicts arise, and discuss how both the individual and society can deal with conflicts",ja,,KM1682
http://psi.udir.no/kl06/KM14683,KM14683,SAF01,05,Læreplan i samfunnsfag,Samfunnsfag 5. årssteg | Samfunnsfag 6. årssteg | Samfunnsfag 7. årssteg,Syvende årstrinn,status_publisert,utforske ulike sider ved mangfold i Norge og reflektere over menneskers behov for å være seg selv og for å høre til i fellesskap,utforske ulike sider ved mangfald i Noreg og reflektere over menneska sine behov for å vere seg sjølve og for å høyre til i fellesskap,utforske ulike sider ved mangfald i Noreg og reflektere over menneska sine behov for å vere seg sjølve og for å høyre til i fellesskap,explore various aspects of diversity in Norway and reflect on people’s need to be themselves and to belong to a community,ja,,KM1696
http://psi.udir.no/kl06/KM14684,KM14684,SAF01,05,Læreplan i samfunnsfag,Samfunnsfag 5. årssteg | Samfunnsfag 6. årssteg | Samfunnsfag 7. årssteg,Syvende årstrinn,status_publisert,"drøfte hva likeverd og likestilling betyr for et demokrati, og utvikle forslag til hvordan man kan motarbeide fordommer, rasisme og diskriminering","drøfte kva likeverd og likestilling har å seie for eit demokrati, og utvikle forslag til korleis ein kan motarbeide fordommar, rasisme og diskriminering","drøfte kva likeverd og likestilling har å seie for eit demokrati, og utvikle forslag til korleis ein kan motarbeide fordommar, rasisme og diskriminering","discuss what equality and equal opportunities mean for a democracy, and develop proposals for how to counteract prejudice, racism and discrimination",ja,,KM1683
http://psi.udir.no/kl06/KM14689,KM14689,SAF01,05,Læreplan i samfunnsfag,Samfunnsfag 5. årssteg | Samfunnsfag 6. årssteg | Samfunnsfag 7. årssteg,Syvende årstrinn,status_publisert,samtale om menneske- og likeverd og sammenligne hvordan menneskerettighetene er blitt og blir ivaretatt i ulike land,samtale om menneske- og likeverd og samanlikne korleis menneskerettane er blitt og blir varetekne i ulike land,samtale om menneske- og likeverd og samanlikne korleis menneskerettane er blitt og blir varetekne i ulike land,"talk about human values and equality, and compare how human rights have been established and implemented in various countries",ja,,KM1688
http://psi.udir.no/kl06/KM14690,KM14690,SAF01,05,Læreplan i samfunnsfag,Samfunnsfag 5. årssteg | Samfunnsfag 6. årssteg | Samfunnsfag 7. årssteg,Syvende årstrinn,status_publisert,utforske hovedtrekk ved historien til samene og de nasjonale minoritetene i Norge og presentere rettigheter samene og de nasjonale minoritetene i Norge har i dag,utforske hovudtrekk ved historia til samane og dei nasjonale minoritetane i Noreg og presentere rettar samane og dei nasjonale minoritetane i Noreg har i dag,utforske hovudtrekk ved historia til samane og dei nasjonale minoritetane i Noreg og presentere rettar samane og dei nasjonale minoritetane i Noreg har i dag,explore the main features in the history of the Sami people and the national minorities of Norway and make a presentation about the rights the Sami and national minorities of Norway have today,ja,,KM1689
http://psi.udir.no/kl06/KM14691,KM14691,SAF01,05,Læreplan i samfunnsfag,Samfunnsfag 5. årssteg | Samfunnsfag 6. årssteg | Samfunnsfag 7. årssteg,Syvende årstrinn,status_publisert,"reflektere over hvordan kommersiell påvirkning kan virke inn på forbruk, personlig økonomi og selvbilde","reflektere over korleis kommersiell påverknad kan verke inn på forbruk, personleg økonomi og sjølvbilete","reflektere over korleis kommersiell påverknad kan verke inn på forbruk, personleg økonomi og sjølvbilete","reflect on how commercialism can influence consumption, personal finances and one’s self-image",ja,,KM1690
http://psi.udir.no/kl06/KM14692,KM14692,SAF01,05,Læreplan i samfunnsfag,Samfunnsfag 5. årssteg | Samfunnsfag 6. årssteg | Samfunnsfag 7. årssteg,Syvende årstrinn,status_publisert,"utforske og presentere en global utfordring ved bærekraftig utvikling og hvilke konsekvenser den kan ha, og utvikle forslag til hvordan man kan være med på å motvirke utfordringen, og hvordan samarbeid mellom land kan bidra","utforske og presentere ei global utfordring ved berekraftig utvikling og kva for konsekvensar ho kan ha, og utvikle forslag til korleis ein kan vere med på å motverke utfordringa og korleis samarbeid mellom land kan bidra","utforske og presentere ei global utfordring ved berekraftig utvikling og kva for konsekvensar ho kan ha, og utvikle forslag til korleis ein kan vere med på å motverke utfordringa og korleis samarbeid mellom land kan bidra","explore and present a global challenge that is related to sustainability and what consequences this might have, and develop a proposal relating to how one can contribute to counteracting such challenges and how collaboration between countries may help",ja,,KM1691
http://psi.udir.no/kl06/KM14693,KM14693,SAF01,05,Læreplan i samfunnsfag,Samfunnsfag 5. årssteg | Samfunnsfag 6. årssteg | Samfunnsfag 7. årssteg,Syvende årstrinn,status_publisert,"reflektere over hvordan egen og andre deltar i digital samhandling og drøfte hva det vil si å bruke dømmekraft, sett i lys av regler, normer og grenser","reflektere over korleis ein sjølv og andre deltek i digital samhandling, og drøfte kva det vil seie å bruke dømmekraft sett i lys av reglar, normer og grenser","reflektere over korleis ein sjølv og andre deltek i digital samhandling, og drøfte kva det vil seie å bruke dømmekraft sett i lys av reglar, normer og grenser","reflect on how one and other people participate in digital interaction, and discuss what it means to use one’s judgment in the light of rules, norms and boundaries",ja,,KM1692
http://psi.udir.no/kl06/KM14694,KM14694,SAF01,05,Læreplan i samfunnsfag,Samfunnsfag 5. årssteg | Samfunnsfag 6. årssteg | Samfunnsfag 7. årssteg,Syvende årstrinn,status_publisert,"reflektere over variasjoner i identiteter, seksuell orientering og kjønnsuttrykk og egne og andres grenser knyttet til følelser, kropp, kjønn og seksualitet og drøfte hva man kan gjøre om grenser blir brutt","reflektere over variasjonar i identitetar, seksuell orientering og kjønnsuttrykk, og eigne og andre sine grenser knytte til kjensler, kropp, kjønn og seksualitet og drøfte kva ein kan gjere om grenser blir brotne","reflektere over variasjonar i identitetar, seksuell orientering og kjønnsuttrykk, og eigne og andre sine grenser knytte til kjensler, kropp, kjønn og seksualitet og drøfte kva ein kan gjere om grenser blir brotne","reflect on variations in identity, sexual orientation and gender expression, and one’s own and others’ boundaries in connection with emotions, the body, gender and sexuality and discuss what one can do if those boundaries are violated",ja,,KM1693
http://psi.udir.no/kl06/KM14695,KM14695,SAF01,05,Læreplan i samfunnsfag,Samfunnsfag 5. årssteg | Samfunnsfag 6. årssteg | Samfunnsfag 7. årssteg,Syvende årstrinn,status_publisert,"beskrive sentrale hendelser som har ført til det demokratiet vi har i Norge i dag, og sammenligne hvordan enkeltmennesker har mulighet til å påvirke i ulike styresett",beskrive sentrale hendingar som har ført fram til det demokratiet vi har i Noreg i dag og samanlikne korleis enkeltmenneske har høve til å påverke i ulike styresett,beskrive sentrale hendingar som har ført fram til det demokratiet vi har i Noreg i dag og samanlikne korleis enkeltmenneske har høve til å påverke i ulike styresett,describe key events that have led to the democracy we have in Norway today and compare how individuals have the power to influence different systems of government,ja,,KM1694
http://psi.udir.no/kl06/KM14696,KM14696,SAF01,05,Læreplan i samfunnsfag,Samfunnsfag 5. årssteg | Samfunnsfag 6. årssteg | Samfunnsfag 7. årssteg,Syvende årstrinn,status_publisert,"gi eksempler på hva lover, regler og normer er, og hvilken funksjon de har i samfunnet, og reflektere over konsekvenser av å bryte dem","gi døme på kva lover, reglar og normer er og kva slags funksjon dei har i samfunn, og reflektere over konsekvensar av å bryte dei","gi døme på kva lover, reglar og normer er og kva slags funksjon dei har i samfunn, og reflektere over konsekvensar av å bryte dei","give examples of laws, rules and norms and how they function in society, and reflect on the consequences of any breaches of them",ja,,KM1695
http://psi.udir.no/kl06/KM14697,KM14697,SAF01,05,Læreplan i samfunnsfag,Samfunnsfag 5. årssteg | Samfunnsfag 6. årssteg | Samfunnsfag 7. årssteg,Syvende årstrinn,status_publisert,reflektere over hvordan møter mellom mennesker har bidratt til å endre hvordan mennesker har tenkt og samfunn har vært organisert,reflektere over korleis møte mellom menneske har bidrege til å endre korleis menneske har tenkt og ulike samfunn har vore organiserte,reflektere over korleis møte mellom menneske har bidrege til å endre korleis menneske har tenkt og ulike samfunn har vore organiserte,"reflect on how encounters between people have contributed to changing the way people think, and also how different societies have been organised",ja,,KM1667
http://psi.udir.no/kl06/KM14698,KM14698,SAF01,05,Læreplan i samfunnsfag,Samfunnsfag 8. årssteg | Samfunnsfag 9. årssteg | Samfunnsfag 10. årssteg,Tiende årstrinn,status_publisert,"bruke samfunnsfaglige metoder og digitale ressurser i egne undersøkelser, presentere funn ved hjelp av digitale verktøy og drøfte hvor gyldige og relevante funnene er","bruke samfunnsfaglege metodar og digitale ressursar i eigne undersøkingar, presentere funn ved bruk av digitale verktøy og drøfte kor gyldige og relevante funna er","bruke samfunnsfaglege metodar og digitale ressursar i eigne undersøkingar, presentere funn ved bruk av digitale verktøy og drøfte kor gyldige og relevante funna er","use social studies methods and digital resources in one’s own research, and present the findings using digital tools and discussing the validity and relevancy of the findings",ja,,KM1666
http://psi.udir.no/kl06/KM14701,KM14701,SAF01,05,Læreplan i samfunnsfag,Samfunnsfag 8. årssteg | Samfunnsfag 9. årssteg | Samfunnsfag 10. årssteg,Tiende årstrinn,status_publisert,"vurdere på hvilke måter ulike kilder gir informasjon om et samfunnsfaglig tema, og reflektere over hvordan algoritmer, ensrettede kilder eller mangel på kilder kan prege forståelsen vår","vurdere på kva måtar ulike kjelder gir informasjon om eit samfunnsfagleg tema, og reflektere over korleis algoritmar, einsretta kjelder eller mangel på kjelder kan prege forståinga vår","vurdere på kva måtar ulike kjelder gir informasjon om eit samfunnsfagleg tema, og reflektere over korleis algoritmar, einsretta kjelder eller mangel på kjelder kan prege forståinga vår","assess the ways in which different sources provide information on social-studies-related topics, and reflect on how algorithms, biased sources or the lack of sources can affect our understanding",ja,,KM1637
http://psi.udir.no/kl06/KM14700,KM14700,SAF01,05,Læreplan i samfunnsfag,Samfunnsfag 8. årssteg | Samfunnsfag 9. årssteg | Samfunnsfag 10. årssteg,Tiende årstrinn,status_publisert,"drøfte hvordan framstillinger av fortiden, hendelser og grupper har påvirket og påvirker folks holdninger og handlinger","drøfte korleis framstillingar av fortida, hendingar og grupper har påverka og påverkar haldningane og handlingane til folk","drøfte korleis framstillingar av fortida, hendingar og grupper har påverka og påverkar haldningane og handlingane til folk","discuss how the way we see the past, events and groups has had impact on and continues to impact people's actions and attitudes",ja,,KM1664
http://psi.udir.no/kl06/KM14702,KM14702,SAF01,05,Læreplan i samfunnsfag,Samfunnsfag 8. årssteg | Samfunnsfag 9. årssteg | Samfunnsfag 10. årssteg,Tiende årstrinn,status_publisert,"utforske hvordan teknologi har vært og fremdeles er en endringsfaktor, og drøfte innvirkningen teknologien har hatt og har på enkeltmennesker, samfunn og natur","utforske korleis teknologi har vore og framleis er ein endringsfaktor, og drøfte innverknaden teknologien har hatt og har på enkeltmenneske, samfunn og natur","utforske korleis teknologi har vore og framleis er ein endringsfaktor, og drøfte innverknaden teknologien har hatt og har på enkeltmenneske, samfunn og natur","explore how technology has been and continues to be a factor for change, and discuss the influence technology has had and has on the individual, society and nature",ja,,KM1638
http://psi.udir.no/kl06/KM14714,KM14714,SAF01,05,Læreplan i samfunnsfag,Samfunnsfag 8. årssteg | Samfunnsfag 9. årssteg | Samfunnsfag 10. årssteg,Tiende årstrinn,status_publisert,reflektere over hvordan mennesker har kjempet og kjemper for forandringer i samfunnet og samtidig har vært og er påvirket av geografiske forhold og historisk kontekst,reflektere over korleis menneske har kjempa og kjempar for endringar i samfunnet og samstundes har vore og er påverka av geografiske forhold og historisk kontekst,reflektere over korleis menneske har kjempa og kjempar for endringar i samfunnet og samstundes har vore og er påverka av geografiske forhold og historisk kontekst,reflect on how people have fought and continue to fight for change in society while also having been and still being influenced by geographic conditions and historical contexts,ja,,KM1650
http://psi.udir.no/kl06/KM14704,KM14704,SAF01,05,Læreplan i samfunnsfag,Samfunnsfag 8. årssteg | Samfunnsfag 9. årssteg | Samfunnsfag 10. årssteg,Tiende årstrinn,status_publisert,"sammenligne hvordan politiske, geografiske og historiske forhold påvirker levekår, bosettingsmønstre og demografi i forskjellige deler av verden i dag","samanlikne korleis politiske, geografiske og historiske forhold påverkar levekår, busetjingsmønster og demografi i forskjellige delar av verda i dag","samanlikne korleis politiske, geografiske og historiske forhold påverkar levekår, busetjingsmønster og demografi i forskjellige delar av verda i dag","compare how political, geographic and historical events affect living conditions, settlement patterns and demographics in different parts of the world today",ja,,KM1640
http://psi.udir.no/kl06/KM14699,KM14699,SAF01,05,Læreplan i samfunnsfag,Samfunnsfag 8. årssteg | Samfunnsfag 9. årssteg | Samfunnsfag 10. årssteg,Tiende årstrinn,status_publisert,gjøre rede for årsaker til og konsekvenser av sentrale historiske og nåtidige konflikter og reflektere over om endringer av noen forutsetninger kunne ha hindret konfliktene,gjere greie for årsaker til og konsekvensar av sentrale historiske og notidige konfliktar og reflektere over om endringar av nokre føresetnader kunne ha hindra konfliktane,gjere greie for årsaker til og konsekvensar av sentrale historiske og notidige konfliktar og reflektere over om endringar av nokre føresetnader kunne ha hindra konfliktane,"explain the causes and consequences of key historical and contemporary conflicts, and reflect on whether changes in certain conditions could have prevented the conflicts",ja,,KM1665
http://psi.udir.no/kl06/KM14705,KM14705,SAF01,05,Læreplan i samfunnsfag,Samfunnsfag 8. årssteg | Samfunnsfag 9. årssteg | Samfunnsfag 10. årssteg,Tiende årstrinn,status_publisert,"gjøre rede for årsaker til og konsekvenser av terrorhandlinger og folkemord, som holocaust, og reflektere over hvordan ekstreme holdninger og ekstreme handlinger kan forebygges","gjere greie for årsaker til og konsekvensar av terrorhandlingar og folkemord, som holocaust, og reflektere over korleis ekstreme haldningar og ekstreme handlingar kan førebyggjast","gjere greie for årsaker til og konsekvensar av terrorhandlingar og folkemord, som holocaust, og reflektere over korleis ekstreme haldningar og ekstreme handlingar kan førebyggjast","explain the causes and consequences of terrorism and genocide, such as the Holocaust, and reflect on how extremist attitudes and extremist acts can be prevented",ja,,KM1641
http://psi.udir.no/kl06/KM14703,KM14703,SAF01,05,Læreplan i samfunnsfag,Samfunnsfag 8. årssteg | Samfunnsfag 9. årssteg | Samfunnsfag 10. årssteg,Tiende årstrinn,status_publisert,"utforske og beskrive hvordan menneske- og urfolksrettigheter og andre internasjonale avtaler og samarbeid har betydning for nasjonal politikk, menneskers liv og likestilling og likeverd","utforske og beskrive korleis menneske- og urfolksrettar og andre internasjonale avtalar og samarbeid har betydning for nasjonal politikk, livet til menneske, likestilling og likeverd","utforske og beskrive korleis menneske- og urfolksrettar og andre internasjonale avtalar og samarbeid har betydning for nasjonal politikk, livet til menneske, likestilling og likeverd","explore and describe how human rights and the rights of indigenous peoples, as well as other international treaties and international cooperation, are important for national policies, people’s lives, equal rights and equality",ja,,KM1639
http://psi.udir.no/kl06/KM14706,KM14706,SAF01,05,Læreplan i samfunnsfag,Samfunnsfag 8. årssteg | Samfunnsfag 9. årssteg | Samfunnsfag 10. årssteg,Tiende årstrinn,status_publisert,"gjøre rede for fornorskningen av samene og de nasjonale minoritetene og urettferdigheten de har blitt utsatt for, og reflektere over hvilke konsekvenser det har hatt og har på individ- og samfunnsnivå","gjere greie for fornorsking av samane og dei nasjonale minoritetane og uretten dei har vore utsette for, og reflektere over kva konsekvensar det har hatt og har på individ- og samfunnsnivå","gjere greie for fornorsking av samane og dei nasjonale minoritetane og uretten dei har vore utsette for, og reflektere over kva konsekvensar det har hatt og har på individ- og samfunnsnivå","explain the policy of Norwegianisation of the Sami people and national minorities, and the injustices they have been subjected to, and thus reflect on what consequences this has had and has on both the individual and societal level",ja,,KM1642
http://psi.udir.no/kl06/KM14708,KM14708,SAF01,05,Læreplan i samfunnsfag,Samfunnsfag 8. årssteg | Samfunnsfag 9. årssteg | Samfunnsfag 10. årssteg,Tiende årstrinn,status_publisert,"beskrive ulike dimensjoner ved bærekraftig utvikling og hvordan de påvirker hverandre, og presentere tiltak for mer bærekraftige samfunn","beskrive ulike dimensjonar ved berekraftig utvikling og korleis dei påverkar kvarandre, og presentere tiltak for meir berekraftige samfunn","beskrive ulike dimensjonar ved berekraftig utvikling og korleis dei påverkar kvarandre, og presentere tiltak for meir berekraftige samfunn","describe different dimensions of sustainability and how they have an impact on each other, and present measures that can be taken to make societies more sustainable",ja,,KM1644
http://psi.udir.no/kl06/KM14710,KM14710,SAF01,05,Læreplan i samfunnsfag,Samfunnsfag 8. årssteg | Samfunnsfag 9. årssteg | Samfunnsfag 10. årssteg,Tiende årstrinn,status_publisert,"vurdere hvordan arbeid, inntekt og forbruk kan påvirke personlig økonomi, levestandard og livskvalitet","vurdere korleis arbeid, inntekt og forbruk kan påverke personleg økonomi, levestandard og livskvalitet","vurdere korleis arbeid, inntekt og forbruk kan påverke personleg økonomi, levestandard og livskvalitet","assess how work, income and consumption can have an impact on one’s personal finances, standard of living and quality of life",ja,,KM1646
http://psi.udir.no/kl06/KM14707,KM14707,SAF01,05,Læreplan i samfunnsfag,Samfunnsfag 8. årssteg | Samfunnsfag 9. årssteg | Samfunnsfag 10. årssteg,Tiende årstrinn,status_publisert,"reflektere over likheter og ulikheter i identiteter, levesett og kulturuttrykk og drøfte muligheter og utfordringer ved mangfold","reflektere over likskapar og ulikskapar i identitetar, levesett og kulturuttrykk og drøfte moglegheiter og utfordringar ved mangfald","reflektere over likskapar og ulikskapar i identitetar, levesett og kulturuttrykk og drøfte moglegheiter og utfordringar ved mangfald","reflect on equalities and inequalities in identities, ways of life and cultural expressions, and discuss the opportunities and challenges related to diversity",ja,,KM1643
http://psi.udir.no/kl06/KM14709,KM14709,SAF01,05,Læreplan i samfunnsfag,Samfunnsfag 8. årssteg | Samfunnsfag 9. årssteg | Samfunnsfag 10. årssteg,Tiende årstrinn,status_publisert,"utforske og reflektere over egne digitale spor og muligheten for å få slettet sporene og verne om egen og andres rett til privatliv, personvern og opphavsrett","utforske og reflektere over eigne digitale spor og høvet til å få sletta spora og å verne om retten ein sjølv og andre har til privatliv, personvern og opphavsrett","utforske og reflektere over eigne digitale spor og høvet til å få sletta spora og å verne om retten ein sjølv og andre har til privatliv, personvern og opphavsrett","explore and reflect on one’s own digital footprint and the possibility of deleting one’s digital trail and the value of one’s own and others’ right to privacy, data protection and copyright",ja,,KM1645
http://psi.udir.no/kl06/KM14711,KM14711,SAF01,05,Læreplan i samfunnsfag,Samfunnsfag 8. årssteg | Samfunnsfag 9. årssteg | Samfunnsfag 10. årssteg,Tiende årstrinn,status_publisert,"reflektere over hvordan identitet, selvbilde og egne grenser utvikles og utfordres i ulike fellesskap, og presentere forslag til hvordan man kan håndtere påvirkning og uønskede hendelser","reflektere over korleis identitet, sjølvbilete og eigne grenser blir utvikla og utfordra i ulike fellesskap, og presentere forslag til korleis ein kan handtere påverknad og uønskte hendingar","reflektere over korleis identitet, sjølvbilete og eigne grenser blir utvikla og utfordra i ulike fellesskap, og presentere forslag til korleis ein kan handtere påverknad og uønskte hendingar","reflect on how identity, self-image and one’s own boundaries are developed and challenged in different environments, and present proposals for how one might deal with influence and unwanted events",ja,,KM1647
http://psi.udir.no/kl06/KM14712,KM14712,SAF01,05,Læreplan i samfunnsfag,Samfunnsfag 8. årssteg | Samfunnsfag 9. årssteg | Samfunnsfag 10. årssteg,Tiende årstrinn,status_publisert,"reflektere over hvilke aktører som har makt i samfunnet i dag, og hvordan de begrunner standpunktene sine","reflektere over kva for aktørar som har makt i samfunnet i dag, og korleis desse grunngir standpunkta sine","reflektere over kva for aktørar som har makt i samfunnet i dag, og korleis desse grunngir standpunkta sine","reflect on which forces in society have power today, and how they justify their positions",ja,,KM1648
http://psi.udir.no/kl06/KM14713,KM14713,SAF01,05,Læreplan i samfunnsfag,Samfunnsfag 8. årssteg | Samfunnsfag 9. årssteg | Samfunnsfag 10. årssteg,Tiende årstrinn,status_publisert,utforske ulike plattformer for digital samhandling og reflektere over hvordan digital deltakelse og samhandling påvirker formen på og innholdet i samfunnsdebatten,utforske ulike plattformer for digital samhandling og reflektere over korleis digital deltaking og samhandling påverkar forma på og innhaldet i samfunnsdebatten,utforske ulike plattformer for digital samhandling og reflektere over korleis digital deltaking og samhandling påverkar forma på og innhaldet i samfunnsdebatten,explore different platforms for digital interaction and reflect on how digital participation and digital interaction affect the form and content of societal debates,ja,,KM1649
http://psi.udir.no/kl06/KM14715,KM14715,SAF01,05,Læreplan i samfunnsfag,Samfunnsfag 8. årssteg | Samfunnsfag 9. årssteg | Samfunnsfag 10. årssteg,Tiende årstrinn,status_publisert,"beskrive sentrale lover, regler og normer og drøfte hvilke konsekvenser brudd på disse kan ha for den enkelte og for samfunnet på kort og lang sikt","beskrive sentrale lover, reglar og normer og drøfte kva konsekvensar brot på desse kan ha for den enkelte og for samfunnet på kort og lang sikt","beskrive sentrale lover, reglar og normer og drøfte kva konsekvensar brot på desse kan ha for den enkelte og for samfunnet på kort og lang sikt","describe important laws, rules and norms and discuss the consequences any violation of these may have for the individual and for society, in both the short and long run",ja,,KM1651
http://psi.udir.no/kl06/KM14716,KM14716,SAF01,05,Læreplan i samfunnsfag,Samfunnsfag 8. årssteg | Samfunnsfag 9. årssteg | Samfunnsfag 10. årssteg,Tiende årstrinn,status_publisert,beskrive trekk ved det politiske systemet og velferdssamfunnet i Norge i dag og reflektere over sentrale utfordringer,beskrive trekk ved det politiske systemet og velferdssamfunnet i Noreg i dag og reflektere over sentrale utfordringar,beskrive trekk ved det politiske systemet og velferdssamfunnet i Noreg i dag og reflektere over sentrale utfordringar,describe features of the political system and welfare state in Norway today and reflect on the key challenges,ja,,KM1652
http://psi.udir.no/kl06/KM14730,KM14730,SAF02,05,Læreplan i samfunnsfag samisk,"Samfunnsfag, samisk plan, 1. årstrinn | Samfunnsfag, samisk plan, 2. årstrinn",Andre årstrinn,status_publisert,utvikle og presentere samfunnsfaglige spørsmål,,utvikle og presentere samfunnsfaglige spørsmål,,nei,,KM1698
http://psi.udir.no/kl06/KM14731,KM14731,SAF02,05,Læreplan i samfunnsfag samisk,"Samfunnsfag, samisk plan, 1. årstrinn | Samfunnsfag, samisk plan, 2. årstrinn",Andre årstrinn,status_publisert,"samtale om hvordan ulike norske og samiske kilder, inkludert fortellinger og kart, kan gi informasjon om samfunnsfaglige spørsmål",,"samtale om hvordan ulike norske og samiske kilder, inkludert fortellinger og kart, kan gi informasjon om samfunnsfaglige spørsmål",,nei,,KM1730
http://psi.udir.no/kl06/KM14732,KM14732,SAF02,05,Læreplan i samfunnsfag samisk,"Samfunnsfag, samisk plan, 1. årstrinn | Samfunnsfag, samisk plan, 2. årstrinn",Andre årstrinn,status_publisert,utforske og beskrive kulturminner og kultur- og naturlandskapet i nærmiljøet,,utforske og beskrive kulturminner og kultur- og naturlandskapet i nærmiljøet,,nei,,KM1731
http://psi.udir.no/kl06/KM14733,KM14733,SAF02,05,Læreplan i samfunnsfag samisk,"Samfunnsfag, samisk plan, 1. årstrinn | Samfunnsfag, samisk plan, 2. årstrinn",Andre årstrinn,status_publisert,utforske og presentere hvordan mennesker levde for én til to menneskealdre siden,,utforske og presentere hvordan mennesker levde for én til to menneskealdre siden,,nei,,KM1732
http://psi.udir.no/kl06/KM14734,KM14734,SAF02,05,Læreplan i samfunnsfag samisk,"Samfunnsfag, samisk plan, 1. årstrinn | Samfunnsfag, samisk plan, 2. årstrinn",Andre årstrinn,status_publisert,reflektere over hvorfor mennesker har ulike meninger og gjør ulike valg,,reflektere over hvorfor mennesker har ulike meninger og gjør ulike valg,,nei,,KM1733
http://psi.udir.no/kl06/KM14735,KM14735,SAF02,05,Læreplan i samfunnsfag samisk,"Samfunnsfag, samisk plan, 1. årstrinn | Samfunnsfag, samisk plan, 2. årstrinn",Andre årstrinn,status_publisert,"samtale om vennskap, tilhørighet og hva som påvirker relasjoner",,"samtale om vennskap, tilhørighet og hva som påvirker relasjoner",,nei,,KM1734
http://psi.udir.no/kl06/KM14741,KM14741,SAF02,05,Læreplan i samfunnsfag samisk,"Samfunnsfag, samisk plan, 1. årstrinn | Samfunnsfag, samisk plan, 2. årstrinn",Andre årstrinn,status_publisert,"beskrive og gi eksempler på mangfold og likeverd i Norge og Sápmi/Sábme/Saepmie, med vekt på samisk slektskap og ulike familieformer og folkegrupper",,"beskrive og gi eksempler på mangfold og likeverd i Norge og Sápmi/Sábme/Saepmie, med vekt på samisk slektskap og ulike familieformer og folkegrupper",,nei,,KM1740
http://psi.udir.no/kl06/KM14738,KM14738,SAF02,05,Læreplan i samfunnsfag samisk,"Samfunnsfag, samisk plan, 1. årstrinn | Samfunnsfag, samisk plan, 2. årstrinn",Andre årstrinn,status_publisert,"utforske og gi eksempler på hvordan mennesker påvirker klima og miljø, og dokumentere hvordan påvirkningene kommer til syne i nærmiljøet",,"utforske og gi eksempler på hvordan mennesker påvirker klima og miljø, og dokumentere hvordan påvirkningene kommer til syne i nærmiljøet",,nei,,KM1737
http://psi.udir.no/kl06/KM14737,KM14737,SAF02,05,Læreplan i samfunnsfag samisk,"Samfunnsfag, samisk plan, 1. årstrinn | Samfunnsfag, samisk plan, 2. årstrinn",Andre årstrinn,status_publisert,"presentere og gi eksempler på rettigheter barn har i Norge og verden, og hva barn kan gjøre ved brudd på disse rettighetene",,"presentere og gi eksempler på rettigheter barn har i Norge og verden, og hva barn kan gjøre ved brudd på disse rettighetene",,nei,,KM1736
http://psi.udir.no/kl06/KM14736,KM14736,SAF02,05,Læreplan i samfunnsfag samisk,"Samfunnsfag, samisk plan, 1. årstrinn | Samfunnsfag, samisk plan, 2. årstrinn",Andre årstrinn,status_publisert,utforske og gi eksempler på hvordan barn kan påvirke beslutninger og samarbeide om demokratiske prosesser,,utforske og gi eksempler på hvordan barn kan påvirke beslutninger og samarbeide om demokratiske prosesser,,nei,,KM1735
http://psi.udir.no/kl06/KM14739,KM14739,SAF02,05,Læreplan i samfunnsfag samisk,"Samfunnsfag, samisk plan, 1. årstrinn | Samfunnsfag, samisk plan, 2. årstrinn",Andre årstrinn,status_publisert,samtale om muligheter og utfordringer ved digital samhandling,,samtale om muligheter og utfordringer ved digital samhandling,,nei,,KM1738
http://psi.udir.no/kl06/KM14740,KM14740,SAF02,05,Læreplan i samfunnsfag samisk,"Samfunnsfag, samisk plan, 1. årstrinn | Samfunnsfag, samisk plan, 2. årstrinn",Andre årstrinn,status_publisert,"samtale om følelser, kropp, kjønn og seksualitet og hvordan egne og andres grenser kan uttrykkes og respekteres",,"samtale om følelser, kropp, kjønn og seksualitet og hvordan egne og andres grenser kan uttrykkes og respekteres",,nei,,KM1739
http://psi.udir.no/kl06/KM14742,KM14742,SAF02,05,Læreplan i samfunnsfag samisk,"Samfunnsfag, samisk plan, 1. årstrinn | Samfunnsfag, samisk plan, 2. årstrinn",Andre årstrinn,status_publisert,utforske og gi eksempler på hvordan mennesker i forskjellige deler av verden påvirker hverandres liv,,utforske og gi eksempler på hvordan mennesker i forskjellige deler av verden påvirker hverandres liv,,nei,,KM1741
http://psi.udir.no/kl06/KM14743,KM14743,SAF02,05,Læreplan i samfunnsfag samisk,"Samfunnsfag, samisk plan, 3. årstrinn | Samfunnsfag, samisk plan, 4. årstrinn",Fjerde årstrinn,status_publisert,"utforske og presentere samfunnsfaglige spørsmål, søke etter informasjon i ulike kilder og vurdere hvor nyttig informasjonen er til å belyse spørsmålene",,"utforske og presentere samfunnsfaglige spørsmål, søke etter informasjon i ulike kilder og vurdere hvor nyttig informasjonen er til å belyse spørsmålene",,nei,,KM1742
http://psi.udir.no/kl06/KM14744,KM14744,SAF02,05,Læreplan i samfunnsfag samisk,"Samfunnsfag, samisk plan, 3. årstrinn | Samfunnsfag, samisk plan, 4. årstrinn",Fjerde årstrinn,status_publisert,"utforske samisk lokalhistorie, kulturminner og hvordan mennesker levde i den tiden kulturminnene er fra, og sammenligne med hvordan vi lever i dag",,"utforske samisk lokalhistorie, kulturminner og hvordan mennesker levde i den tiden kulturminnene er fra, og sammenligne med hvordan vi lever i dag",,nei,,KM1744
http://psi.udir.no/kl06/KM14745,KM14745,SAF02,05,Læreplan i samfunnsfag samisk,"Samfunnsfag, samisk plan, 3. årstrinn | Samfunnsfag, samisk plan, 4. årstrinn",Fjerde årstrinn,status_publisert,"beskrive kultur- og naturlandskap i Norge og samtale om hvordan geografiske og historiske kilder, inkludert kart og fortellinger, kan gi innsikt i landskap",,"beskrive kultur- og naturlandskap i Norge og samtale om hvordan geografiske og historiske kilder, inkludert kart og fortellinger, kan gi innsikt i landskap",,nei,,KM1758
http://psi.udir.no/kl06/KM14746,KM14746,SAF02,05,Læreplan i samfunnsfag samisk,"Samfunnsfag, samisk plan, 3. årstrinn | Samfunnsfag, samisk plan, 4. årstrinn",Fjerde årstrinn,status_publisert,"samtale om hvorfor det oppstår konflikter i skole- og nærmiljøet, lytte til andres mening og samarbeide med andre om å finne konstruktive løsninger",,"samtale om hvorfor det oppstår konflikter i skole- og nærmiljøet, lytte til andres mening og samarbeide med andre om å finne konstruktive løsninger",,nei,,KM1745
http://psi.udir.no/kl06/KM14747,KM14747,SAF02,05,Læreplan i samfunnsfag samisk,"Samfunnsfag, samisk plan, 3. årstrinn | Samfunnsfag, samisk plan, 4. årstrinn",Fjerde årstrinn,status_publisert,"presentere menneskerettigheter og rettigheter barn har, og reflektere over hvorfor disse rettighetene finnes",,"presentere menneskerettigheter og rettigheter barn har, og reflektere over hvorfor disse rettighetene finnes",,nei,,KM1746
http://psi.udir.no/kl06/KM14748,KM14748,SAF02,05,Læreplan i samfunnsfag samisk,"Samfunnsfag, samisk plan, 3. årstrinn | Samfunnsfag, samisk plan, 4. årstrinn",Fjerde årstrinn,status_publisert,"reflektere over hvorfor samene har urfolksstatus i Norge, og beskrive sentrale trekk ved samisk kultur- og samfunnsliv før og nå, med vekt på eget samfunn",,"reflektere over hvorfor samene har urfolksstatus i Norge, og beskrive sentrale trekk ved samisk kultur- og samfunnsliv før og nå, med vekt på eget samfunn",,nei,,KM1747
http://psi.udir.no/kl06/KM14749,KM14749,SAF02,05,Læreplan i samfunnsfag samisk,"Samfunnsfag, samisk plan, 3. årstrinn | Samfunnsfag, samisk plan, 4. årstrinn",Fjerde årstrinn,status_publisert,"utforske og gi eksempler på noen sider ved bærekraftig utvikling, inkludert samisk tradisjonell kunnskap",,"utforske og gi eksempler på noen sider ved bærekraftig utvikling, inkludert samisk tradisjonell kunnskap",,nei,,KM1748
http://psi.udir.no/kl06/KM14755,KM14755,SAF02,05,Læreplan i samfunnsfag samisk,"Samfunnsfag, samisk plan, 3. årstrinn | Samfunnsfag, samisk plan, 4. årstrinn",Fjerde årstrinn,status_publisert,reflektere over sammenhengen mellom personlig økonomi og forbruk hos den enkelte,,reflektere over sammenhengen mellom personlig økonomi og forbruk hos den enkelte,,nei,,KM1754
http://psi.udir.no/kl06/KM14754,KM14754,SAF02,05,Læreplan i samfunnsfag samisk,"Samfunnsfag, samisk plan, 3. årstrinn | Samfunnsfag, samisk plan, 4. årstrinn",Fjerde årstrinn,status_publisert,"samtale om identitet, mangfold og fellesskap og reflektere over hvordan det kan oppleves ikke å være del av fellesskapet",,"samtale om identitet, mangfold og fellesskap og reflektere over hvordan det kan oppleves ikke å være del av fellesskapet",,nei,,KM1753
http://psi.udir.no/kl06/KM14750,KM14750,SAF02,05,Læreplan i samfunnsfag samisk,"Samfunnsfag, samisk plan, 3. årstrinn | Samfunnsfag, samisk plan, 4. årstrinn",Fjerde årstrinn,status_publisert,"samtale om regler og normer for personvern, deling og beskyttelse av informasjon og om hva det vil si å bruke dømmekraft i digital samhandling",,"samtale om regler og normer for personvern, deling og beskyttelse av informasjon og om hva det vil si å bruke dømmekraft i digital samhandling",,nei,,KM1749
http://psi.udir.no/kl06/KM14751,KM14751,SAF02,05,Læreplan i samfunnsfag samisk,"Samfunnsfag, samisk plan, 3. årstrinn | Samfunnsfag, samisk plan, 4. årstrinn",Fjerde årstrinn,status_publisert,"samtale om grenser knyttet til kropp, hva vold og seksuelle overgrep er, og hvor man kan få hjelp hvis man blir utsatt for vold og seksuelle overgrep",,"samtale om grenser knyttet til kropp, hva vold og seksuelle overgrep er, og hvor man kan få hjelp hvis man blir utsatt for vold og seksuelle overgrep",,nei,,KM1750
http://psi.udir.no/kl06/KM14752,KM14752,SAF02,05,Læreplan i samfunnsfag samisk,"Samfunnsfag, samisk plan, 3. årstrinn | Samfunnsfag, samisk plan, 4. årstrinn",Fjerde årstrinn,status_publisert,"reflektere over hvem som har makt, og hva et demokrati er, og utvikle forslag til hvordan man kan være med på å påvirke beslutninger",,"reflektere over hvem som har makt, og hva et demokrati er, og utvikle forslag til hvordan man kan være med på å påvirke beslutninger",,nei,,KM1751
http://psi.udir.no/kl06/KM14753,KM14753,SAF02,05,Læreplan i samfunnsfag samisk,"Samfunnsfag, samisk plan, 3. årstrinn | Samfunnsfag, samisk plan, 4. årstrinn",Fjerde årstrinn,status_publisert,samtale om noen viktige offentlige institusjoner og virksomheter i Norge og Sápmi/Sábme/Saepmie og reflektere over hva de betyr for menneskers liv,,samtale om noen viktige offentlige institusjoner og virksomheter i Norge og Sápmi/Sábme/Saepmie og reflektere over hva de betyr for menneskers liv,,nei,,KM1752
http://psi.udir.no/kl06/KM14756,KM14756,SAF02,05,Læreplan i samfunnsfag samisk,"Samfunnsfag, samisk plan, 5. årstrinn | Samfunnsfag, samisk plan, 6. årstrinn | Samfunnsfag, samisk plan, 7. årstrinn",Syvende årstrinn,status_publisert,gjennomføre en samfunnsfaglig undersøkelse og presentere resultatene ved hjelp av egnede digitale verktøy,,gjennomføre en samfunnsfaglig undersøkelse og presentere resultatene ved hjelp av egnede digitale verktøy,,nei,,KM1755
http://psi.udir.no/kl06/KM14757,KM14757,SAF02,05,Læreplan i samfunnsfag samisk,"Samfunnsfag, samisk plan, 5. årstrinn | Samfunnsfag, samisk plan, 6. årstrinn | Samfunnsfag, samisk plan, 7. årstrinn",Syvende årstrinn,status_publisert,"presentere en aktuell nyhetssak og reflektere over forskjeller mellom fakta, meninger og kommersielt budskap i mediebildet",,"presentere en aktuell nyhetssak og reflektere over forskjeller mellom fakta, meninger og kommersielt budskap i mediebildet",,nei,,KM1756
http://psi.udir.no/kl06/KM14758,KM14758,SAF02,05,Læreplan i samfunnsfag samisk,"Samfunnsfag, samisk plan, 5. årstrinn | Samfunnsfag, samisk plan, 6. årstrinn | Samfunnsfag, samisk plan, 7. årstrinn",Syvende årstrinn,status_publisert,"sammenligne hvordan ulike kilder, inkludert fortellinger og kart, kan gi ulik informasjon om samme tema, og reflektere over hvordan kilder kan brukes til å påvirke og fremme bestemte syn",,"sammenligne hvordan ulike kilder, inkludert fortellinger og kart, kan gi ulik informasjon om samme tema, og reflektere over hvordan kilder kan brukes til å påvirke og fremme bestemte syn",,nei,,KM1757
http://psi.udir.no/kl06/KM14759,KM14759,SAF02,05,Læreplan i samfunnsfag samisk,"Samfunnsfag, samisk plan, 5. årstrinn | Samfunnsfag, samisk plan, 6. årstrinn | Samfunnsfag, samisk plan, 7. årstrinn",Syvende årstrinn,status_publisert,"utforske hvordan mennesker i fortiden livnærte seg, og samtale om hvordan sentrale endringer i livsgrunnlag og teknologi har påvirket og påvirker demografi, levekår og bosettingsmønstre",,"utforske hvordan mennesker i fortiden livnærte seg, og samtale om hvordan sentrale endringer i livsgrunnlag og teknologi har påvirket og påvirker demografi, levekår og bosettingsmønstre",,nei,,KM1729
http://psi.udir.no/kl06/KM14760,KM14760,SAF02,05,Læreplan i samfunnsfag samisk,"Samfunnsfag, samisk plan, 5. årstrinn | Samfunnsfag, samisk plan, 6. årstrinn | Samfunnsfag, samisk plan, 7. årstrinn",Syvende årstrinn,status_publisert,beskrive geografiske hovedtrekk i ulike deler av verden og reflektere over hvordan disse hovedtrekkene påvirker menneskene som bor der,,beskrive geografiske hovedtrekk i ulike deler av verden og reflektere over hvordan disse hovedtrekkene påvirker menneskene som bor der,,nei,,KM1728
http://psi.udir.no/kl06/KM14761,KM14761,SAF02,05,Læreplan i samfunnsfag samisk,"Samfunnsfag, samisk plan, 5. årstrinn | Samfunnsfag, samisk plan, 6. årstrinn | Samfunnsfag, samisk plan, 7. årstrinn",Syvende årstrinn,status_publisert,"reflektere over hvorfor konflikter oppstår, og drøfte hvordan den enkelte og samfunn kan håndtere konflikter",,"reflektere over hvorfor konflikter oppstår, og drøfte hvordan den enkelte og samfunn kan håndtere konflikter",,nei,,KM1727
http://psi.udir.no/kl06/KM14762,KM14762,SAF02,05,Læreplan i samfunnsfag samisk,"Samfunnsfag, samisk plan, 5. årstrinn | Samfunnsfag, samisk plan, 6. årstrinn | Samfunnsfag, samisk plan, 7. årstrinn",Syvende årstrinn,status_publisert,utforske ulike sider ved mangfold i Norge og Sápmi/Sábme/Saepmie og reflektere over menneskers behov for å være seg selv og for å høre til i fellesskap,,utforske ulike sider ved mangfold i Norge og Sápmi/Sábme/Saepmie og reflektere over menneskers behov for å være seg selv og for å høre til i fellesskap,,nei,,KM1726
http://psi.udir.no/kl06/KM14763,KM14763,SAF02,05,Læreplan i samfunnsfag samisk,"Samfunnsfag, samisk plan, 5. årstrinn | Samfunnsfag, samisk plan, 6. årstrinn | Samfunnsfag, samisk plan, 7. årstrinn",Syvende årstrinn,status_publisert,"drøfte hva likeverd og likestilling betyr for et demokrati, og drøfte hvordan man kan motarbeide fordommer, rasisme og diskriminering",,"drøfte hva likeverd og likestilling betyr for et demokrati, og drøfte hvordan man kan motarbeide fordommer, rasisme og diskriminering",,nei,,KM1699
http://psi.udir.no/kl06/KM14764,KM14764,SAF02,05,Læreplan i samfunnsfag samisk,"Samfunnsfag, samisk plan, 5. årstrinn | Samfunnsfag, samisk plan, 6. årstrinn | Samfunnsfag, samisk plan, 7. årstrinn",Syvende årstrinn,status_publisert,samtale om menneske- og likeverd og sammenligne hvordan menneske- og urfolksrettigheter har blitt og blir ivaretatt i ulike land,,samtale om menneske- og likeverd og sammenligne hvordan menneske- og urfolksrettigheter har blitt og blir ivaretatt i ulike land,,nei,,KM1700
http://psi.udir.no/kl06/KM14765,KM14765,SAF02,05,Læreplan i samfunnsfag samisk,"Samfunnsfag, samisk plan, 5. årstrinn | Samfunnsfag, samisk plan, 6. årstrinn | Samfunnsfag, samisk plan, 7. årstrinn",Syvende årstrinn,status_publisert,utforske hovedtrekk ved historien til samene og de nasjonale minoritetene i Norge og presentere rettigheter samene og de nasjonale minoritetene i Norge har i dag,,utforske hovedtrekk ved historien til samene og de nasjonale minoritetene i Norge og presentere rettigheter samene og de nasjonale minoritetene i Norge har i dag,,nei,,KM1701
http://psi.udir.no/kl06/KM14767,KM14767,SAF02,05,Læreplan i samfunnsfag samisk,"Samfunnsfag, samisk plan, 5. årstrinn | Samfunnsfag, samisk plan, 6. årstrinn | Samfunnsfag, samisk plan, 7. årstrinn",Syvende årstrinn,status_publisert,"reflektere over hvordan kommersiell påvirkning kan virke inn på forbruk, personlig økonomi og selvbilde",,"reflektere over hvordan kommersiell påvirkning kan virke inn på forbruk, personlig økonomi og selvbilde",,nei,,KM1703
http://psi.udir.no/kl06/KM14766,KM14766,SAF02,05,Læreplan i samfunnsfag samisk,"Samfunnsfag, samisk plan, 5. årstrinn | Samfunnsfag, samisk plan, 6. årstrinn | Samfunnsfag, samisk plan, 7. årstrinn",Syvende årstrinn,status_publisert,"utforske og presentere en global utfordring ved bærekraftig utvikling og hvilke konsekvenser den kan ha, og utvikle forslag til hvordan man kan være med på å motvirke utfordringen og hvordan samarbeid mellom land kan bidra",,"utforske og presentere en global utfordring ved bærekraftig utvikling og hvilke konsekvenser den kan ha, og utvikle forslag til hvordan man kan være med på å motvirke utfordringen og hvordan samarbeid mellom land kan bidra",,nei,,KM1702
http://psi.udir.no/kl06/KM14768,KM14768,SAF02,05,Læreplan i samfunnsfag samisk,"Samfunnsfag, samisk plan, 5. årstrinn | Samfunnsfag, samisk plan, 6. årstrinn | Samfunnsfag, samisk plan, 7. årstrinn",Syvende årstrinn,status_publisert,"reflektere over egen og andres deltakelse i digital samhandling og drøfte hva det vil si å bruke dømmekraft, sett i lys av regler, normer og grenser",,"reflektere over egen og andres deltakelse i digital samhandling og drøfte hva det vil si å bruke dømmekraft, sett i lys av regler, normer og grenser",,nei,,KM1704
http://psi.udir.no/kl06/KM14769,KM14769,SAF02,05,Læreplan i samfunnsfag samisk,"Samfunnsfag, samisk plan, 5. årstrinn | Samfunnsfag, samisk plan, 6. årstrinn | Samfunnsfag, samisk plan, 7. årstrinn",Syvende årstrinn,status_publisert,"reflektere over variasjoner i identiteter, seksuell orientering og kjønnsuttrykk, og egne og andres grenser knyttet til følelser, kropp, kjønn og seksualitet og drøfte hva man kan gjøre om grenser blir brutt",,"reflektere over variasjoner i identiteter, seksuell orientering og kjønnsuttrykk, og egne og andres grenser knyttet til følelser, kropp, kjønn og seksualitet og drøfte hva man kan gjøre om grenser blir brutt",,nei,,KM1705
http://psi.udir.no/kl06/KM14770,KM14770,SAF02,05,Læreplan i samfunnsfag samisk,"Samfunnsfag, samisk plan, 5. årstrinn | Samfunnsfag, samisk plan, 6. årstrinn | Samfunnsfag, samisk plan, 7. årstrinn",Syvende årstrinn,status_publisert,beskrive sentrale hendelser som har ført fram til det demokratiet vi har i Norge og i Sápmi/Sábme/Saepmie i dag og sammenlikne hvordan enkeltmennesker har mulighet til påvirke beslutninger i ulike styresett,,beskrive sentrale hendelser som har ført fram til det demokratiet vi har i Norge og i Sápmi/Sábme/Saepmie i dag og sammenlikne hvordan enkeltmennesker har mulighet til påvirke beslutninger i ulike styresett,,nei,,KM1706
http://psi.udir.no/kl06/KM14771,KM14771,SAF02,05,Læreplan i samfunnsfag samisk,"Samfunnsfag, samisk plan, 5. årstrinn | Samfunnsfag, samisk plan, 6. årstrinn | Samfunnsfag, samisk plan, 7. årstrinn",Syvende årstrinn,status_publisert,"gi eksempler på hva lover, regler og normer er og hvilken funksjon de har i samfunn, og reflektere over konsekvenser av å bryte dem",,"gi eksempler på hva lover, regler og normer er og hvilken funksjon de har i samfunn, og reflektere over konsekvenser av å bryte dem",,nei,,KM1707
http://psi.udir.no/kl06/KM14772,KM14772,SAF02,05,Læreplan i samfunnsfag samisk,"Samfunnsfag, samisk plan, 5. årstrinn | Samfunnsfag, samisk plan, 6. årstrinn | Samfunnsfag, samisk plan, 7. årstrinn",Syvende årstrinn,status_publisert,reflektere over hvordan møter mellom mennesker har bidratt til å endre hvordan mennesker har tenkt og ulike samfunn har vært organisert,,reflektere over hvordan møter mellom mennesker har bidratt til å endre hvordan mennesker har tenkt og ulike samfunn har vært organisert,,nei,,KM1708
http://psi.udir.no/kl06/KM14773,KM14773,SAF02,05,Læreplan i samfunnsfag samisk,"Samfunnsfag, samisk plan, 8. årstrinn | Samfunnsfag, samisk plan, 9. årstrinn | Samfunnsfag, samisk plan, 10. årstrinn",Tiende årstrinn,status_publisert,"bruke samfunnsfaglige metoder og digitale ressurser i egne undersøkelser, presentere funn ved hjelp av digitale verktøy og drøfte hvor gyldige og relevante funnene er",,"bruke samfunnsfaglige metoder og digitale ressurser i egne undersøkelser, presentere funn ved hjelp av digitale verktøy og drøfte hvor gyldige og relevante funnene er",,nei,,KM1709
http://psi.udir.no/kl06/KM14774,KM14774,SAF02,05,Læreplan i samfunnsfag samisk,"Samfunnsfag, samisk plan, 8. årstrinn | Samfunnsfag, samisk plan, 9. årstrinn | Samfunnsfag, samisk plan, 10. årstrinn",Tiende årstrinn,status_publisert,"vurdere på hvilke måter ulike kilder, inkludert fortellinger og kart, gir informasjon om et samfunnsfaglig tema, og reflektere over hvordan algoritmer, ensrettede kilder eller mangel på kilder kan prege vår forståelse",,"vurdere på hvilke måter ulike kilder, inkludert fortellinger og kart, gir informasjon om et samfunnsfaglig tema, og reflektere over hvordan algoritmer, ensrettede kilder eller mangel på kilder kan prege vår forståelse",,nei,,KM1710
http://psi.udir.no/kl06/KM14775,KM14775,SAF02,05,Læreplan i samfunnsfag samisk,"Samfunnsfag, samisk plan, 8. årstrinn | Samfunnsfag, samisk plan, 9. årstrinn | Samfunnsfag, samisk plan, 10. årstrinn",Tiende årstrinn,status_publisert,"drøfte hvordan framstillinger av fortiden, hendelser og grupper har påvirket og påvirker folks holdninger og handlinger",,"drøfte hvordan framstillinger av fortiden, hendelser og grupper har påvirket og påvirker folks holdninger og handlinger",,nei,,KM1711
http://psi.udir.no/kl06/KM14776,KM14776,SAF02,05,Læreplan i samfunnsfag samisk,"Samfunnsfag, samisk plan, 8. årstrinn | Samfunnsfag, samisk plan, 9. årstrinn | Samfunnsfag, samisk plan, 10. årstrinn",Tiende årstrinn,status_publisert,"utforske hvordan teknologi har vært og fremdeles er en endringsfaktor, og drøfte innvirkningen teknologien har hatt og har på enkeltmennesker, samfunn og natur",,"utforske hvordan teknologi har vært og fremdeles er en endringsfaktor, og drøfte innvirkningen teknologien har hatt og har på enkeltmennesker, samfunn og natur",,nei,,KM1712
http://psi.udir.no/kl06/KM14777,KM14777,SAF02,05,Læreplan i samfunnsfag samisk,"Samfunnsfag, samisk plan, 8. årstrinn | Samfunnsfag, samisk plan, 9. årstrinn | Samfunnsfag, samisk plan, 10. årstrinn",Tiende årstrinn,status_publisert,reflektere over hvordan mennesker har kjempet og kjemper for forandringer i samfunnet og samtidig har vært og er påvirket av geografiske forhold og historisk kontekst,,reflektere over hvordan mennesker har kjempet og kjemper for forandringer i samfunnet og samtidig har vært og er påvirket av geografiske forhold og historisk kontekst,,nei,,KM1713
http://psi.udir.no/kl06/KM14789,KM14789,SAF02,05,Læreplan i samfunnsfag samisk,"Samfunnsfag, samisk plan, 8. årstrinn | Samfunnsfag, samisk plan, 9. årstrinn | Samfunnsfag, samisk plan, 10. årstrinn",Tiende årstrinn,status_publisert,"sammenligne hvordan politiske, geografiske og historiske forhold påvirker levekår, bosettingsmønstre og demografi i forskjellige deler av verden i dag",,"sammenligne hvordan politiske, geografiske og historiske forhold påvirker levekår, bosettingsmønstre og demografi i forskjellige deler av verden i dag",,nei,,KM1725
http://psi.udir.no/kl06/KM14778,KM14778,SAF02,05,Læreplan i samfunnsfag samisk,"Samfunnsfag, samisk plan, 8. årstrinn | Samfunnsfag, samisk plan, 9. årstrinn | Samfunnsfag, samisk plan, 10. årstrinn",Tiende årstrinn,status_publisert,gjøre rede for årsaker til og konsekvenser av sentrale historiske og nåtidige konflikter og reflektere over om endringer av noen betingelser kunne ha endret konfliktene,,gjøre rede for årsaker til og konsekvenser av sentrale historiske og nåtidige konflikter og reflektere over om endringer av noen betingelser kunne ha endret konfliktene,,nei,,KM1714
http://psi.udir.no/kl06/KM14779,KM14779,SAF02,05,Læreplan i samfunnsfag samisk,"Samfunnsfag, samisk plan, 8. årstrinn | Samfunnsfag, samisk plan, 9. årstrinn | Samfunnsfag, samisk plan, 10. årstrinn",Tiende årstrinn,status_publisert,"gjøre rede for årsaker til og konsekvenser av terrorhandlinger og folkemord, som holocaust, og reflektere over hvordan ekstreme holdninger og ekstreme handlinger kan forebygges",,"gjøre rede for årsaker til og konsekvenser av terrorhandlinger og folkemord, som holocaust, og reflektere over hvordan ekstreme holdninger og ekstreme handlinger kan forebygges",,nei,,KM1715
http://psi.udir.no/kl06/KM14780,KM14780,SAF02,05,Læreplan i samfunnsfag samisk,"Samfunnsfag, samisk plan, 8. årstrinn | Samfunnsfag, samisk plan, 9. årstrinn | Samfunnsfag, samisk plan, 10. årstrinn",Tiende årstrinn,status_publisert,"utforske og beskrive hvordan menneske- og urfolksrettigheter og andre internasjonale avtaler og samarbeid har betydning for nasjonal politikk, menneskers liv og likestilling og likeverd",,"utforske og beskrive hvordan menneske- og urfolksrettigheter og andre internasjonale avtaler og samarbeid har betydning for nasjonal politikk, menneskers liv og likestilling og likeverd",,nei,,KM1716
http://psi.udir.no/kl06/KM14788,KM14788,SAF02,05,Læreplan i samfunnsfag samisk,"Samfunnsfag, samisk plan, 8. årstrinn | Samfunnsfag, samisk plan, 9. årstrinn | Samfunnsfag, samisk plan, 10. årstrinn",Tiende årstrinn,status_publisert,"gjøre rede for fornorskning av samene og de nasjonale minoritetene og uretten de har vært utsatt for, og reflektere over hvilke konsekvenser dette har hatt og har på individ- og samfunnsnivå",,"gjøre rede for fornorskning av samene og de nasjonale minoritetene og uretten de har vært utsatt for, og reflektere over hvilke konsekvenser dette har hatt og har på individ- og samfunnsnivå",,nei,,KM1724
http://psi.udir.no/kl06/KM14781,KM14781,SAF02,05,Læreplan i samfunnsfag samisk,"Samfunnsfag, samisk plan, 8. årstrinn | Samfunnsfag, samisk plan, 9. årstrinn | Samfunnsfag, samisk plan, 10. årstrinn",Tiende årstrinn,status_publisert,"beskrive ulike dimensjoner ved bærekraftig utvikling og hvordan de påvirker hverandre, presentere tiltak for mer bærekraftige samfunn og vurdere tiltakene i lys av tradisjonelle samiske næringer",,"beskrive ulike dimensjoner ved bærekraftig utvikling og hvordan de påvirker hverandre, presentere tiltak for mer bærekraftige samfunn og vurdere tiltakene i lys av tradisjonelle samiske næringer",,nei,,KM1717
http://psi.udir.no/kl06/KM14782,KM14782,SAF02,05,Læreplan i samfunnsfag samisk,"Samfunnsfag, samisk plan, 8. årstrinn | Samfunnsfag, samisk plan, 9. årstrinn | Samfunnsfag, samisk plan, 10. årstrinn",Tiende årstrinn,status_publisert,"vurdere hvordan arbeid, inntekt og forbruk kan påvirke personlig økonomi, levestandard og livskvalitet",,"vurdere hvordan arbeid, inntekt og forbruk kan påvirke personlig økonomi, levestandard og livskvalitet",,nei,,KM1718
http://psi.udir.no/kl06/KM14783,KM14783,SAF02,05,Læreplan i samfunnsfag samisk,"Samfunnsfag, samisk plan, 8. årstrinn | Samfunnsfag, samisk plan, 9. årstrinn | Samfunnsfag, samisk plan, 10. årstrinn",Tiende årstrinn,status_publisert,"reflektere over likheter og ulikheter i identiteter, levesett og kulturuttrykk i og utenfor Sápmi/Sábme/Saepmie og drøfte muligheter og utfordringer ved mangfold",,"reflektere over likheter og ulikheter i identiteter, levesett og kulturuttrykk i og utenfor Sápmi/Sábme/Saepmie og drøfte muligheter og utfordringer ved mangfold",,nei,,KM1719
http://psi.udir.no/kl06/KM14784,KM14784,SAF02,05,Læreplan i samfunnsfag samisk,"Samfunnsfag, samisk plan, 8. årstrinn | Samfunnsfag, samisk plan, 9. årstrinn | Samfunnsfag, samisk plan, 10. årstrinn",Tiende årstrinn,status_publisert,"utforske og reflektere over egne digitale spor og muligheten for å få slettet sporene og å verne om egen og andres rett til privatliv, personvern og opphavsrett",,"utforske og reflektere over egne digitale spor og muligheten for å få slettet sporene og å verne om egen og andres rett til privatliv, personvern og opphavsrett",,nei,,KM1720
http://psi.udir.no/kl06/KM14785,KM14785,SAF02,05,Læreplan i samfunnsfag samisk,"Samfunnsfag, samisk plan, 8. årstrinn | Samfunnsfag, samisk plan, 9. årstrinn | Samfunnsfag, samisk plan, 10. årstrinn",Tiende årstrinn,status_publisert,"reflektere over hvordan identitet, selvbilde og egne grenser utvikles og utfordres i ulike fellesskap, og presentere forslag til hvordan man kan håndtere påvirkning og uønskede hendelser",,"reflektere over hvordan identitet, selvbilde og egne grenser utvikles og utfordres i ulike fellesskap, og presentere forslag til hvordan man kan håndtere påvirkning og uønskede hendelser",,nei,,KM1721
http://psi.udir.no/kl06/KM14786,KM14786,SAF02,05,Læreplan i samfunnsfag samisk,"Samfunnsfag, samisk plan, 8. årstrinn | Samfunnsfag, samisk plan, 9. årstrinn | Samfunnsfag, samisk plan, 10. årstrinn",Tiende årstrinn,status_publisert,"reflektere over hvilke aktører som har makt i samfunnet i dag, og hvordan de begrunner standpunktene sine",,"reflektere over hvilke aktører som har makt i samfunnet i dag, og hvordan de begrunner standpunktene sine",,nei,,KM1722
http://psi.udir.no/kl06/KM14787,KM14787,SAF02,05,Læreplan i samfunnsfag samisk,"Samfunnsfag, samisk plan, 8. årstrinn | Samfunnsfag, samisk plan, 9. årstrinn | Samfunnsfag, samisk plan, 10. årstrinn",Tiende årstrinn,status_publisert,utforske ulike plattformer for digital samhandling og reflektere over hvordan digital deltakelse og samhandling påvirker formen på og innholdet i samfunnsdebatten,,utforske ulike plattformer for digital samhandling og reflektere over hvordan digital deltakelse og samhandling påvirker formen på og innholdet i samfunnsdebatten,,nei,,KM1723
http://psi.udir.no/kl06/KM14790,KM14790,SAF02,05,Læreplan i samfunnsfag samisk,"Samfunnsfag, samisk plan, 8. årstrinn | Samfunnsfag, samisk plan, 9. årstrinn | Samfunnsfag, samisk plan, 10. årstrinn",Tiende årstrinn,status_publisert,"beskrive sentrale lover, regler og normer og drøfte hvilke konsekvenser brudd på disse kan ha for den enkelte og for samfunnet på kort og lang sikt",,"beskrive sentrale lover, regler og normer og drøfte hvilke konsekvenser brudd på disse kan ha for den enkelte og for samfunnet på kort og lang sikt",,nei,,KM1743
http://psi.udir.no/kl06/KM14791,KM14791,SAF02,05,Læreplan i samfunnsfag samisk,"Samfunnsfag, samisk plan, 8. årstrinn | Samfunnsfag, samisk plan, 9. årstrinn | Samfunnsfag, samisk plan, 10. årstrinn",Tiende årstrinn,status_publisert,beskrive trekk ved de politiske systemene og velferdssamfunnene i Norge og Sapmi/Sabme/Saepmie og reflektere over sentrale utfordringer,,beskrive trekk ved de politiske systemene og velferdssamfunnene i Norge og Sapmi/Sabme/Saepmie og reflektere over sentrale utfordringer,,nei,,KM1759
http://psi.udir.no/kl06/KM14792,KM14792,SAS02,02,"Læreplan i samisk som andrespråk, samisk 2","Samisk som andrespråk, samisk 2, 1. trinn | Samisk som andrespråk, samisk 2, 2. trinn",Andre årstrinn,status_publisert,bruke ord og uttrykk om seg selv og de nære omgivelsene,,geavahit sániid ja dajaldagaid iežas ja lagasbirrasa birra.,,nei,,KM2325
http://psi.udir.no/kl06/KM14793,KM14793,SAS02,02,"Læreplan i samisk som andrespråk, samisk 2","Samisk som andrespråk, samisk 2, 1. trinn | Samisk som andrespråk, samisk 2, 2. trinn",Andre årstrinn,status_publisert,"samtale om bilder, tekst og omgivelser",,"ságastallat govaid, teavsttaid ja birrasa birra",,nei,,KM2378
http://psi.udir.no/kl06/KM14794,KM14794,SAS02,02,"Læreplan i samisk som andrespråk, samisk 2","Samisk som andrespråk, samisk 2, 1. trinn | Samisk som andrespråk, samisk 2, 2. trinn",Andre årstrinn,status_publisert,fortelle om seg selv og de nære omgivelsene,,muitalit iežas ja lagasbirrasa birra,,nei,,KM2377
http://psi.udir.no/kl06/KM14795,KM14795,SAS02,02,"Læreplan i samisk som andrespråk, samisk 2","Samisk som andrespråk, samisk 2, 1. trinn | Samisk som andrespråk, samisk 2, 2. trinn",Andre årstrinn,status_publisert,"lytte til og leke med ulike uttrykk som joik, sang, roller, spill og samiske fortellinger",,"guldalit iešguđetlágan albmanahttimiid nugo luđiid, lávlagiid, rollaid ja spealuid ja sámi muitalusaid, ja stoahkat daiguin",,nei,,KM2376
http://psi.udir.no/kl06/KM14796,KM14796,SAS02,02,"Læreplan i samisk som andrespråk, samisk 2","Samisk som andrespråk, samisk 2, 1. trinn | Samisk som andrespråk, samisk 2, 2. trinn",Andre årstrinn,status_publisert,"leke og arbeide kreativt med språklyder, stavelser, språkelementer og rytmer",,"stoahkat ja kreatiivvalaččat bargat giellajienaiguin, stávvaliiguin, giellaelemeanttaiguin ja ritmmaiguin",,nei,,KM2375
http://psi.udir.no/kl06/KM14797,KM14797,SAS02,02,"Læreplan i samisk som andrespråk, samisk 2","Samisk som andrespråk, samisk 2, 1. trinn | Samisk som andrespråk, samisk 2, 2. trinn",Andre årstrinn,status_publisert,eksperimentere med å lese og skrive kjente ord og fraser og enkle setninger,,geahččaladdat čállit ja lohkat oahpes sániid ja frásaid ja álkes cealkagiid,,nei,,KM2374
http://psi.udir.no/kl06/KM14798,KM14798,SAS02,02,"Læreplan i samisk som andrespråk, samisk 2","Samisk som andrespråk, samisk 2, 3. trinn | Samisk som andrespråk, samisk 2, 4. trinn",Fjerde årstrinn,status_publisert,bruke ord og uttrykk om egen hverdag og eget nærmiljø,,geavahit sániid ja dajaldagaid iežas árgabeaivvis ja iežas lagasbirrasis,,nei,,KM2373
http://psi.udir.no/kl06/KM14799,KM14799,SAS02,02,"Læreplan i samisk som andrespråk, samisk 2","Samisk som andrespråk, samisk 2, 3. trinn | Samisk som andrespråk, samisk 2, 4. trinn",Fjerde årstrinn,status_publisert,samtale og fortelle om opplevelser og planer,,ságastallat ja muitalit vásihusaid ja plánaid birra,,nei,,KM2372
http://psi.udir.no/kl06/KM14800,KM14800,SAS02,02,"Læreplan i samisk som andrespråk, samisk 2","Samisk som andrespråk, samisk 2, 3. trinn | Samisk som andrespråk, samisk 2, 4. trinn",Fjerde årstrinn,status_publisert,lytte til og arbeide kreativt med tekster og samiske fortellinger,,guldalit ja kreatiivvalaččat bargat teavsttaiguin ja sámi muitalusaiguin,,nei,,KM2371
http://psi.udir.no/kl06/KM14801,KM14801,SAS02,02,"Læreplan i samisk som andrespråk, samisk 2","Samisk som andrespråk, samisk 2, 3. trinn | Samisk som andrespråk, samisk 2, 4. trinn",Fjerde årstrinn,status_publisert,lese tekster og finne tydelig informasjon i tekster,,lohkat teavsttaid ja gávdnat čielga dieđuid teavsttain,,nei,,KM2370
http://psi.udir.no/kl06/KM14802,KM14802,SAS02,02,"Læreplan i samisk som andrespråk, samisk 2","Samisk som andrespråk, samisk 2, 3. trinn | Samisk som andrespråk, samisk 2, 4. trinn",Fjerde årstrinn,status_publisert,"skrive korte tekster som informerer, forteller og spør",,čállit oanehis teavsttaid main leat dieđut mat muitalit ja mat jerret,,nei,,KM2369
http://psi.udir.no/kl06/KM14803,KM14803,SAS02,02,"Læreplan i samisk som andrespråk, samisk 2","Samisk som andrespråk, samisk 2, 3. trinn | Samisk som andrespråk, samisk 2, 4. trinn",Fjerde årstrinn,status_publisert,bruke tydelig uttale og forståelig ordbøying,,geavahit čielga jietnadeami ja ipmirdahtti sátnesojaheami,,nei,,KM2368
http://psi.udir.no/kl06/KM14804,KM14804,SAS02,02,"Læreplan i samisk som andrespråk, samisk 2","Samisk som andrespråk, samisk 2, 5. trinn | Samisk som andrespråk, samisk 2, 6. trinn | Samisk som andrespråk, samisk 2, 7. trinn",Syvende årstrinn,status_publisert,bruke varierte ord og uttrykk om interesser og fritid,,geavahit iešguđetlágán sániid ja dajaldagaid beroštumiid ja astoáiggi birra,,nei,,KM2367
http://psi.udir.no/kl06/KM14805,KM14805,SAS02,02,"Læreplan i samisk som andrespråk, samisk 2","Samisk som andrespråk, samisk 2, 5. trinn | Samisk som andrespråk, samisk 2, 6. trinn | Samisk som andrespråk, samisk 2, 7. trinn",Syvende årstrinn,status_publisert,"innlede, holde i gang og avslutte samtaler",,"álggahit, doalahit ja loahpahit ságastallamiid",,nei,,KM2366
http://psi.udir.no/kl06/KM14806,KM14806,SAS02,02,"Læreplan i samisk som andrespråk, samisk 2","Samisk som andrespråk, samisk 2, 5. trinn | Samisk som andrespråk, samisk 2, 6. trinn | Samisk som andrespråk, samisk 2, 7. trinn",Syvende årstrinn,status_publisert,fortelle om meninger og følelser,,muitalit oaiviliid ja dovdduid birra,,nei,,KM2365
http://psi.udir.no/kl06/KM14807,KM14807,SAS02,02,"Læreplan i samisk som andrespråk, samisk 2","Samisk som andrespråk, samisk 2, 5. trinn | Samisk som andrespråk, samisk 2, 6. trinn | Samisk som andrespråk, samisk 2, 7. trinn",Syvende årstrinn,status_publisert,gjøre rede for og presentere ulike emner,,čilget ja presenteret iešguđetlágan fáttáid,,nei,,KM2364
http://psi.udir.no/kl06/KM14808,KM14808,SAS02,02,"Læreplan i samisk som andrespråk, samisk 2","Samisk som andrespråk, samisk 2, 5. trinn | Samisk som andrespråk, samisk 2, 6. trinn | Samisk som andrespråk, samisk 2, 7. trinn",Syvende årstrinn,status_publisert,"lytte til, utforske og arbeide kreativt med tekster",,"guldalit, suokkardit ja kreatiivvalaččat bargat teavsttaiguin",,nei,,KM2379
http://psi.udir.no/kl06/KM14813,KM14813,SAS02,02,"Læreplan i samisk som andrespråk, samisk 2","Samisk som andrespråk, samisk 2, 5. trinn | Samisk som andrespråk, samisk 2, 6. trinn | Samisk som andrespråk, samisk 2, 7. trinn",Syvende årstrinn,status_publisert,utforske og samtale om samisk litteratur,,suokkardit ja ságastallat sámi girjjálašvuođa birra,,nei,,KM2397
http://psi.udir.no/kl06/KM14809,KM14809,SAS02,02,"Læreplan i samisk som andrespråk, samisk 2","Samisk som andrespråk, samisk 2, 5. trinn | Samisk som andrespråk, samisk 2, 6. trinn | Samisk som andrespråk, samisk 2, 7. trinn",Syvende årstrinn,status_publisert,lese og kommentere innholdet i tekster,,lohkat ja kommenteret teavsttaid sisdoalu,,nei,,KM2380
http://psi.udir.no/kl06/KM14810,KM14810,SAS02,02,"Læreplan i samisk som andrespråk, samisk 2","Samisk som andrespråk, samisk 2, 5. trinn | Samisk som andrespråk, samisk 2, 6. trinn | Samisk som andrespråk, samisk 2, 7. trinn",Syvende årstrinn,status_publisert,"skrive sammenhengende tekster som informerer, gjenforteller og forteller",,"čállit oktilaš teavsttaid main leat dieđut, mat bájuhit ja muitalit",,nei,,KM2381
http://psi.udir.no/kl06/KM14811,KM14811,SAS02,02,"Læreplan i samisk som andrespråk, samisk 2","Samisk som andrespråk, samisk 2, 5. trinn | Samisk som andrespråk, samisk 2, 6. trinn | Samisk som andrespråk, samisk 2, 7. trinn",Syvende årstrinn,status_publisert,lytte til og samtale om geografiske variasjoner i sitt eget samiske språk,,Guldalit ja ságastallat suopmaniid birra iežas sámegielas,,nei,,KM2382
http://psi.udir.no/kl06/KM14812,KM14812,SAS02,02,"Læreplan i samisk som andrespråk, samisk 2","Samisk som andrespråk, samisk 2, 5. trinn | Samisk som andrespråk, samisk 2, 6. trinn | Samisk som andrespråk, samisk 2, 7. trinn",Syvende årstrinn,status_publisert,bruke forståelig ordbøying og setningsstruktur,,geavahit ipmirdahtti sátnesojaheami ja cealkkastruktuvrra,,nei,,KM2398
http://psi.udir.no/kl06/KM14814,KM14814,SAS02,02,"Læreplan i samisk som andrespråk, samisk 2","Samisk som andrespråk, samisk 2, 8. trinn | Samisk som andrespråk, samisk 2, 9. trinn | Samisk som andrespråk, samisk 2, 10. trinn",Tiende årstrinn,status_publisert,bruke varierte ord og uttrykk om interesser og aktuelle hendelser,,geavahit máŋggabealat sániid ja dajaldagaid beroštumiid ja áigeguovdilis dáhpáhusaide birra,,nei,,KM2396
http://psi.udir.no/kl06/KM14815,KM14815,SAS02,02,"Læreplan i samisk som andrespråk, samisk 2","Samisk som andrespråk, samisk 2, 8. trinn | Samisk som andrespråk, samisk 2, 9. trinn | Samisk som andrespråk, samisk 2, 10. trinn",Tiende årstrinn,status_publisert,delta i spontane og planlagte samtaler,,searvat spontána ja plánejuvvon ságastallamiidda,,nei,,KM2395
http://psi.udir.no/kl06/KM14816,KM14816,SAS02,02,"Læreplan i samisk som andrespråk, samisk 2","Samisk som andrespråk, samisk 2, 8. trinn | Samisk som andrespråk, samisk 2, 9. trinn | Samisk som andrespråk, samisk 2, 10. trinn",Tiende årstrinn,status_publisert,uttrykke og begrunne meninger og følelser,,albmanahttit ja vuođustit oaiviliid ja dovdduid,,nei,,KM2394
http://psi.udir.no/kl06/KM14817,KM14817,SAS02,02,"Læreplan i samisk som andrespråk, samisk 2","Samisk som andrespråk, samisk 2, 8. trinn | Samisk som andrespråk, samisk 2, 9. trinn | Samisk som andrespråk, samisk 2, 10. trinn",Tiende årstrinn,status_publisert,utforske og presentere ulike emner,,suokkardit ja presenteret iešguđetlágan fáttáid,,nei,,KM2393
http://psi.udir.no/kl06/KM14818,KM14818,SAS02,02,"Læreplan i samisk som andrespråk, samisk 2","Samisk som andrespråk, samisk 2, 8. trinn | Samisk som andrespråk, samisk 2, 9. trinn | Samisk som andrespråk, samisk 2, 10. trinn",Tiende årstrinn,status_publisert,"lytte til, lese og finne relevant informasjon i tekster",,guldalit ja lohkat teavsttaid ja gávdnat relevánta dieđuid teavsttain,,nei,,KM2392
http://psi.udir.no/kl06/KM14823,KM14823,SAS02,02,"Læreplan i samisk som andrespråk, samisk 2","Samisk som andrespråk, samisk 2, 8. trinn | Samisk som andrespråk, samisk 2, 9. trinn | Samisk som andrespråk, samisk 2, 10. trinn",Tiende årstrinn,status_publisert,utforske og arbeide kreativt med samiske ordtak og fortellinger,,"ságastallat sámi sátnevádjasiid ja muitalanárbevieruid birra, ja kreatiivvalaččat bargat daiguin",,nei,,KM2387
http://psi.udir.no/kl06/KM14819,KM14819,SAS02,02,"Læreplan i samisk som andrespråk, samisk 2","Samisk som andrespråk, samisk 2, 8. trinn | Samisk som andrespråk, samisk 2, 9. trinn | Samisk som andrespråk, samisk 2, 10. trinn",Tiende årstrinn,status_publisert,skrive tekster som oppsummerer og beskriver,,čállit teavsttaid mat čoahkkáigesset ja válddahit,,nei,,KM2399
http://psi.udir.no/kl06/KM14820,KM14820,SAS02,02,"Læreplan i samisk som andrespråk, samisk 2","Samisk som andrespråk, samisk 2, 8. trinn | Samisk som andrespråk, samisk 2, 9. trinn | Samisk som andrespråk, samisk 2, 10. trinn",Tiende årstrinn,status_publisert,skape ulike typer tekster med tydelig struktur og sammenheng,,ráhkadit iešguđetlágan teavsttaid main lea čielga struktuvra ja leat oktilaččat,,nei,,KM2391
http://psi.udir.no/kl06/KM14821,KM14821,SAS02,02,"Læreplan i samisk som andrespråk, samisk 2","Samisk som andrespråk, samisk 2, 8. trinn | Samisk som andrespråk, samisk 2, 9. trinn | Samisk som andrespråk, samisk 2, 10. trinn",Tiende årstrinn,status_publisert,lytte til og samtale om samiske språk,,guldalit sámegielaid ja ságastallat daid birra,,nei,,KM2389
http://psi.udir.no/kl06/KM14822,KM14822,SAS02,02,"Læreplan i samisk som andrespråk, samisk 2","Samisk som andrespråk, samisk 2, 8. trinn | Samisk som andrespråk, samisk 2, 9. trinn | Samisk som andrespråk, samisk 2, 10. trinn",Tiende årstrinn,status_publisert,"bruke sentrale regler for rettskriving, ordbøying og setningsstruktur",,"geavahit riektačállima, sátnesojaheami ja cealkkastruktuvrra guovddáš njuolggadusaid",,nei,,KM2388
http://psi.udir.no/kl06/KM14868,KM14868,SAS03,02,"Læreplan i samisk som andrespråk, samisk 3","Samisk som andrespråk, samisk 3, nivå 1, 3. trinn | Samisk som andrespråk, samisk 3, nivå 1, 4. trinn | Samisk som andrespråk, samisk 3, nivå 1, 5. trinn | Samisk som andrespråk, samisk 3, nivå 1, 6. trinn | Samisk som andrespråk, samisk 3, nivå 1, 7. trinn | Samisk som andrespråk, samisk 3, nivå 1, 8. trinn | Samisk som andrespråk, samisk 3, nivå 1, 9. trinn",Niende årstrinn,status_publisert,bruke ord og uttrykk om seg selv og de nære omgivelsene,,geavahit sániid ja dajaldagaid iežas ja lagasbirrasa birra.,,nei,,KM2401
http://psi.udir.no/kl06/KM14869,KM14869,SAS03,02,"Læreplan i samisk som andrespråk, samisk 3","Samisk som andrespråk, samisk 3, nivå 1, 3. trinn | Samisk som andrespråk, samisk 3, nivå 1, 4. trinn | Samisk som andrespråk, samisk 3, nivå 1, 5. trinn | Samisk som andrespråk, samisk 3, nivå 1, 6. trinn | Samisk som andrespråk, samisk 3, nivå 1, 7. trinn | Samisk som andrespråk, samisk 3, nivå 1, 8. trinn | Samisk som andrespråk, samisk 3, nivå 1, 9. trinn",Niende årstrinn,status_publisert,"samtale om bilder, tekst og omgivelser",,"ságastallat govaid, teavsttaid ja birrasa birra",,nei,,KM2430
http://psi.udir.no/kl06/KM14870,KM14870,SAS03,02,"Læreplan i samisk som andrespråk, samisk 3","Samisk som andrespråk, samisk 3, nivå 1, 3. trinn | Samisk som andrespråk, samisk 3, nivå 1, 4. trinn | Samisk som andrespråk, samisk 3, nivå 1, 5. trinn | Samisk som andrespråk, samisk 3, nivå 1, 6. trinn | Samisk som andrespråk, samisk 3, nivå 1, 7. trinn | Samisk som andrespråk, samisk 3, nivå 1, 8. trinn | Samisk som andrespråk, samisk 3, nivå 1, 9. trinn",Niende årstrinn,status_publisert,fortelle om seg selv og de nære omgivelsene,,muitalit iežas ja lagasbirrasa birra,,nei,,KM2431
http://psi.udir.no/kl06/KM14871,KM14871,SAS03,02,"Læreplan i samisk som andrespråk, samisk 3","Samisk som andrespråk, samisk 3, nivå 1, 3. trinn | Samisk som andrespråk, samisk 3, nivå 1, 4. trinn | Samisk som andrespråk, samisk 3, nivå 1, 5. trinn | Samisk som andrespråk, samisk 3, nivå 1, 6. trinn | Samisk som andrespråk, samisk 3, nivå 1, 7. trinn | Samisk som andrespråk, samisk 3, nivå 1, 8. trinn | Samisk som andrespråk, samisk 3, nivå 1, 9. trinn",Niende årstrinn,status_publisert,"lytte til og arbeide kreativt med ulike uttrykk som joik, sang, roller, spill, og samiske fortellinger",,"guldalit iešguđetlágan albmanahttimiid nugo luđiid, lávlagiid, rollaid ja spealuid ja sámi muitalusaid ja kreatiivvalaččat bargat daiguin",,nei,,KM2432
http://psi.udir.no/kl06/KM14874,KM14874,SAS03,02,"Læreplan i samisk som andrespråk, samisk 3","Samisk som andrespråk, samisk 3, nivå 1, 3. trinn | Samisk som andrespråk, samisk 3, nivå 1, 4. trinn | Samisk som andrespråk, samisk 3, nivå 1, 5. trinn | Samisk som andrespråk, samisk 3, nivå 1, 6. trinn | Samisk som andrespråk, samisk 3, nivå 1, 7. trinn | Samisk som andrespråk, samisk 3, nivå 1, 8. trinn | Samisk som andrespråk, samisk 3, nivå 1, 9. trinn",Niende årstrinn,status_publisert,"utforske og arbeide kreativt med språklyder, stavelser, språkelementer og rytmer",,"suokkardit giellajienaid, stávvaliid, giellaelemeanttaid ja ritmmaid ja kreatiivvalaččat bargat daiguin",,nei,,KM2435
http://psi.udir.no/kl06/KM14872,KM14872,SAS03,02,"Læreplan i samisk som andrespråk, samisk 3","Samisk som andrespråk, samisk 3, nivå 1, 3. trinn | Samisk som andrespråk, samisk 3, nivå 1, 4. trinn | Samisk som andrespråk, samisk 3, nivå 1, 5. trinn | Samisk som andrespråk, samisk 3, nivå 1, 6. trinn | Samisk som andrespråk, samisk 3, nivå 1, 7. trinn | Samisk som andrespråk, samisk 3, nivå 1, 8. trinn | Samisk som andrespråk, samisk 3, nivå 1, 9. trinn",Niende årstrinn,status_publisert,lese og respondere på tekster,,lohkat teavsttaid ja responderet daidda,,nei,,KM2433
http://psi.udir.no/kl06/KM14873,KM14873,SAS03,02,"Læreplan i samisk som andrespråk, samisk 3","Samisk som andrespråk, samisk 3, nivå 1, 3. trinn | Samisk som andrespråk, samisk 3, nivå 1, 4. trinn | Samisk som andrespråk, samisk 3, nivå 1, 5. trinn | Samisk som andrespråk, samisk 3, nivå 1, 6. trinn | Samisk som andrespråk, samisk 3, nivå 1, 7. trinn | Samisk som andrespråk, samisk 3, nivå 1, 8. trinn | Samisk som andrespråk, samisk 3, nivå 1, 9. trinn",Niende årstrinn,status_publisert,"skrive ord, setninger og korte tekster",,"čállit sániid, cealkagiid ja oanehis teavsttaid",,nei,,KM2434
http://psi.udir.no/kl06/KM14875,KM14875,SAS03,02,"Læreplan i samisk som andrespråk, samisk 3","Samisk som andrespråk, samisk 3, nivå 2, 5. trinn | Samisk som andrespråk, samisk 3, nivå 2, 6. trinn | Samisk som andrespråk, samisk 3, nivå 2, 7. trinn | Samisk som andrespråk, samisk 3, nivå 2, 8. trinn | Samisk som andrespråk, samisk 3, nivå 2, 9. trinn",Niende årstrinn,status_publisert,bruke ord og uttrykk om egen hverdag og nære omgivelser,,geavahit sániid ja dajaldagaid oahppi árgabeaivvis ja lagasbirrasis,,nei,,KM2436
http://psi.udir.no/kl06/KM14876,KM14876,SAS03,02,"Læreplan i samisk som andrespråk, samisk 3","Samisk som andrespråk, samisk 3, nivå 2, 5. trinn | Samisk som andrespråk, samisk 3, nivå 2, 6. trinn | Samisk som andrespråk, samisk 3, nivå 2, 7. trinn | Samisk som andrespråk, samisk 3, nivå 2, 8. trinn | Samisk som andrespråk, samisk 3, nivå 2, 9. trinn",Niende årstrinn,status_publisert,samtale og fortelle om hendelser og planer,,ságastallat ja muitalit dáhpáhusaid ja plánaid birra,,nei,,KM2437
http://psi.udir.no/kl06/KM14877,KM14877,SAS03,02,"Læreplan i samisk som andrespråk, samisk 3","Samisk som andrespråk, samisk 3, nivå 2, 5. trinn | Samisk som andrespråk, samisk 3, nivå 2, 6. trinn | Samisk som andrespråk, samisk 3, nivå 2, 7. trinn | Samisk som andrespråk, samisk 3, nivå 2, 8. trinn | Samisk som andrespråk, samisk 3, nivå 2, 9. trinn",Niende årstrinn,status_publisert,gjøre rede for og presentere kjente emner,,čilget ja presenteret oahpes fáttáid,,nei,,KM2438
http://psi.udir.no/kl06/KM14878,KM14878,SAS03,02,"Læreplan i samisk som andrespråk, samisk 3","Samisk som andrespråk, samisk 3, nivå 2, 5. trinn | Samisk som andrespråk, samisk 3, nivå 2, 6. trinn | Samisk som andrespråk, samisk 3, nivå 2, 7. trinn | Samisk som andrespråk, samisk 3, nivå 2, 8. trinn | Samisk som andrespråk, samisk 3, nivå 2, 9. trinn",Niende årstrinn,status_publisert,"lytte til, lese og arbeide kreativt med tekster og samiske fortellinger",,guldalit ja lohkat teavsttaid ja sámi muitalusaid ja kreatiivvalaččat bargat daiguin,,nei,,KM2439
http://psi.udir.no/kl06/KM14879,KM14879,SAS03,02,"Læreplan i samisk som andrespråk, samisk 3","Samisk som andrespråk, samisk 3, nivå 2, 5. trinn | Samisk som andrespråk, samisk 3, nivå 2, 6. trinn | Samisk som andrespråk, samisk 3, nivå 2, 7. trinn | Samisk som andrespråk, samisk 3, nivå 2, 8. trinn | Samisk som andrespråk, samisk 3, nivå 2, 9. trinn",Niende årstrinn,status_publisert,"skrive korte tekster som informerer, forteller og spør",,"čállit oanehis teavsttaid main leat dieđut, mat muitalit ja mat jerret",,nei,,KM2440
http://psi.udir.no/kl06/KM14880,KM14880,SAS03,02,"Læreplan i samisk som andrespråk, samisk 3","Samisk som andrespråk, samisk 3, nivå 2, 5. trinn | Samisk som andrespråk, samisk 3, nivå 2, 6. trinn | Samisk som andrespråk, samisk 3, nivå 2, 7. trinn | Samisk som andrespråk, samisk 3, nivå 2, 8. trinn | Samisk som andrespråk, samisk 3, nivå 2, 9. trinn",Niende årstrinn,status_publisert,bruke tydelig uttale og forståelig ordbøying og setningsstruktur,,geavahit čielga jietnadeami ja áddehahtti sátnesojaheami ja cealkkastruktuvrra,,nei,,KM2441
http://psi.udir.no/kl06/KM14881,KM14881,SAS03,02,"Læreplan i samisk som andrespråk, samisk 3","Samisk som andrespråk, samisk 3, nivå 3, 8. trinn | Samisk som andrespråk, samisk 3, nivå 3, 9. trinn | Samisk som andrespråk, samisk 3, nivå 3, 10. trinn",Tiende årstrinn,status_publisert,bruke varierte ord og uttrykk om interesser og fritid,,geavahit iešguđetlágán sániid ja dajaldagaid beroštumiid ja astoáiggi birra,,nei,,KM2442
http://psi.udir.no/kl06/KM14882,KM14882,SAS03,02,"Læreplan i samisk som andrespråk, samisk 3","Samisk som andrespråk, samisk 3, nivå 3, 8. trinn | Samisk som andrespråk, samisk 3, nivå 3, 9. trinn | Samisk som andrespråk, samisk 3, nivå 3, 10. trinn",Tiende årstrinn,status_publisert,samtale og fortelle om opplevelser og planer,,ságastallat ja muitalit vásáhusaid ja plánaid birra,,nei,,KM2443
http://psi.udir.no/kl06/KM14883,KM14883,SAS03,02,"Læreplan i samisk som andrespråk, samisk 3","Samisk som andrespråk, samisk 3, nivå 3, 8. trinn | Samisk som andrespråk, samisk 3, nivå 3, 9. trinn | Samisk som andrespråk, samisk 3, nivå 3, 10. trinn",Tiende årstrinn,status_publisert,utforske og presentere ulike emner,,suokkardit ja ovdanbuktit iešguđetlágan fáttáid,,nei,,KM2444
http://psi.udir.no/kl06/KM14884,KM14884,SAS03,02,"Læreplan i samisk som andrespråk, samisk 3","Samisk som andrespråk, samisk 3, nivå 3, 8. trinn | Samisk som andrespråk, samisk 3, nivå 3, 9. trinn | Samisk som andrespråk, samisk 3, nivå 3, 10. trinn",Tiende årstrinn,status_publisert,"lytte til, lese og arbeide kreativt med tekster",,guldalit ja lohkat teavsttaid ja kreatiivvalaččat bargat daiguin,,nei,,KM2445
http://psi.udir.no/kl06/KM14885,KM14885,SAS03,02,"Læreplan i samisk som andrespråk, samisk 3","Samisk som andrespråk, samisk 3, nivå 3, 8. trinn | Samisk som andrespråk, samisk 3, nivå 3, 9. trinn | Samisk som andrespråk, samisk 3, nivå 3, 10. trinn",Tiende årstrinn,status_publisert,utforske og samtale om samisk litteratur,,suokkardit sámi girjjálašvuođa ja ságastallat dan birra,,nei,,KM2446
http://psi.udir.no/kl06/KM14886,KM14886,SAS03,02,"Læreplan i samisk som andrespråk, samisk 3","Samisk som andrespråk, samisk 3, nivå 3, 8. trinn | Samisk som andrespråk, samisk 3, nivå 3, 9. trinn | Samisk som andrespråk, samisk 3, nivå 3, 10. trinn",Tiende årstrinn,status_publisert,"skrive tekster som informerer, forteller og spør",,"čállit teavsttaid main leat dieđut, mat muitalit ja mat jerret",,nei,,KM2447
http://psi.udir.no/kl06/KM14887,KM14887,SAS03,02,"Læreplan i samisk som andrespråk, samisk 3","Samisk som andrespråk, samisk 3, nivå 3, 8. trinn | Samisk som andrespråk, samisk 3, nivå 3, 9. trinn | Samisk som andrespråk, samisk 3, nivå 3, 10. trinn",Tiende årstrinn,status_publisert,bruke hensiktsmessig ordbøying og setningsstruktur,,Geavahit heivvolaš sátnesojahemiid ja cealkkaráhkadusaid,,nei,,KM2448
http://psi.udir.no/kl06/KM15056,KM15056,NOR07,03,Læreplan i grunnleggende norsk for språklige minoriteter,"Grunnleggende norsk for språklige minoriteter, nivå 1, 1. årstrinn | Grunnleggende norsk for språklige minoriteter, nivå 1, 2. årstrinn | Grunnleggende norsk for språklige minoriteter, nivå 1, 3. årstrinn | Grunnleggende norsk for språklige minoriteter, nivå 1, 4. årstrinn | Grunnleggende norsk for språklige minoriteter, nivå 1, 5. årstrinn | Grunnleggende norsk for språklige minoriteter, nivå 1, 6. årstrinn | Grunnleggende norsk for språklige minoriteter, nivå 1, 7. årstrinn | Grunnleggende norsk for språklige minoriteter, nivå 1, 8. årstrinn | Grunnleggende norsk for språklige minoriteter, nivå 1, 9. årstrinn | Grunnleggende norsk for språklige minoriteter, nivå 1, 10. årstrinn | Grunnleggende norsk for språklige minoriteter, nivå 1, vg1 studieforberedende utdanningsprogram | Grunnleggende norsk for språklige minoriteter, nivå 1, vg2 studieforberedende utdanningsprogram | Grunnleggende norsk for språklige minoriteter, nivå 1, vg3 studieforberedende utdanningsprogram | Grunnleggende norsk for språklige minoriteter, nivå 1, vg1 yrkesfaglige utdanningsprogram | Grunnleggende norsk for språklige minoriteter, nivå 1, vg2 yrkesfaglige utdanningsprogram | Grunnleggende norsk for språklige minoriteter, nivå 1, vg3 påbygging til generell studiekompetanse",Første årstrinn | Andre årstrinn | Tredje årstrinn | Fjerde årstrinn | Femte årstrinn | Sjette årstrinn | Syvende årstrinn | Åttende årstrinn | Niende årstrinn | Tiende årstrinn | Videregående trinn 1 | Videregående trinn 2 | Videregående trinn 3 | Påbygging til generell studiekompetanse,status_publisert,"bruke ord og uttrykk for å hilse, introdusere seg, be om noe, takke og uttrykke følelser og behov",,"bruke ord og uttrykk for å hilse, introdusere seg, be om noe, takke og uttrykke følelser og behov",,nei,,KM1069
http://psi.udir.no/kl06/KM15057,KM15057,NOR07,03,Læreplan i grunnleggende norsk for språklige minoriteter,"Grunnleggende norsk for språklige minoriteter, nivå 1, 1. årstrinn | Grunnleggende norsk for språklige minoriteter, nivå 1, 2. årstrinn | Grunnleggende norsk for språklige minoriteter, nivå 1, 3. årstrinn | Grunnleggende norsk for språklige minoriteter, nivå 1, 4. årstrinn | Grunnleggende norsk for språklige minoriteter, nivå 1, 5. årstrinn | Grunnleggende norsk for språklige minoriteter, nivå 1, 6. årstrinn | Grunnleggende norsk for språklige minoriteter, nivå 1, 7. årstrinn | Grunnleggende norsk for språklige minoriteter, nivå 1, 8. årstrinn | Grunnleggende norsk for språklige minoriteter, nivå 1, 9. årstrinn | Grunnleggende norsk for språklige minoriteter, nivå 1, 10. årstrinn | Grunnleggende norsk for språklige minoriteter, nivå 1, vg1 studieforberedende utdanningsprogram | Grunnleggende norsk for språklige minoriteter, nivå 1, vg2 studieforberedende utdanningsprogram | Grunnleggende norsk for språklige minoriteter, nivå 1, vg3 studieforberedende utdanningsprogram | Grunnleggende norsk for språklige minoriteter, nivå 1, vg1 yrkesfaglige utdanningsprogram | Grunnleggende norsk for språklige minoriteter, nivå 1, vg2 yrkesfaglige utdanningsprogram | Grunnleggende norsk for språklige minoriteter, nivå 1, vg3 påbygging til generell studiekompetanse",Første årstrinn | Andre årstrinn | Tredje årstrinn | Fjerde årstrinn | Femte årstrinn | Sjette årstrinn | Syvende årstrinn | Åttende årstrinn | Niende årstrinn | Tiende årstrinn | Videregående trinn 1 | Videregående trinn 2 | Videregående trinn 3 | Påbygging til generell studiekompetanse,status_publisert,bruke fraser om personlige og hverdagslige emner,,bruke fraser om personlige og hverdagslige emner,,nei,,KM1096
http://psi.udir.no/kl06/KM15058,KM15058,NOR07,03,Læreplan i grunnleggende norsk for språklige minoriteter,"Grunnleggende norsk for språklige minoriteter, nivå 1, 1. årstrinn | Grunnleggende norsk for språklige minoriteter, nivå 1, 2. årstrinn | Grunnleggende norsk for språklige minoriteter, nivå 1, 3. årstrinn | Grunnleggende norsk for språklige minoriteter, nivå 1, 4. årstrinn | Grunnleggende norsk for språklige minoriteter, nivå 1, 5. årstrinn | Grunnleggende norsk for språklige minoriteter, nivå 1, 6. årstrinn | Grunnleggende norsk for språklige minoriteter, nivå 1, 7. årstrinn | Grunnleggende norsk for språklige minoriteter, nivå 1, 8. årstrinn | Grunnleggende norsk for språklige minoriteter, nivå 1, 9. årstrinn | Grunnleggende norsk for språklige minoriteter, nivå 1, 10. årstrinn | Grunnleggende norsk for språklige minoriteter, nivå 1, vg1 studieforberedende utdanningsprogram | Grunnleggende norsk for språklige minoriteter, nivå 1, vg2 studieforberedende utdanningsprogram | Grunnleggende norsk for språklige minoriteter, nivå 1, vg3 studieforberedende utdanningsprogram | Grunnleggende norsk for språklige minoriteter, nivå 1, vg1 yrkesfaglige utdanningsprogram | Grunnleggende norsk for språklige minoriteter, nivå 1, vg2 yrkesfaglige utdanningsprogram | Grunnleggende norsk for språklige minoriteter, nivå 1, vg3 påbygging til generell studiekompetanse",Første årstrinn | Andre årstrinn | Tredje årstrinn | Fjerde årstrinn | Femte årstrinn | Sjette årstrinn | Syvende årstrinn | Åttende årstrinn | Niende årstrinn | Tiende årstrinn | Videregående trinn 1 | Videregående trinn 2 | Videregående trinn 3 | Påbygging til generell studiekompetanse,status_publisert,forstå og bruke grunnleggende begreper og fagord,,forstå og bruke grunnleggende begreper og fagord,,nei,,KM1097
http://psi.udir.no/kl06/KM15059,KM15059,NOR07,03,Læreplan i grunnleggende norsk for språklige minoriteter,"Grunnleggende norsk for språklige minoriteter, nivå 1, 1. årstrinn | Grunnleggende norsk for språklige minoriteter, nivå 1, 2. årstrinn | Grunnleggende norsk for språklige minoriteter, nivå 1, 3. årstrinn | Grunnleggende norsk for språklige minoriteter, nivå 1, 4. årstrinn | Grunnleggende norsk for språklige minoriteter, nivå 1, 5. årstrinn | Grunnleggende norsk for språklige minoriteter, nivå 1, 6. årstrinn | Grunnleggende norsk for språklige minoriteter, nivå 1, 7. årstrinn | Grunnleggende norsk for språklige minoriteter, nivå 1, 8. årstrinn | Grunnleggende norsk for språklige minoriteter, nivå 1, 9. årstrinn | Grunnleggende norsk for språklige minoriteter, nivå 1, 10. årstrinn | Grunnleggende norsk for språklige minoriteter, nivå 1, vg1 studieforberedende utdanningsprogram | Grunnleggende norsk for språklige minoriteter, nivå 1, vg2 studieforberedende utdanningsprogram | Grunnleggende norsk for språklige minoriteter, nivå 1, vg3 studieforberedende utdanningsprogram | Grunnleggende norsk for språklige minoriteter, nivå 1, vg1 yrkesfaglige utdanningsprogram | Grunnleggende norsk for språklige minoriteter, nivå 1, vg2 yrkesfaglige utdanningsprogram | Grunnleggende norsk for språklige minoriteter, nivå 1, vg3 påbygging til generell studiekompetanse",Første årstrinn | Andre årstrinn | Tredje årstrinn | Fjerde årstrinn | Femte årstrinn | Sjette årstrinn | Syvende årstrinn | Åttende årstrinn | Niende årstrinn | Tiende årstrinn | Videregående trinn 1 | Videregående trinn 2 | Videregående trinn 3 | Påbygging til generell studiekompetanse,status_publisert,delta i enkle samtaler om kjente emner fra hverdagslivet og fra ulike fag med støtte fra kontekst og samtalepartner,,delta i enkle samtaler om kjente emner fra hverdagslivet og fra ulike fag med støtte fra kontekst og samtalepartner,,nei,,KM1098
http://psi.udir.no/kl06/KM15060,KM15060,NOR07,03,Læreplan i grunnleggende norsk for språklige minoriteter,"Grunnleggende norsk for språklige minoriteter, nivå 1, 1. årstrinn | Grunnleggende norsk for språklige minoriteter, nivå 1, 2. årstrinn | Grunnleggende norsk for språklige minoriteter, nivå 1, 3. årstrinn | Grunnleggende norsk for språklige minoriteter, nivå 1, 4. årstrinn | Grunnleggende norsk for språklige minoriteter, nivå 1, 5. årstrinn | Grunnleggende norsk for språklige minoriteter, nivå 1, 6. årstrinn | Grunnleggende norsk for språklige minoriteter, nivå 1, 7. årstrinn | Grunnleggende norsk for språklige minoriteter, nivå 1, 8. årstrinn | Grunnleggende norsk for språklige minoriteter, nivå 1, 9. årstrinn | Grunnleggende norsk for språklige minoriteter, nivå 1, 10. årstrinn | Grunnleggende norsk for språklige minoriteter, nivå 1, vg1 studieforberedende utdanningsprogram | Grunnleggende norsk for språklige minoriteter, nivå 1, vg2 studieforberedende utdanningsprogram | Grunnleggende norsk for språklige minoriteter, nivå 1, vg3 studieforberedende utdanningsprogram | Grunnleggende norsk for språklige minoriteter, nivå 1, vg1 yrkesfaglige utdanningsprogram | Grunnleggende norsk for språklige minoriteter, nivå 1, vg2 yrkesfaglige utdanningsprogram | Grunnleggende norsk for språklige minoriteter, nivå 1, vg3 påbygging til generell studiekompetanse",Første årstrinn | Andre årstrinn | Tredje årstrinn | Fjerde årstrinn | Femte årstrinn | Sjette årstrinn | Syvende årstrinn | Åttende årstrinn | Niende årstrinn | Tiende årstrinn | Videregående trinn 1 | Videregående trinn 2 | Videregående trinn 3 | Påbygging til generell studiekompetanse,status_publisert,"gjenkjenne og utforske norske språklyder og norsk stavelsesstruktur, trykk og intonasjon",,"gjenkjenne og utforske norske språklyder og norsk stavelsesstruktur, trykk og intonasjon",,nei,,KM1099
http://psi.udir.no/kl06/KM15063,KM15063,NOR07,03,Læreplan i grunnleggende norsk for språklige minoriteter,"Grunnleggende norsk for språklige minoriteter, nivå 1, 1. årstrinn | Grunnleggende norsk for språklige minoriteter, nivå 1, 2. årstrinn | Grunnleggende norsk for språklige minoriteter, nivå 1, 3. årstrinn | Grunnleggende norsk for språklige minoriteter, nivå 1, 4. årstrinn | Grunnleggende norsk for språklige minoriteter, nivå 1, 5. årstrinn | Grunnleggende norsk for språklige minoriteter, nivå 1, 6. årstrinn | Grunnleggende norsk for språklige minoriteter, nivå 1, 7. årstrinn | Grunnleggende norsk for språklige minoriteter, nivå 1, 8. årstrinn | Grunnleggende norsk for språklige minoriteter, nivå 1, 9. årstrinn | Grunnleggende norsk for språklige minoriteter, nivå 1, 10. årstrinn | Grunnleggende norsk for språklige minoriteter, nivå 1, vg1 studieforberedende utdanningsprogram | Grunnleggende norsk for språklige minoriteter, nivå 1, vg2 studieforberedende utdanningsprogram | Grunnleggende norsk for språklige minoriteter, nivå 1, vg3 studieforberedende utdanningsprogram | Grunnleggende norsk for språklige minoriteter, nivå 1, vg1 yrkesfaglige utdanningsprogram | Grunnleggende norsk for språklige minoriteter, nivå 1, vg2 yrkesfaglige utdanningsprogram | Grunnleggende norsk for språklige minoriteter, nivå 1, vg3 påbygging til generell studiekompetanse",Første årstrinn | Andre årstrinn | Tredje årstrinn | Fjerde årstrinn | Femte årstrinn | Sjette årstrinn | Syvende årstrinn | Åttende årstrinn | Niende årstrinn | Tiende årstrinn | Videregående trinn 1 | Videregående trinn 2 | Videregående trinn 3 | Påbygging til generell studiekompetanse,status_publisert,"utforske grunnleggende mønstre for norsk rettskriving, formverk og setningsstruktur",,"utforske grunnleggende mønstre for norsk rettskriving, formverk og setningsstruktur",,nei,,KM1102
http://psi.udir.no/kl06/KM15066,KM15066,NOR07,03,Læreplan i grunnleggende norsk for språklige minoriteter,"Grunnleggende norsk for språklige minoriteter, nivå 1, 1. årstrinn | Grunnleggende norsk for språklige minoriteter, nivå 1, 2. årstrinn | Grunnleggende norsk for språklige minoriteter, nivå 1, 3. årstrinn | Grunnleggende norsk for språklige minoriteter, nivå 1, 4. årstrinn | Grunnleggende norsk for språklige minoriteter, nivå 1, 5. årstrinn | Grunnleggende norsk for språklige minoriteter, nivå 1, 6. årstrinn | Grunnleggende norsk for språklige minoriteter, nivå 1, 7. årstrinn | Grunnleggende norsk for språklige minoriteter, nivå 1, 8. årstrinn | Grunnleggende norsk for språklige minoriteter, nivå 1, 9. årstrinn | Grunnleggende norsk for språklige minoriteter, nivå 1, 10. årstrinn | Grunnleggende norsk for språklige minoriteter, nivå 1, vg1 studieforberedende utdanningsprogram | Grunnleggende norsk for språklige minoriteter, nivå 1, vg2 studieforberedende utdanningsprogram | Grunnleggende norsk for språklige minoriteter, nivå 1, vg3 studieforberedende utdanningsprogram | Grunnleggende norsk for språklige minoriteter, nivå 1, vg1 yrkesfaglige utdanningsprogram | Grunnleggende norsk for språklige minoriteter, nivå 1, vg2 yrkesfaglige utdanningsprogram | Grunnleggende norsk for språklige minoriteter, nivå 1, vg3 påbygging til generell studiekompetanse",Første årstrinn | Andre årstrinn | Tredje årstrinn | Fjerde årstrinn | Femte årstrinn | Sjette årstrinn | Syvende årstrinn | Åttende årstrinn | Niende årstrinn | Tiende årstrinn | Videregående trinn 1 | Videregående trinn 2 | Videregående trinn 3 | Påbygging til generell studiekompetanse,status_publisert,"utforske og bruke strategier som støtter innlæring av språklig innhold, form og bruk i norsk",,"utforske og bruke strategier som støtter innlæring av språklig innhold, form og bruk i norsk",,nei,,KM1105
http://psi.udir.no/kl06/KM15061,KM15061,NOR07,03,Læreplan i grunnleggende norsk for språklige minoriteter,"Grunnleggende norsk for språklige minoriteter, nivå 1, 1. årstrinn | Grunnleggende norsk for språklige minoriteter, nivå 1, 2. årstrinn | Grunnleggende norsk for språklige minoriteter, nivå 1, 3. årstrinn | Grunnleggende norsk for språklige minoriteter, nivå 1, 4. årstrinn | Grunnleggende norsk for språklige minoriteter, nivå 1, 5. årstrinn | Grunnleggende norsk for språklige minoriteter, nivå 1, 6. årstrinn | Grunnleggende norsk for språklige minoriteter, nivå 1, 7. årstrinn | Grunnleggende norsk for språklige minoriteter, nivå 1, 8. årstrinn | Grunnleggende norsk for språklige minoriteter, nivå 1, 9. årstrinn | Grunnleggende norsk for språklige minoriteter, nivå 1, 10. årstrinn | Grunnleggende norsk for språklige minoriteter, nivå 1, vg1 studieforberedende utdanningsprogram | Grunnleggende norsk for språklige minoriteter, nivå 1, vg2 studieforberedende utdanningsprogram | Grunnleggende norsk for språklige minoriteter, nivå 1, vg3 studieforberedende utdanningsprogram | Grunnleggende norsk for språklige minoriteter, nivå 1, vg1 yrkesfaglige utdanningsprogram | Grunnleggende norsk for språklige minoriteter, nivå 1, vg2 yrkesfaglige utdanningsprogram | Grunnleggende norsk for språklige minoriteter, nivå 1, vg3 påbygging til generell studiekompetanse",Første årstrinn | Andre årstrinn | Tredje årstrinn | Fjerde årstrinn | Femte årstrinn | Sjette årstrinn | Syvende årstrinn | Åttende årstrinn | Niende årstrinn | Tiende årstrinn | Videregående trinn 1 | Videregående trinn 2 | Videregående trinn 3 | Påbygging til generell studiekompetanse,status_publisert,bruke store og små bokstaver,,bruke store og små bokstaver,,nei,,KM1100
http://psi.udir.no/kl06/KM15062,KM15062,NOR07,03,Læreplan i grunnleggende norsk for språklige minoriteter,"Grunnleggende norsk for språklige minoriteter, nivå 1, 1. årstrinn | Grunnleggende norsk for språklige minoriteter, nivå 1, 2. årstrinn | Grunnleggende norsk for språklige minoriteter, nivå 1, 3. årstrinn | Grunnleggende norsk for språklige minoriteter, nivå 1, 4. årstrinn | Grunnleggende norsk for språklige minoriteter, nivå 1, 5. årstrinn | Grunnleggende norsk for språklige minoriteter, nivå 1, 6. årstrinn | Grunnleggende norsk for språklige minoriteter, nivå 1, 7. årstrinn | Grunnleggende norsk for språklige minoriteter, nivå 1, 8. årstrinn | Grunnleggende norsk for språklige minoriteter, nivå 1, 9. årstrinn | Grunnleggende norsk for språklige minoriteter, nivå 1, 10. årstrinn | Grunnleggende norsk for språklige minoriteter, nivå 1, vg1 studieforberedende utdanningsprogram | Grunnleggende norsk for språklige minoriteter, nivå 1, vg2 studieforberedende utdanningsprogram | Grunnleggende norsk for språklige minoriteter, nivå 1, vg3 studieforberedende utdanningsprogram | Grunnleggende norsk for språklige minoriteter, nivå 1, vg1 yrkesfaglige utdanningsprogram | Grunnleggende norsk for språklige minoriteter, nivå 1, vg2 yrkesfaglige utdanningsprogram | Grunnleggende norsk for språklige minoriteter, nivå 1, vg3 påbygging til generell studiekompetanse",Første årstrinn | Andre årstrinn | Tredje årstrinn | Fjerde årstrinn | Femte årstrinn | Sjette årstrinn | Syvende årstrinn | Åttende årstrinn | Niende årstrinn | Tiende årstrinn | Videregående trinn 1 | Videregående trinn 2 | Videregående trinn 3 | Påbygging til generell studiekompetanse,status_publisert,knytte bokstaver til lyder og trekke lyder sammen til ord i lesing og skriving,,knytte bokstaver til lyder og trekke lyder sammen til ord i lesing og skriving,,nei,,KM1101
http://psi.udir.no/kl06/KM15070,KM15070,NOR07,03,Læreplan i grunnleggende norsk for språklige minoriteter,"Grunnleggende norsk for språklige minoriteter, nivå 1, 1. årstrinn | Grunnleggende norsk for språklige minoriteter, nivå 1, 2. årstrinn | Grunnleggende norsk for språklige minoriteter, nivå 1, 3. årstrinn | Grunnleggende norsk for språklige minoriteter, nivå 1, 4. årstrinn | Grunnleggende norsk for språklige minoriteter, nivå 1, 5. årstrinn | Grunnleggende norsk for språklige minoriteter, nivå 1, 6. årstrinn | Grunnleggende norsk for språklige minoriteter, nivå 1, 7. årstrinn | Grunnleggende norsk for språklige minoriteter, nivå 1, 8. årstrinn | Grunnleggende norsk for språklige minoriteter, nivå 1, 9. årstrinn | Grunnleggende norsk for språklige minoriteter, nivå 1, 10. årstrinn | Grunnleggende norsk for språklige minoriteter, nivå 1, vg1 studieforberedende utdanningsprogram | Grunnleggende norsk for språklige minoriteter, nivå 1, vg2 studieforberedende utdanningsprogram | Grunnleggende norsk for språklige minoriteter, nivå 1, vg3 studieforberedende utdanningsprogram | Grunnleggende norsk for språklige minoriteter, nivå 1, vg1 yrkesfaglige utdanningsprogram | Grunnleggende norsk for språklige minoriteter, nivå 1, vg2 yrkesfaglige utdanningsprogram | Grunnleggende norsk for språklige minoriteter, nivå 1, vg3 påbygging til generell studiekompetanse",Første årstrinn | Andre årstrinn | Tredje årstrinn | Fjerde årstrinn | Femte årstrinn | Sjette årstrinn | Syvende årstrinn | Åttende årstrinn | Niende årstrinn | Tiende årstrinn | Videregående trinn 1 | Videregående trinn 2 | Videregående trinn 3 | Påbygging til generell studiekompetanse,status_publisert,skrive enkle setninger og tekster,,skrive enkle setninger og tekster,,nei,,KM1109
http://psi.udir.no/kl06/KM15064,KM15064,NOR07,03,Læreplan i grunnleggende norsk for språklige minoriteter,"Grunnleggende norsk for språklige minoriteter, nivå 1, 1. årstrinn | Grunnleggende norsk for språklige minoriteter, nivå 1, 2. årstrinn | Grunnleggende norsk for språklige minoriteter, nivå 1, 3. årstrinn | Grunnleggende norsk for språklige minoriteter, nivå 1, 4. årstrinn | Grunnleggende norsk for språklige minoriteter, nivå 1, 5. årstrinn | Grunnleggende norsk for språklige minoriteter, nivå 1, 6. årstrinn | Grunnleggende norsk for språklige minoriteter, nivå 1, 7. årstrinn | Grunnleggende norsk for språklige minoriteter, nivå 1, 8. årstrinn | Grunnleggende norsk for språklige minoriteter, nivå 1, 9. årstrinn | Grunnleggende norsk for språklige minoriteter, nivå 1, 10. årstrinn | Grunnleggende norsk for språklige minoriteter, nivå 1, vg1 studieforberedende utdanningsprogram | Grunnleggende norsk for språklige minoriteter, nivå 1, vg2 studieforberedende utdanningsprogram | Grunnleggende norsk for språklige minoriteter, nivå 1, vg3 studieforberedende utdanningsprogram | Grunnleggende norsk for språklige minoriteter, nivå 1, vg1 yrkesfaglige utdanningsprogram | Grunnleggende norsk for språklige minoriteter, nivå 1, vg2 yrkesfaglige utdanningsprogram | Grunnleggende norsk for språklige minoriteter, nivå 1, vg3 påbygging til generell studiekompetanse",Første årstrinn | Andre årstrinn | Tredje årstrinn | Fjerde årstrinn | Femte årstrinn | Sjette årstrinn | Syvende årstrinn | Åttende årstrinn | Niende årstrinn | Tiende årstrinn | Videregående trinn 1 | Videregående trinn 2 | Videregående trinn 3 | Påbygging til generell studiekompetanse,status_publisert,lese enkle alderstilpassede tekster om kjente temaer og med faglig innhold,,lese enkle alderstilpassede tekster om kjente temaer og med faglig innhold,,nei,,KM1103
http://psi.udir.no/kl06/KM15069,KM15069,NOR07,03,Læreplan i grunnleggende norsk for språklige minoriteter,"Grunnleggende norsk for språklige minoriteter, nivå 1, 1. årstrinn | Grunnleggende norsk for språklige minoriteter, nivå 1, 2. årstrinn | Grunnleggende norsk for språklige minoriteter, nivå 1, 3. årstrinn | Grunnleggende norsk for språklige minoriteter, nivå 1, 4. årstrinn | Grunnleggende norsk for språklige minoriteter, nivå 1, 5. årstrinn | Grunnleggende norsk for språklige minoriteter, nivå 1, 6. årstrinn | Grunnleggende norsk for språklige minoriteter, nivå 1, 7. årstrinn | Grunnleggende norsk for språklige minoriteter, nivå 1, 8. årstrinn | Grunnleggende norsk for språklige minoriteter, nivå 1, 9. årstrinn | Grunnleggende norsk for språklige minoriteter, nivå 1, 10. årstrinn | Grunnleggende norsk for språklige minoriteter, nivå 1, vg1 studieforberedende utdanningsprogram | Grunnleggende norsk for språklige minoriteter, nivå 1, vg2 studieforberedende utdanningsprogram | Grunnleggende norsk for språklige minoriteter, nivå 1, vg3 studieforberedende utdanningsprogram | Grunnleggende norsk for språklige minoriteter, nivå 1, vg1 yrkesfaglige utdanningsprogram | Grunnleggende norsk for språklige minoriteter, nivå 1, vg2 yrkesfaglige utdanningsprogram | Grunnleggende norsk for språklige minoriteter, nivå 1, vg3 påbygging til generell studiekompetanse",Første årstrinn | Andre årstrinn | Tredje årstrinn | Fjerde årstrinn | Femte årstrinn | Sjette årstrinn | Syvende årstrinn | Åttende årstrinn | Niende årstrinn | Tiende årstrinn | Videregående trinn 1 | Videregående trinn 2 | Videregående trinn 3 | Påbygging til generell studiekompetanse,status_publisert,"uttale, lese og bruke norske tall",,"uttale, lese og bruke norske tall",,nei,,KM1108
http://psi.udir.no/kl06/KM15065,KM15065,NOR07,03,Læreplan i grunnleggende norsk for språklige minoriteter,"Grunnleggende norsk for språklige minoriteter, nivå 1, 1. årstrinn | Grunnleggende norsk for språklige minoriteter, nivå 1, 2. årstrinn | Grunnleggende norsk for språklige minoriteter, nivå 1, 3. årstrinn | Grunnleggende norsk for språklige minoriteter, nivå 1, 4. årstrinn | Grunnleggende norsk for språklige minoriteter, nivå 1, 5. årstrinn | Grunnleggende norsk for språklige minoriteter, nivå 1, 6. årstrinn | Grunnleggende norsk for språklige minoriteter, nivå 1, 7. årstrinn | Grunnleggende norsk for språklige minoriteter, nivå 1, 8. årstrinn | Grunnleggende norsk for språklige minoriteter, nivå 1, 9. årstrinn | Grunnleggende norsk for språklige minoriteter, nivå 1, 10. årstrinn | Grunnleggende norsk for språklige minoriteter, nivå 1, vg1 studieforberedende utdanningsprogram | Grunnleggende norsk for språklige minoriteter, nivå 1, vg2 studieforberedende utdanningsprogram | Grunnleggende norsk for språklige minoriteter, nivå 1, vg3 studieforberedende utdanningsprogram | Grunnleggende norsk for språklige minoriteter, nivå 1, vg1 yrkesfaglige utdanningsprogram | Grunnleggende norsk for språklige minoriteter, nivå 1, vg2 yrkesfaglige utdanningsprogram | Grunnleggende norsk for språklige minoriteter, nivå 1, vg3 påbygging til generell studiekompetanse",Første årstrinn | Andre årstrinn | Tredje årstrinn | Fjerde årstrinn | Femte årstrinn | Sjette årstrinn | Syvende årstrinn | Åttende årstrinn | Niende årstrinn | Tiende årstrinn | Videregående trinn 1 | Videregående trinn 2 | Videregående trinn 3 | Påbygging til generell studiekompetanse,status_publisert,"utforske ulike digitale ressurser og verktøy i kommunikasjon, og som støtte i språk- og faglæring",,"utforske ulike digitale ressurser og verktøy i kommunikasjon, og som støtte i språk- og faglæring",,nei,,KM1104
http://psi.udir.no/kl06/KM15067,KM15067,NOR07,03,Læreplan i grunnleggende norsk for språklige minoriteter,"Grunnleggende norsk for språklige minoriteter, nivå 1, 1. årstrinn | Grunnleggende norsk for språklige minoriteter, nivå 1, 2. årstrinn | Grunnleggende norsk for språklige minoriteter, nivå 1, 3. årstrinn | Grunnleggende norsk for språklige minoriteter, nivå 1, 4. årstrinn | Grunnleggende norsk for språklige minoriteter, nivå 1, 5. årstrinn | Grunnleggende norsk for språklige minoriteter, nivå 1, 6. årstrinn | Grunnleggende norsk for språklige minoriteter, nivå 1, 7. årstrinn | Grunnleggende norsk for språklige minoriteter, nivå 1, 8. årstrinn | Grunnleggende norsk for språklige minoriteter, nivå 1, 9. årstrinn | Grunnleggende norsk for språklige minoriteter, nivå 1, 10. årstrinn | Grunnleggende norsk for språklige minoriteter, nivå 1, vg1 studieforberedende utdanningsprogram | Grunnleggende norsk for språklige minoriteter, nivå 1, vg2 studieforberedende utdanningsprogram | Grunnleggende norsk for språklige minoriteter, nivå 1, vg3 studieforberedende utdanningsprogram | Grunnleggende norsk for språklige minoriteter, nivå 1, vg1 yrkesfaglige utdanningsprogram | Grunnleggende norsk for språklige minoriteter, nivå 1, vg2 yrkesfaglige utdanningsprogram | Grunnleggende norsk for språklige minoriteter, nivå 1, vg3 påbygging til generell studiekompetanse",Første årstrinn | Andre årstrinn | Tredje årstrinn | Fjerde årstrinn | Femte årstrinn | Sjette årstrinn | Syvende årstrinn | Åttende årstrinn | Niende årstrinn | Tiende årstrinn | Videregående trinn 1 | Videregående trinn 2 | Videregående trinn 3 | Påbygging til generell studiekompetanse,status_publisert,sammenligne ord og uttrykk på norsk med andre språk eleven kjenner,,sammenligne ord og uttrykk på norsk med andre språk eleven kjenner,,nei,,KM1107
http://psi.udir.no/kl06/KM15068,KM15068,NOR07,03,Læreplan i grunnleggende norsk for språklige minoriteter,"Grunnleggende norsk for språklige minoriteter, nivå 1, 1. årstrinn | Grunnleggende norsk for språklige minoriteter, nivå 1, 2. årstrinn | Grunnleggende norsk for språklige minoriteter, nivå 1, 3. årstrinn | Grunnleggende norsk for språklige minoriteter, nivå 1, 4. årstrinn | Grunnleggende norsk for språklige minoriteter, nivå 1, 5. årstrinn | Grunnleggende norsk for språklige minoriteter, nivå 1, 6. årstrinn | Grunnleggende norsk for språklige minoriteter, nivå 1, 7. årstrinn | Grunnleggende norsk for språklige minoriteter, nivå 1, 8. årstrinn | Grunnleggende norsk for språklige minoriteter, nivå 1, 9. årstrinn | Grunnleggende norsk for språklige minoriteter, nivå 1, 10. årstrinn | Grunnleggende norsk for språklige minoriteter, nivå 1, vg1 studieforberedende utdanningsprogram | Grunnleggende norsk for språklige minoriteter, nivå 1, vg2 studieforberedende utdanningsprogram | Grunnleggende norsk for språklige minoriteter, nivå 1, vg3 studieforberedende utdanningsprogram | Grunnleggende norsk for språklige minoriteter, nivå 1, vg1 yrkesfaglige utdanningsprogram | Grunnleggende norsk for språklige minoriteter, nivå 1, vg2 yrkesfaglige utdanningsprogram | Grunnleggende norsk for språklige minoriteter, nivå 1, vg3 påbygging til generell studiekompetanse",Første årstrinn | Andre årstrinn | Tredje årstrinn | Fjerde årstrinn | Femte årstrinn | Sjette årstrinn | Syvende årstrinn | Åttende årstrinn | Niende årstrinn | Tiende årstrinn | Videregående trinn 1 | Videregående trinn 2 | Videregående trinn 3 | Påbygging til generell studiekompetanse,status_publisert,samtale om noen kunst- og kulturuttrykk fra ulike land og kulturer,,samtale om noen kunst- og kulturuttrykk fra ulike land og kulturer,,nei,,KM1118
http://psi.udir.no/kl06/KM15071,KM15071,NOR07,03,Læreplan i grunnleggende norsk for språklige minoriteter,"Grunnleggende norsk for språklige minoriteter, nivå 2, 1. årstrinn | Grunnleggende norsk for språklige minoriteter, nivå 2, 2. årstrinn | Grunnleggende norsk for språklige minoriteter, nivå 2, 3. årstrinn | Grunnleggende norsk for språklige minoriteter, nivå 2, 4. årstrinn | Grunnleggende norsk for språklige minoriteter, nivå 2, 5. årstrinn | Grunnleggende norsk for språklige minoriteter, nivå 2, 6. årstrinn | Grunnleggende norsk for språklige minoriteter, nivå 2, 7. årstrinn | Grunnleggende norsk for språklige minoriteter, nivå 2, 8. årstrinn | Grunnleggende norsk for språklige minoriteter, nivå 2, 9. årstrinn | Grunnleggende norsk for språklige minoriteter, nivå 2, 10. årstrinn | Grunnleggende norsk for språklige minoriteter, nivå 2, vg1 studieforberedende utdanningsprogram | Grunnleggende norsk for språklige minoriteter, nivå 2, vg2 studieforberedende utdanningsprogram | Grunnleggende norsk for språklige minoriteter, nivå 2, vg3 studieforberedende utdanningsprogram | Grunnleggende norsk for språklige minoriteter, nivå 2, vg1 yrkesfaglige utdanningsprogram | Grunnleggende norsk for språklige minoriteter, nivå 2, vg2 yrkesfaglige utdanningsprogram | Grunnleggende norsk for språklige minoriteter, nivå 2, vg3 påbygging til generell studiekompetanse",Første årstrinn | Andre årstrinn | Tredje årstrinn | Fjerde årstrinn | Femte årstrinn | Sjette årstrinn | Syvende årstrinn | Åttende årstrinn | Niende årstrinn | Tiende årstrinn | Videregående trinn 1 | Videregående trinn 2 | Videregående trinn 3 | Påbygging til generell studiekompetanse,status_publisert,delta i samtaler om hverdagslige og faglige kjente emner,,delta i samtaler om hverdagslige og faglige kjente emner,,nei,,KM1110
http://psi.udir.no/kl06/KM15072,KM15072,NOR07,03,Læreplan i grunnleggende norsk for språklige minoriteter,"Grunnleggende norsk for språklige minoriteter, nivå 2, 1. årstrinn | Grunnleggende norsk for språklige minoriteter, nivå 2, 2. årstrinn | Grunnleggende norsk for språklige minoriteter, nivå 2, 3. årstrinn | Grunnleggende norsk for språklige minoriteter, nivå 2, 4. årstrinn | Grunnleggende norsk for språklige minoriteter, nivå 2, 5. årstrinn | Grunnleggende norsk for språklige minoriteter, nivå 2, 6. årstrinn | Grunnleggende norsk for språklige minoriteter, nivå 2, 7. årstrinn | Grunnleggende norsk for språklige minoriteter, nivå 2, 8. årstrinn | Grunnleggende norsk for språklige minoriteter, nivå 2, 9. årstrinn | Grunnleggende norsk for språklige minoriteter, nivå 2, 10. årstrinn | Grunnleggende norsk for språklige minoriteter, nivå 2, vg1 studieforberedende utdanningsprogram | Grunnleggende norsk for språklige minoriteter, nivå 2, vg2 studieforberedende utdanningsprogram | Grunnleggende norsk for språklige minoriteter, nivå 2, vg3 studieforberedende utdanningsprogram | Grunnleggende norsk for språklige minoriteter, nivå 2, vg1 yrkesfaglige utdanningsprogram | Grunnleggende norsk for språklige minoriteter, nivå 2, vg2 yrkesfaglige utdanningsprogram | Grunnleggende norsk for språklige minoriteter, nivå 2, vg3 påbygging til generell studiekompetanse",Første årstrinn | Andre årstrinn | Tredje årstrinn | Fjerde årstrinn | Femte årstrinn | Sjette årstrinn | Syvende årstrinn | Åttende årstrinn | Niende årstrinn | Tiende årstrinn | Videregående trinn 1 | Videregående trinn 2 | Videregående trinn 3 | Påbygging til generell studiekompetanse,status_publisert,forstå og samtale om hovedinnholdet i muntlige tekster,,forstå og samtale om hovedinnholdet i muntlige tekster,,nei,,KM1111
http://psi.udir.no/kl06/KM15073,KM15073,NOR07,03,Læreplan i grunnleggende norsk for språklige minoriteter,"Grunnleggende norsk for språklige minoriteter, nivå 2, 1. årstrinn | Grunnleggende norsk for språklige minoriteter, nivå 2, 2. årstrinn | Grunnleggende norsk for språklige minoriteter, nivå 2, 3. årstrinn | Grunnleggende norsk for språklige minoriteter, nivå 2, 4. årstrinn | Grunnleggende norsk for språklige minoriteter, nivå 2, 5. årstrinn | Grunnleggende norsk for språklige minoriteter, nivå 2, 6. årstrinn | Grunnleggende norsk for språklige minoriteter, nivå 2, 7. årstrinn | Grunnleggende norsk for språklige minoriteter, nivå 2, 8. årstrinn | Grunnleggende norsk for språklige minoriteter, nivå 2, 9. årstrinn | Grunnleggende norsk for språklige minoriteter, nivå 2, 10. årstrinn | Grunnleggende norsk for språklige minoriteter, nivå 2, vg1 studieforberedende utdanningsprogram | Grunnleggende norsk for språklige minoriteter, nivå 2, vg2 studieforberedende utdanningsprogram | Grunnleggende norsk for språklige minoriteter, nivå 2, vg3 studieforberedende utdanningsprogram | Grunnleggende norsk for språklige minoriteter, nivå 2, vg1 yrkesfaglige utdanningsprogram | Grunnleggende norsk for språklige minoriteter, nivå 2, vg2 yrkesfaglige utdanningsprogram | Grunnleggende norsk for språklige minoriteter, nivå 2, vg3 påbygging til generell studiekompetanse",Første årstrinn | Andre årstrinn | Tredje årstrinn | Fjerde årstrinn | Femte årstrinn | Sjette årstrinn | Syvende årstrinn | Åttende årstrinn | Niende årstrinn | Tiende årstrinn | Videregående trinn 1 | Videregående trinn 2 | Videregående trinn 3 | Påbygging til generell studiekompetanse,status_publisert,uttale ord og setninger på en forståelig måte med funksjonell bruk av trykk og intonasjon,,uttale ord og setninger på en forståelig måte med funksjonell bruk av trykk og intonasjon,,nei,,KM1112
http://psi.udir.no/kl06/KM15074,KM15074,NOR07,03,Læreplan i grunnleggende norsk for språklige minoriteter,"Grunnleggende norsk for språklige minoriteter, nivå 2, 1. årstrinn | Grunnleggende norsk for språklige minoriteter, nivå 2, 2. årstrinn | Grunnleggende norsk for språklige minoriteter, nivå 2, 3. årstrinn | Grunnleggende norsk for språklige minoriteter, nivå 2, 4. årstrinn | Grunnleggende norsk for språklige minoriteter, nivå 2, 5. årstrinn | Grunnleggende norsk for språklige minoriteter, nivå 2, 6. årstrinn | Grunnleggende norsk for språklige minoriteter, nivå 2, 7. årstrinn | Grunnleggende norsk for språklige minoriteter, nivå 2, 8. årstrinn | Grunnleggende norsk for språklige minoriteter, nivå 2, 9. årstrinn | Grunnleggende norsk for språklige minoriteter, nivå 2, 10. årstrinn | Grunnleggende norsk for språklige minoriteter, nivå 2, vg1 studieforberedende utdanningsprogram | Grunnleggende norsk for språklige minoriteter, nivå 2, vg2 studieforberedende utdanningsprogram | Grunnleggende norsk for språklige minoriteter, nivå 2, vg3 studieforberedende utdanningsprogram | Grunnleggende norsk for språklige minoriteter, nivå 2, vg1 yrkesfaglige utdanningsprogram | Grunnleggende norsk for språklige minoriteter, nivå 2, vg2 yrkesfaglige utdanningsprogram | Grunnleggende norsk for språklige minoriteter, nivå 2, vg3 påbygging til generell studiekompetanse",Første årstrinn | Andre årstrinn | Tredje årstrinn | Fjerde årstrinn | Femte årstrinn | Sjette årstrinn | Syvende årstrinn | Åttende årstrinn | Niende årstrinn | Tiende årstrinn | Videregående trinn 1 | Videregående trinn 2 | Videregående trinn 3 | Påbygging til generell studiekompetanse,status_publisert,bruke et egnet ordforråd for kjente faglige emner,,bruke et egnet ordforråd for kjente faglige emner,,nei,,KM1113
http://psi.udir.no/kl06/KM15075,KM15075,NOR07,03,Læreplan i grunnleggende norsk for språklige minoriteter,"Grunnleggende norsk for språklige minoriteter, nivå 2, 1. årstrinn | Grunnleggende norsk for språklige minoriteter, nivå 2, 2. årstrinn | Grunnleggende norsk for språklige minoriteter, nivå 2, 3. årstrinn | Grunnleggende norsk for språklige minoriteter, nivå 2, 4. årstrinn | Grunnleggende norsk for språklige minoriteter, nivå 2, 5. årstrinn | Grunnleggende norsk for språklige minoriteter, nivå 2, 6. årstrinn | Grunnleggende norsk for språklige minoriteter, nivå 2, 7. årstrinn | Grunnleggende norsk for språklige minoriteter, nivå 2, 8. årstrinn | Grunnleggende norsk for språklige minoriteter, nivå 2, 9. årstrinn | Grunnleggende norsk for språklige minoriteter, nivå 2, 10. årstrinn | Grunnleggende norsk for språklige minoriteter, nivå 2, vg1 studieforberedende utdanningsprogram | Grunnleggende norsk for språklige minoriteter, nivå 2, vg2 studieforberedende utdanningsprogram | Grunnleggende norsk for språklige minoriteter, nivå 2, vg3 studieforberedende utdanningsprogram | Grunnleggende norsk for språklige minoriteter, nivå 2, vg1 yrkesfaglige utdanningsprogram | Grunnleggende norsk for språklige minoriteter, nivå 2, vg2 yrkesfaglige utdanningsprogram | Grunnleggende norsk for språklige minoriteter, nivå 2, vg3 påbygging til generell studiekompetanse",Første årstrinn | Andre årstrinn | Tredje årstrinn | Fjerde årstrinn | Femte årstrinn | Sjette årstrinn | Syvende årstrinn | Åttende årstrinn | Niende årstrinn | Tiende årstrinn | Videregående trinn 1 | Videregående trinn 2 | Videregående trinn 3 | Påbygging til generell studiekompetanse,status_publisert,gi uttrykk for egne meninger skriftlig og muntlig,,gi uttrykk for egne meninger skriftlig og muntlig,,nei,,KM1114
http://psi.udir.no/kl06/KM15077,KM15077,NOR07,03,Læreplan i grunnleggende norsk for språklige minoriteter,"Grunnleggende norsk for språklige minoriteter, nivå 2, 1. årstrinn | Grunnleggende norsk for språklige minoriteter, nivå 2, 2. årstrinn | Grunnleggende norsk for språklige minoriteter, nivå 2, 3. årstrinn | Grunnleggende norsk for språklige minoriteter, nivå 2, 4. årstrinn | Grunnleggende norsk for språklige minoriteter, nivå 2, 5. årstrinn | Grunnleggende norsk for språklige minoriteter, nivå 2, 6. årstrinn | Grunnleggende norsk for språklige minoriteter, nivå 2, 7. årstrinn | Grunnleggende norsk for språklige minoriteter, nivå 2, 8. årstrinn | Grunnleggende norsk for språklige minoriteter, nivå 2, 9. årstrinn | Grunnleggende norsk for språklige minoriteter, nivå 2, 10. årstrinn | Grunnleggende norsk for språklige minoriteter, nivå 2, vg1 studieforberedende utdanningsprogram | Grunnleggende norsk for språklige minoriteter, nivå 2, vg2 studieforberedende utdanningsprogram | Grunnleggende norsk for språklige minoriteter, nivå 2, vg3 studieforberedende utdanningsprogram | Grunnleggende norsk for språklige minoriteter, nivå 2, vg1 yrkesfaglige utdanningsprogram | Grunnleggende norsk for språklige minoriteter, nivå 2, vg2 yrkesfaglige utdanningsprogram | Grunnleggende norsk for språklige minoriteter, nivå 2, vg3 påbygging til generell studiekompetanse",Første årstrinn | Andre årstrinn | Tredje årstrinn | Fjerde årstrinn | Femte årstrinn | Sjette årstrinn | Syvende årstrinn | Åttende årstrinn | Niende årstrinn | Tiende årstrinn | Videregående trinn 1 | Videregående trinn 2 | Videregående trinn 3 | Påbygging til generell studiekompetanse,status_publisert,"bruke grunnleggende regler for norsk rettskriving, formverk og setningsstruktur",,"bruke grunnleggende regler for norsk rettskriving, formverk og setningsstruktur",,nei,,KM1116
http://psi.udir.no/kl06/KM15081,KM15081,NOR07,03,Læreplan i grunnleggende norsk for språklige minoriteter,"Grunnleggende norsk for språklige minoriteter, nivå 2, 1. årstrinn | Grunnleggende norsk for språklige minoriteter, nivå 2, 2. årstrinn | Grunnleggende norsk for språklige minoriteter, nivå 2, 3. årstrinn | Grunnleggende norsk for språklige minoriteter, nivå 2, 4. årstrinn | Grunnleggende norsk for språklige minoriteter, nivå 2, 5. årstrinn | Grunnleggende norsk for språklige minoriteter, nivå 2, 6. årstrinn | Grunnleggende norsk for språklige minoriteter, nivå 2, 7. årstrinn | Grunnleggende norsk for språklige minoriteter, nivå 2, 8. årstrinn | Grunnleggende norsk for språklige minoriteter, nivå 2, 9. årstrinn | Grunnleggende norsk for språklige minoriteter, nivå 2, 10. årstrinn | Grunnleggende norsk for språklige minoriteter, nivå 2, vg1 studieforberedende utdanningsprogram | Grunnleggende norsk for språklige minoriteter, nivå 2, vg2 studieforberedende utdanningsprogram | Grunnleggende norsk for språklige minoriteter, nivå 2, vg3 studieforberedende utdanningsprogram | Grunnleggende norsk for språklige minoriteter, nivå 2, vg1 yrkesfaglige utdanningsprogram | Grunnleggende norsk for språklige minoriteter, nivå 2, vg2 yrkesfaglige utdanningsprogram | Grunnleggende norsk for språklige minoriteter, nivå 2, vg3 påbygging til generell studiekompetanse",Første årstrinn | Andre årstrinn | Tredje årstrinn | Fjerde årstrinn | Femte årstrinn | Sjette årstrinn | Syvende årstrinn | Åttende årstrinn | Niende årstrinn | Tiende årstrinn | Videregående trinn 1 | Videregående trinn 2 | Videregående trinn 3 | Påbygging til generell studiekompetanse,status_publisert,"bruke strategier som støtter innlæring av språklig innhold, form og bruk i norsk",,"bruke strategier som støtter innlæring av språklig innhold, form og bruk i norsk",,nei,,KM1094
http://psi.udir.no/kl06/KM15085,KM15085,NOR07,03,Læreplan i grunnleggende norsk for språklige minoriteter,"Grunnleggende norsk for språklige minoriteter, nivå 2, 1. årstrinn | Grunnleggende norsk for språklige minoriteter, nivå 2, 2. årstrinn | Grunnleggende norsk for språklige minoriteter, nivå 2, 3. årstrinn | Grunnleggende norsk for språklige minoriteter, nivå 2, 4. årstrinn | Grunnleggende norsk for språklige minoriteter, nivå 2, 5. årstrinn | Grunnleggende norsk for språklige minoriteter, nivå 2, 6. årstrinn | Grunnleggende norsk for språklige minoriteter, nivå 2, 7. årstrinn | Grunnleggende norsk for språklige minoriteter, nivå 2, 8. årstrinn | Grunnleggende norsk for språklige minoriteter, nivå 2, 9. årstrinn | Grunnleggende norsk for språklige minoriteter, nivå 2, 10. årstrinn | Grunnleggende norsk for språklige minoriteter, nivå 2, vg1 studieforberedende utdanningsprogram | Grunnleggende norsk for språklige minoriteter, nivå 2, vg2 studieforberedende utdanningsprogram | Grunnleggende norsk for språklige minoriteter, nivå 2, vg3 studieforberedende utdanningsprogram | Grunnleggende norsk for språklige minoriteter, nivå 2, vg1 yrkesfaglige utdanningsprogram | Grunnleggende norsk for språklige minoriteter, nivå 2, vg2 yrkesfaglige utdanningsprogram | Grunnleggende norsk for språklige minoriteter, nivå 2, vg3 påbygging til generell studiekompetanse",Første årstrinn | Andre årstrinn | Tredje årstrinn | Fjerde årstrinn | Femte årstrinn | Sjette årstrinn | Syvende årstrinn | Åttende årstrinn | Niende årstrinn | Tiende årstrinn | Videregående trinn 1 | Videregående trinn 2 | Videregående trinn 3 | Påbygging til generell studiekompetanse,status_publisert,bruke hele sin samlede språkkompetanse i eget læringsarbeid,,bruke hele sin samlede språkkompetanse i eget læringsarbeid,,nei,,KM1072
http://psi.udir.no/kl06/KM15078,KM15078,NOR07,03,Læreplan i grunnleggende norsk for språklige minoriteter,"Grunnleggende norsk for språklige minoriteter, nivå 2, 1. årstrinn | Grunnleggende norsk for språklige minoriteter, nivå 2, 2. årstrinn | Grunnleggende norsk for språklige minoriteter, nivå 2, 3. årstrinn | Grunnleggende norsk for språklige minoriteter, nivå 2, 4. årstrinn | Grunnleggende norsk for språklige minoriteter, nivå 2, 5. årstrinn | Grunnleggende norsk for språklige minoriteter, nivå 2, 6. årstrinn | Grunnleggende norsk for språklige minoriteter, nivå 2, 7. årstrinn | Grunnleggende norsk for språklige minoriteter, nivå 2, 8. årstrinn | Grunnleggende norsk for språklige minoriteter, nivå 2, 9. årstrinn | Grunnleggende norsk for språklige minoriteter, nivå 2, 10. årstrinn | Grunnleggende norsk for språklige minoriteter, nivå 2, vg1 studieforberedende utdanningsprogram | Grunnleggende norsk for språklige minoriteter, nivå 2, vg2 studieforberedende utdanningsprogram | Grunnleggende norsk for språklige minoriteter, nivå 2, vg3 studieforberedende utdanningsprogram | Grunnleggende norsk for språklige minoriteter, nivå 2, vg1 yrkesfaglige utdanningsprogram | Grunnleggende norsk for språklige minoriteter, nivå 2, vg2 yrkesfaglige utdanningsprogram | Grunnleggende norsk for språklige minoriteter, nivå 2, vg3 påbygging til generell studiekompetanse",Første årstrinn | Andre årstrinn | Tredje årstrinn | Fjerde årstrinn | Femte årstrinn | Sjette årstrinn | Syvende årstrinn | Åttende årstrinn | Niende årstrinn | Tiende årstrinn | Videregående trinn 1 | Videregående trinn 2 | Videregående trinn 3 | Påbygging til generell studiekompetanse,status_publisert,lese og formidle innholdet i ulike skjønnlitterære og faglige tekster,,lese og formidle innholdet i ulike skjønnlitterære og faglige tekster,,nei,,KM1117
http://psi.udir.no/kl06/KM15079,KM15079,NOR07,03,Læreplan i grunnleggende norsk for språklige minoriteter,"Grunnleggende norsk for språklige minoriteter, nivå 2, 1. årstrinn | Grunnleggende norsk for språklige minoriteter, nivå 2, 2. årstrinn | Grunnleggende norsk for språklige minoriteter, nivå 2, 3. årstrinn | Grunnleggende norsk for språklige minoriteter, nivå 2, 4. årstrinn | Grunnleggende norsk for språklige minoriteter, nivå 2, 5. årstrinn | Grunnleggende norsk for språklige minoriteter, nivå 2, 6. årstrinn | Grunnleggende norsk for språklige minoriteter, nivå 2, 7. årstrinn | Grunnleggende norsk for språklige minoriteter, nivå 2, 8. årstrinn | Grunnleggende norsk for språklige minoriteter, nivå 2, 9. årstrinn | Grunnleggende norsk for språklige minoriteter, nivå 2, 10. årstrinn | Grunnleggende norsk for språklige minoriteter, nivå 2, vg1 studieforberedende utdanningsprogram | Grunnleggende norsk for språklige minoriteter, nivå 2, vg2 studieforberedende utdanningsprogram | Grunnleggende norsk for språklige minoriteter, nivå 2, vg3 studieforberedende utdanningsprogram | Grunnleggende norsk for språklige minoriteter, nivå 2, vg1 yrkesfaglige utdanningsprogram | Grunnleggende norsk for språklige minoriteter, nivå 2, vg2 yrkesfaglige utdanningsprogram | Grunnleggende norsk for språklige minoriteter, nivå 2, vg3 påbygging til generell studiekompetanse",Første årstrinn | Andre årstrinn | Tredje årstrinn | Fjerde årstrinn | Femte årstrinn | Sjette årstrinn | Syvende årstrinn | Åttende årstrinn | Niende årstrinn | Tiende årstrinn | Videregående trinn 1 | Videregående trinn 2 | Videregående trinn 3 | Påbygging til generell studiekompetanse,status_publisert,lese enkle tabeller og grafiske framstillinger,,lese enkle tabeller og grafiske framstillinger,,nei,,KM1095
http://psi.udir.no/kl06/KM15084,KM15084,NOR07,03,Læreplan i grunnleggende norsk for språklige minoriteter,"Grunnleggende norsk for språklige minoriteter, nivå 2, 1. årstrinn | Grunnleggende norsk for språklige minoriteter, nivå 2, 2. årstrinn | Grunnleggende norsk for språklige minoriteter, nivå 2, 3. årstrinn | Grunnleggende norsk for språklige minoriteter, nivå 2, 4. årstrinn | Grunnleggende norsk for språklige minoriteter, nivå 2, 5. årstrinn | Grunnleggende norsk for språklige minoriteter, nivå 2, 6. årstrinn | Grunnleggende norsk for språklige minoriteter, nivå 2, 7. årstrinn | Grunnleggende norsk for språklige minoriteter, nivå 2, 8. årstrinn | Grunnleggende norsk for språklige minoriteter, nivå 2, 9. årstrinn | Grunnleggende norsk for språklige minoriteter, nivå 2, 10. årstrinn | Grunnleggende norsk for språklige minoriteter, nivå 2, vg1 studieforberedende utdanningsprogram | Grunnleggende norsk for språklige minoriteter, nivå 2, vg2 studieforberedende utdanningsprogram | Grunnleggende norsk for språklige minoriteter, nivå 2, vg3 studieforberedende utdanningsprogram | Grunnleggende norsk for språklige minoriteter, nivå 2, vg1 yrkesfaglige utdanningsprogram | Grunnleggende norsk for språklige minoriteter, nivå 2, vg2 yrkesfaglige utdanningsprogram | Grunnleggende norsk for språklige minoriteter, nivå 2, vg3 påbygging til generell studiekompetanse",Første årstrinn | Andre årstrinn | Tredje årstrinn | Fjerde årstrinn | Femte årstrinn | Sjette årstrinn | Syvende årstrinn | Åttende årstrinn | Niende årstrinn | Tiende årstrinn | Videregående trinn 1 | Videregående trinn 2 | Videregående trinn 3 | Påbygging til generell studiekompetanse,status_publisert,forstå og bruke tall og grunnleggende matematiske begreper,,forstå og bruke tall og grunnleggende matematiske begreper,,nei,,KM1071
http://psi.udir.no/kl06/KM15076,KM15076,NOR07,03,Læreplan i grunnleggende norsk for språklige minoriteter,"Grunnleggende norsk for språklige minoriteter, nivå 2, 1. årstrinn | Grunnleggende norsk for språklige minoriteter, nivå 2, 2. årstrinn | Grunnleggende norsk for språklige minoriteter, nivå 2, 3. årstrinn | Grunnleggende norsk for språklige minoriteter, nivå 2, 4. årstrinn | Grunnleggende norsk for språklige minoriteter, nivå 2, 5. årstrinn | Grunnleggende norsk for språklige minoriteter, nivå 2, 6. årstrinn | Grunnleggende norsk for språklige minoriteter, nivå 2, 7. årstrinn | Grunnleggende norsk for språklige minoriteter, nivå 2, 8. årstrinn | Grunnleggende norsk for språklige minoriteter, nivå 2, 9. årstrinn | Grunnleggende norsk for språklige minoriteter, nivå 2, 10. årstrinn | Grunnleggende norsk for språklige minoriteter, nivå 2, vg1 studieforberedende utdanningsprogram | Grunnleggende norsk for språklige minoriteter, nivå 2, vg2 studieforberedende utdanningsprogram | Grunnleggende norsk for språklige minoriteter, nivå 2, vg3 studieforberedende utdanningsprogram | Grunnleggende norsk for språklige minoriteter, nivå 2, vg1 yrkesfaglige utdanningsprogram | Grunnleggende norsk for språklige minoriteter, nivå 2, vg2 yrkesfaglige utdanningsprogram | Grunnleggende norsk for språklige minoriteter, nivå 2, vg3 påbygging til generell studiekompetanse",Første årstrinn | Andre årstrinn | Tredje årstrinn | Fjerde årstrinn | Femte årstrinn | Sjette årstrinn | Syvende årstrinn | Åttende årstrinn | Niende årstrinn | Tiende årstrinn | Videregående trinn 1 | Videregående trinn 2 | Videregående trinn 3 | Påbygging til generell studiekompetanse,status_publisert,skrive og strukturere ulike tekster,,skrive og strukturere ulike tekster,,nei,,KM1115
http://psi.udir.no/kl06/KM15080,KM15080,NOR07,03,Læreplan i grunnleggende norsk for språklige minoriteter,"Grunnleggende norsk for språklige minoriteter, nivå 2, 1. årstrinn | Grunnleggende norsk for språklige minoriteter, nivå 2, 2. årstrinn | Grunnleggende norsk for språklige minoriteter, nivå 2, 3. årstrinn | Grunnleggende norsk for språklige minoriteter, nivå 2, 4. årstrinn | Grunnleggende norsk for språklige minoriteter, nivå 2, 5. årstrinn | Grunnleggende norsk for språklige minoriteter, nivå 2, 6. årstrinn | Grunnleggende norsk for språklige minoriteter, nivå 2, 7. årstrinn | Grunnleggende norsk for språklige minoriteter, nivå 2, 8. årstrinn | Grunnleggende norsk for språklige minoriteter, nivå 2, 9. årstrinn | Grunnleggende norsk for språklige minoriteter, nivå 2, 10. årstrinn | Grunnleggende norsk for språklige minoriteter, nivå 2, vg1 studieforberedende utdanningsprogram | Grunnleggende norsk for språklige minoriteter, nivå 2, vg2 studieforberedende utdanningsprogram | Grunnleggende norsk for språklige minoriteter, nivå 2, vg3 studieforberedende utdanningsprogram | Grunnleggende norsk for språklige minoriteter, nivå 2, vg1 yrkesfaglige utdanningsprogram | Grunnleggende norsk for språklige minoriteter, nivå 2, vg2 yrkesfaglige utdanningsprogram | Grunnleggende norsk for språklige minoriteter, nivå 2, vg3 påbygging til generell studiekompetanse",Første årstrinn | Andre årstrinn | Tredje årstrinn | Fjerde årstrinn | Femte årstrinn | Sjette årstrinn | Syvende årstrinn | Åttende årstrinn | Niende årstrinn | Tiende årstrinn | Videregående trinn 1 | Videregående trinn 2 | Videregående trinn 3 | Påbygging til generell studiekompetanse,status_publisert,bruke digitale ressurser og verktøy i kommunikasjon og læringsarbeid,,bruke digitale ressurser og verktøy i kommunikasjon og læringsarbeid,,nei,,KM1106
http://psi.udir.no/kl06/KM15082,KM15082,NOR07,03,Læreplan i grunnleggende norsk for språklige minoriteter,"Grunnleggende norsk for språklige minoriteter, nivå 2, 1. årstrinn | Grunnleggende norsk for språklige minoriteter, nivå 2, 2. årstrinn | Grunnleggende norsk for språklige minoriteter, nivå 2, 3. årstrinn | Grunnleggende norsk for språklige minoriteter, nivå 2, 4. årstrinn | Grunnleggende norsk for språklige minoriteter, nivå 2, 5. årstrinn | Grunnleggende norsk for språklige minoriteter, nivå 2, 6. årstrinn | Grunnleggende norsk for språklige minoriteter, nivå 2, 7. årstrinn | Grunnleggende norsk for språklige minoriteter, nivå 2, 8. årstrinn | Grunnleggende norsk for språklige minoriteter, nivå 2, 9. årstrinn | Grunnleggende norsk for språklige minoriteter, nivå 2, 10. årstrinn | Grunnleggende norsk for språklige minoriteter, nivå 2, vg1 studieforberedende utdanningsprogram | Grunnleggende norsk for språklige minoriteter, nivå 2, vg2 studieforberedende utdanningsprogram | Grunnleggende norsk for språklige minoriteter, nivå 2, vg3 studieforberedende utdanningsprogram | Grunnleggende norsk for språklige minoriteter, nivå 2, vg1 yrkesfaglige utdanningsprogram | Grunnleggende norsk for språklige minoriteter, nivå 2, vg2 yrkesfaglige utdanningsprogram | Grunnleggende norsk for språklige minoriteter, nivå 2, vg3 påbygging til generell studiekompetanse",Første årstrinn | Andre årstrinn | Tredje årstrinn | Fjerde årstrinn | Femte årstrinn | Sjette årstrinn | Syvende årstrinn | Åttende årstrinn | Niende årstrinn | Tiende årstrinn | Videregående trinn 1 | Videregående trinn 2 | Videregående trinn 3 | Påbygging til generell studiekompetanse,status_publisert,samtale om hvordan språk kan uttrykke og skape holdninger,,samtale om hvordan språk kan uttrykke og skape holdninger,,nei,,KM1080
http://psi.udir.no/kl06/KM15086,KM15086,NOR07,03,Læreplan i grunnleggende norsk for språklige minoriteter,"Grunnleggende norsk for språklige minoriteter, nivå 2, 1. årstrinn | Grunnleggende norsk for språklige minoriteter, nivå 2, 2. årstrinn | Grunnleggende norsk for språklige minoriteter, nivå 2, 3. årstrinn | Grunnleggende norsk for språklige minoriteter, nivå 2, 4. årstrinn | Grunnleggende norsk for språklige minoriteter, nivå 2, 5. årstrinn | Grunnleggende norsk for språklige minoriteter, nivå 2, 6. årstrinn | Grunnleggende norsk for språklige minoriteter, nivå 2, 7. årstrinn | Grunnleggende norsk for språklige minoriteter, nivå 2, 8. årstrinn | Grunnleggende norsk for språklige minoriteter, nivå 2, 9. årstrinn | Grunnleggende norsk for språklige minoriteter, nivå 2, 10. årstrinn | Grunnleggende norsk for språklige minoriteter, nivå 2, vg1 studieforberedende utdanningsprogram | Grunnleggende norsk for språklige minoriteter, nivå 2, vg2 studieforberedende utdanningsprogram | Grunnleggende norsk for språklige minoriteter, nivå 2, vg3 studieforberedende utdanningsprogram | Grunnleggende norsk for språklige minoriteter, nivå 2, vg1 yrkesfaglige utdanningsprogram | Grunnleggende norsk for språklige minoriteter, nivå 2, vg2 yrkesfaglige utdanningsprogram | Grunnleggende norsk for språklige minoriteter, nivå 2, vg3 påbygging til generell studiekompetanse",Første årstrinn | Andre årstrinn | Tredje årstrinn | Fjerde årstrinn | Femte årstrinn | Sjette årstrinn | Syvende årstrinn | Åttende årstrinn | Niende årstrinn | Tiende årstrinn | Videregående trinn 1 | Videregående trinn 2 | Videregående trinn 3 | Påbygging til generell studiekompetanse,status_publisert,samtale om språklig variasjon og mangfold i Norge,,samtale om språklig variasjon og mangfold i Norge,,nei,,KM1073
http://psi.udir.no/kl06/KM15083,KM15083,NOR07,03,Læreplan i grunnleggende norsk for språklige minoriteter,"Grunnleggende norsk for språklige minoriteter, nivå 2, 1. årstrinn | Grunnleggende norsk for språklige minoriteter, nivå 2, 2. årstrinn | Grunnleggende norsk for språklige minoriteter, nivå 2, 3. årstrinn | Grunnleggende norsk for språklige minoriteter, nivå 2, 4. årstrinn | Grunnleggende norsk for språklige minoriteter, nivå 2, 5. årstrinn | Grunnleggende norsk for språklige minoriteter, nivå 2, 6. årstrinn | Grunnleggende norsk for språklige minoriteter, nivå 2, 7. årstrinn | Grunnleggende norsk for språklige minoriteter, nivå 2, 8. årstrinn | Grunnleggende norsk for språklige minoriteter, nivå 2, 9. årstrinn | Grunnleggende norsk for språklige minoriteter, nivå 2, 10. årstrinn | Grunnleggende norsk for språklige minoriteter, nivå 2, vg1 studieforberedende utdanningsprogram | Grunnleggende norsk for språklige minoriteter, nivå 2, vg2 studieforberedende utdanningsprogram | Grunnleggende norsk for språklige minoriteter, nivå 2, vg3 studieforberedende utdanningsprogram | Grunnleggende norsk for språklige minoriteter, nivå 2, vg1 yrkesfaglige utdanningsprogram | Grunnleggende norsk for språklige minoriteter, nivå 2, vg2 yrkesfaglige utdanningsprogram | Grunnleggende norsk for språklige minoriteter, nivå 2, vg3 påbygging til generell studiekompetanse",Første årstrinn | Andre årstrinn | Tredje årstrinn | Fjerde årstrinn | Femte årstrinn | Sjette årstrinn | Syvende årstrinn | Åttende årstrinn | Niende årstrinn | Tiende årstrinn | Videregående trinn 1 | Videregående trinn 2 | Videregående trinn 3 | Påbygging til generell studiekompetanse,status_publisert,beskrive kunst- og kulturuttrykk fra ulike land og kulturer og samtale om likheter og forskjeller,,beskrive kunst- og kulturuttrykk fra ulike land og kulturer og samtale om likheter og forskjeller,,nei,,KM1070
http://psi.udir.no/kl06/KM15087,KM15087,NOR07,03,Læreplan i grunnleggende norsk for språklige minoriteter,"Grunnleggende norsk for språklige minoriteter, nivå 3, 1. årstrinn | Grunnleggende norsk for språklige minoriteter, nivå 3, 2. årstrinn | Grunnleggende norsk for språklige minoriteter, nivå 3, 3. årstrinn | Grunnleggende norsk for språklige minoriteter, nivå 3, 4. årstrinn | Grunnleggende norsk for språklige minoriteter, nivå 3, 5. årstrinn | Grunnleggende norsk for språklige minoriteter, nivå 3, 6. årstrinn | Grunnleggende norsk for språklige minoriteter, nivå 3, 7. årstrinn | Grunnleggende norsk for språklige minoriteter, nivå 3, 8. årstrinn | Grunnleggende norsk for språklige minoriteter, nivå 3, 9. årstrinn | Grunnleggende norsk for språklige minoriteter, nivå 3, 10. årstrinn | Grunnleggende norsk for språklige minoriteter, nivå 3, vg1 studieforberedende utdanningsprogram | Grunnleggende norsk for språklige minoriteter, nivå 3, vg2 studieforberedende utdanningsprogram | Grunnleggende norsk for språklige minoriteter, nivå 3, vg3 studieforberedende utdanningsprogram | Grunnleggende norsk for språklige minoriteter, nivå 3, vg1 yrkesfaglige utdanningsprogram | Grunnleggende norsk for språklige minoriteter, nivå 3, vg2 yrkesfaglige utdanningsprogram | Grunnleggende norsk for språklige minoriteter, nivå 3, vg3 påbygging til generell studiekompetanse",Første årstrinn | Andre årstrinn | Tredje årstrinn | Fjerde årstrinn | Femte årstrinn | Sjette årstrinn | Syvende årstrinn | Åttende årstrinn | Niende årstrinn | Tiende årstrinn | Videregående trinn 1 | Videregående trinn 2 | Videregående trinn 3 | Påbygging til generell studiekompetanse,status_publisert,snakke norsk med funksjonell uttale,,snakke norsk med funksjonell uttale,,nei,,KM1074
http://psi.udir.no/kl06/KM15104,KM15104,NOR07,03,Læreplan i grunnleggende norsk for språklige minoriteter,"Grunnleggende norsk for språklige minoriteter, nivå 3, 1. årstrinn | Grunnleggende norsk for språklige minoriteter, nivå 3, 2. årstrinn | Grunnleggende norsk for språklige minoriteter, nivå 3, 3. årstrinn | Grunnleggende norsk for språklige minoriteter, nivå 3, 4. årstrinn | Grunnleggende norsk for språklige minoriteter, nivå 3, 5. årstrinn | Grunnleggende norsk for språklige minoriteter, nivå 3, 6. årstrinn | Grunnleggende norsk for språklige minoriteter, nivå 3, 7. årstrinn | Grunnleggende norsk for språklige minoriteter, nivå 3, 8. årstrinn | Grunnleggende norsk for språklige minoriteter, nivå 3, 9. årstrinn | Grunnleggende norsk for språklige minoriteter, nivå 3, 10. årstrinn | Grunnleggende norsk for språklige minoriteter, nivå 3, vg1 studieforberedende utdanningsprogram | Grunnleggende norsk for språklige minoriteter, nivå 3, vg2 studieforberedende utdanningsprogram | Grunnleggende norsk for språklige minoriteter, nivå 3, vg3 studieforberedende utdanningsprogram | Grunnleggende norsk for språklige minoriteter, nivå 3, vg1 yrkesfaglige utdanningsprogram | Grunnleggende norsk for språklige minoriteter, nivå 3, vg2 yrkesfaglige utdanningsprogram | Grunnleggende norsk for språklige minoriteter, nivå 3, vg3 påbygging til generell studiekompetanse",Første årstrinn | Andre årstrinn | Tredje årstrinn | Fjerde årstrinn | Femte årstrinn | Sjette årstrinn | Syvende årstrinn | Åttende årstrinn | Niende årstrinn | Tiende årstrinn | Videregående trinn 1 | Videregående trinn 2 | Videregående trinn 3 | Påbygging til generell studiekompetanse,status_publisert,gjenfortelle hovedinnholdet i muntlige tekster,,gjenfortelle hovedinnholdet i muntlige tekster,,nei,,KM1091
http://psi.udir.no/kl06/KM15088,KM15088,NOR07,03,Læreplan i grunnleggende norsk for språklige minoriteter,"Grunnleggende norsk for språklige minoriteter, nivå 3, 1. årstrinn | Grunnleggende norsk for språklige minoriteter, nivå 3, 2. årstrinn | Grunnleggende norsk for språklige minoriteter, nivå 3, 3. årstrinn | Grunnleggende norsk for språklige minoriteter, nivå 3, 4. årstrinn | Grunnleggende norsk for språklige minoriteter, nivå 3, 5. årstrinn | Grunnleggende norsk for språklige minoriteter, nivå 3, 6. årstrinn | Grunnleggende norsk for språklige minoriteter, nivå 3, 7. årstrinn | Grunnleggende norsk for språklige minoriteter, nivå 3, 8. årstrinn | Grunnleggende norsk for språklige minoriteter, nivå 3, 9. årstrinn | Grunnleggende norsk for språklige minoriteter, nivå 3, 10. årstrinn | Grunnleggende norsk for språklige minoriteter, nivå 3, vg1 studieforberedende utdanningsprogram | Grunnleggende norsk for språklige minoriteter, nivå 3, vg2 studieforberedende utdanningsprogram | Grunnleggende norsk for språklige minoriteter, nivå 3, vg3 studieforberedende utdanningsprogram | Grunnleggende norsk for språklige minoriteter, nivå 3, vg1 yrkesfaglige utdanningsprogram | Grunnleggende norsk for språklige minoriteter, nivå 3, vg2 yrkesfaglige utdanningsprogram | Grunnleggende norsk for språklige minoriteter, nivå 3, vg3 påbygging til generell studiekompetanse",Første årstrinn | Andre årstrinn | Tredje årstrinn | Fjerde årstrinn | Femte årstrinn | Sjette årstrinn | Syvende årstrinn | Åttende årstrinn | Niende årstrinn | Tiende årstrinn | Videregående trinn 1 | Videregående trinn 2 | Videregående trinn 3 | Påbygging til generell studiekompetanse,status_publisert,uttrykke seg med sammenheng,,uttrykke seg med sammenheng,,nei,,KM1075
http://psi.udir.no/kl06/KM15090,KM15090,NOR07,03,Læreplan i grunnleggende norsk for språklige minoriteter,"Grunnleggende norsk for språklige minoriteter, nivå 3, 1. årstrinn | Grunnleggende norsk for språklige minoriteter, nivå 3, 2. årstrinn | Grunnleggende norsk for språklige minoriteter, nivå 3, 3. årstrinn | Grunnleggende norsk for språklige minoriteter, nivå 3, 4. årstrinn | Grunnleggende norsk for språklige minoriteter, nivå 3, 5. årstrinn | Grunnleggende norsk for språklige minoriteter, nivå 3, 6. årstrinn | Grunnleggende norsk for språklige minoriteter, nivå 3, 7. årstrinn | Grunnleggende norsk for språklige minoriteter, nivå 3, 8. årstrinn | Grunnleggende norsk for språklige minoriteter, nivå 3, 9. årstrinn | Grunnleggende norsk for språklige minoriteter, nivå 3, 10. årstrinn | Grunnleggende norsk for språklige minoriteter, nivå 3, vg1 studieforberedende utdanningsprogram | Grunnleggende norsk for språklige minoriteter, nivå 3, vg2 studieforberedende utdanningsprogram | Grunnleggende norsk for språklige minoriteter, nivå 3, vg3 studieforberedende utdanningsprogram | Grunnleggende norsk for språklige minoriteter, nivå 3, vg1 yrkesfaglige utdanningsprogram | Grunnleggende norsk for språklige minoriteter, nivå 3, vg2 yrkesfaglige utdanningsprogram | Grunnleggende norsk for språklige minoriteter, nivå 3, vg3 påbygging til generell studiekompetanse",Første årstrinn | Andre årstrinn | Tredje årstrinn | Fjerde årstrinn | Femte årstrinn | Sjette årstrinn | Syvende årstrinn | Åttende årstrinn | Niende årstrinn | Tiende årstrinn | Videregående trinn 1 | Videregående trinn 2 | Videregående trinn 3 | Påbygging til generell studiekompetanse,status_publisert,følge opp og bygge videre på andres samtalebidrag i hverdagslige og faglige samtaler,,følge opp og bygge videre på andres samtalebidrag i hverdagslige og faglige samtaler,,nei,,KM1077
http://psi.udir.no/kl06/KM15091,KM15091,NOR07,03,Læreplan i grunnleggende norsk for språklige minoriteter,"Grunnleggende norsk for språklige minoriteter, nivå 3, 1. årstrinn | Grunnleggende norsk for språklige minoriteter, nivå 3, 2. årstrinn | Grunnleggende norsk for språklige minoriteter, nivå 3, 3. årstrinn | Grunnleggende norsk for språklige minoriteter, nivå 3, 4. årstrinn | Grunnleggende norsk for språklige minoriteter, nivå 3, 5. årstrinn | Grunnleggende norsk for språklige minoriteter, nivå 3, 6. årstrinn | Grunnleggende norsk for språklige minoriteter, nivå 3, 7. årstrinn | Grunnleggende norsk for språklige minoriteter, nivå 3, 8. årstrinn | Grunnleggende norsk for språklige minoriteter, nivå 3, 9. årstrinn | Grunnleggende norsk for språklige minoriteter, nivå 3, 10. årstrinn | Grunnleggende norsk for språklige minoriteter, nivå 3, vg1 studieforberedende utdanningsprogram | Grunnleggende norsk for språklige minoriteter, nivå 3, vg2 studieforberedende utdanningsprogram | Grunnleggende norsk for språklige minoriteter, nivå 3, vg3 studieforberedende utdanningsprogram | Grunnleggende norsk for språklige minoriteter, nivå 3, vg1 yrkesfaglige utdanningsprogram | Grunnleggende norsk for språklige minoriteter, nivå 3, vg2 yrkesfaglige utdanningsprogram | Grunnleggende norsk for språklige minoriteter, nivå 3, vg3 påbygging til generell studiekompetanse",Første årstrinn | Andre årstrinn | Tredje årstrinn | Fjerde årstrinn | Femte årstrinn | Sjette årstrinn | Syvende årstrinn | Åttende årstrinn | Niende årstrinn | Tiende årstrinn | Videregående trinn 1 | Videregående trinn 2 | Videregående trinn 3 | Påbygging til generell studiekompetanse,status_publisert,bruke et faglig ordforråd,,bruke et faglig ordforråd,,nei,,KM1078
http://psi.udir.no/kl06/KM15089,KM15089,NOR07,03,Læreplan i grunnleggende norsk for språklige minoriteter,"Grunnleggende norsk for språklige minoriteter, nivå 3, 1. årstrinn | Grunnleggende norsk for språklige minoriteter, nivå 3, 2. årstrinn | Grunnleggende norsk for språklige minoriteter, nivå 3, 3. årstrinn | Grunnleggende norsk for språklige minoriteter, nivå 3, 4. årstrinn | Grunnleggende norsk for språklige minoriteter, nivå 3, 5. årstrinn | Grunnleggende norsk for språklige minoriteter, nivå 3, 6. årstrinn | Grunnleggende norsk for språklige minoriteter, nivå 3, 7. årstrinn | Grunnleggende norsk for språklige minoriteter, nivå 3, 8. årstrinn | Grunnleggende norsk for språklige minoriteter, nivå 3, 9. årstrinn | Grunnleggende norsk for språklige minoriteter, nivå 3, 10. årstrinn | Grunnleggende norsk for språklige minoriteter, nivå 3, vg1 studieforberedende utdanningsprogram | Grunnleggende norsk for språklige minoriteter, nivå 3, vg2 studieforberedende utdanningsprogram | Grunnleggende norsk for språklige minoriteter, nivå 3, vg3 studieforberedende utdanningsprogram | Grunnleggende norsk for språklige minoriteter, nivå 3, vg1 yrkesfaglige utdanningsprogram | Grunnleggende norsk for språklige minoriteter, nivå 3, vg2 yrkesfaglige utdanningsprogram | Grunnleggende norsk for språklige minoriteter, nivå 3, vg3 påbygging til generell studiekompetanse",Første årstrinn | Andre årstrinn | Tredje årstrinn | Fjerde årstrinn | Femte årstrinn | Sjette årstrinn | Syvende årstrinn | Åttende årstrinn | Niende årstrinn | Tiende årstrinn | Videregående trinn 1 | Videregående trinn 2 | Videregående trinn 3 | Påbygging til generell studiekompetanse,status_publisert,begrunne og argumentere for egne meninger muntlig og skriftlig,,begrunne og argumentere for egne meninger muntlig og skriftlig,,nei,,KM1076
http://psi.udir.no/kl06/KM15092,KM15092,NOR07,03,Læreplan i grunnleggende norsk for språklige minoriteter,"Grunnleggende norsk for språklige minoriteter, nivå 3, 1. årstrinn | Grunnleggende norsk for språklige minoriteter, nivå 3, 2. årstrinn | Grunnleggende norsk for språklige minoriteter, nivå 3, 3. årstrinn | Grunnleggende norsk for språklige minoriteter, nivå 3, 4. årstrinn | Grunnleggende norsk for språklige minoriteter, nivå 3, 5. årstrinn | Grunnleggende norsk for språklige minoriteter, nivå 3, 6. årstrinn | Grunnleggende norsk for språklige minoriteter, nivå 3, 7. årstrinn | Grunnleggende norsk for språklige minoriteter, nivå 3, 8. årstrinn | Grunnleggende norsk for språklige minoriteter, nivå 3, 9. årstrinn | Grunnleggende norsk for språklige minoriteter, nivå 3, 10. årstrinn | Grunnleggende norsk for språklige minoriteter, nivå 3, vg1 studieforberedende utdanningsprogram | Grunnleggende norsk for språklige minoriteter, nivå 3, vg2 studieforberedende utdanningsprogram | Grunnleggende norsk for språklige minoriteter, nivå 3, vg3 studieforberedende utdanningsprogram | Grunnleggende norsk for språklige minoriteter, nivå 3, vg1 yrkesfaglige utdanningsprogram | Grunnleggende norsk for språklige minoriteter, nivå 3, vg2 yrkesfaglige utdanningsprogram | Grunnleggende norsk for språklige minoriteter, nivå 3, vg3 påbygging til generell studiekompetanse",Første årstrinn | Andre årstrinn | Tredje årstrinn | Fjerde årstrinn | Femte årstrinn | Sjette årstrinn | Syvende årstrinn | Åttende årstrinn | Niende årstrinn | Tiende årstrinn | Videregående trinn 1 | Videregående trinn 2 | Videregående trinn 3 | Påbygging til generell studiekompetanse,status_publisert,gjenkjenne virkemidler i ulike muntlige og skriftlige sjangre,,gjenkjenne virkemidler i ulike muntlige og skriftlige sjangre,,nei,,KM1079
http://psi.udir.no/kl06/KM15093,KM15093,NOR07,03,Læreplan i grunnleggende norsk for språklige minoriteter,"Grunnleggende norsk for språklige minoriteter, nivå 3, 1. årstrinn | Grunnleggende norsk for språklige minoriteter, nivå 3, 2. årstrinn | Grunnleggende norsk for språklige minoriteter, nivå 3, 3. årstrinn | Grunnleggende norsk for språklige minoriteter, nivå 3, 4. årstrinn | Grunnleggende norsk for språklige minoriteter, nivå 3, 5. årstrinn | Grunnleggende norsk for språklige minoriteter, nivå 3, 6. årstrinn | Grunnleggende norsk for språklige minoriteter, nivå 3, 7. årstrinn | Grunnleggende norsk for språklige minoriteter, nivå 3, 8. årstrinn | Grunnleggende norsk for språklige minoriteter, nivå 3, 9. årstrinn | Grunnleggende norsk for språklige minoriteter, nivå 3, 10. årstrinn | Grunnleggende norsk for språklige minoriteter, nivå 3, vg1 studieforberedende utdanningsprogram | Grunnleggende norsk for språklige minoriteter, nivå 3, vg2 studieforberedende utdanningsprogram | Grunnleggende norsk for språklige minoriteter, nivå 3, vg3 studieforberedende utdanningsprogram | Grunnleggende norsk for språklige minoriteter, nivå 3, vg1 yrkesfaglige utdanningsprogram | Grunnleggende norsk for språklige minoriteter, nivå 3, vg2 yrkesfaglige utdanningsprogram | Grunnleggende norsk for språklige minoriteter, nivå 3, vg3 påbygging til generell studiekompetanse",Første årstrinn | Andre årstrinn | Tredje årstrinn | Fjerde årstrinn | Femte årstrinn | Sjette årstrinn | Syvende årstrinn | Åttende årstrinn | Niende årstrinn | Tiende årstrinn | Videregående trinn 1 | Videregående trinn 2 | Videregående trinn 3 | Påbygging til generell studiekompetanse,status_publisert,utforske vanlige former for tvetydig kommunikasjon i norsk,,utforske vanlige former for tvetydig kommunikasjon i norsk,,nei,,KM1081
http://psi.udir.no/kl06/KM15094,KM15094,NOR07,03,Læreplan i grunnleggende norsk for språklige minoriteter,"Grunnleggende norsk for språklige minoriteter, nivå 3, 1. årstrinn | Grunnleggende norsk for språklige minoriteter, nivå 3, 2. årstrinn | Grunnleggende norsk for språklige minoriteter, nivå 3, 3. årstrinn | Grunnleggende norsk for språklige minoriteter, nivå 3, 4. årstrinn | Grunnleggende norsk for språklige minoriteter, nivå 3, 5. årstrinn | Grunnleggende norsk for språklige minoriteter, nivå 3, 6. årstrinn | Grunnleggende norsk for språklige minoriteter, nivå 3, 7. årstrinn | Grunnleggende norsk for språklige minoriteter, nivå 3, 8. årstrinn | Grunnleggende norsk for språklige minoriteter, nivå 3, 9. årstrinn | Grunnleggende norsk for språklige minoriteter, nivå 3, 10. årstrinn | Grunnleggende norsk for språklige minoriteter, nivå 3, vg1 studieforberedende utdanningsprogram | Grunnleggende norsk for språklige minoriteter, nivå 3, vg2 studieforberedende utdanningsprogram | Grunnleggende norsk for språklige minoriteter, nivå 3, vg3 studieforberedende utdanningsprogram | Grunnleggende norsk for språklige minoriteter, nivå 3, vg1 yrkesfaglige utdanningsprogram | Grunnleggende norsk for språklige minoriteter, nivå 3, vg2 yrkesfaglige utdanningsprogram | Grunnleggende norsk for språklige minoriteter, nivå 3, vg3 påbygging til generell studiekompetanse",Første årstrinn | Andre årstrinn | Tredje årstrinn | Fjerde årstrinn | Femte årstrinn | Sjette årstrinn | Syvende årstrinn | Åttende årstrinn | Niende årstrinn | Tiende årstrinn | Videregående trinn 1 | Videregående trinn 2 | Videregående trinn 3 | Påbygging til generell studiekompetanse,status_publisert,"bruke sentrale regler for rettskriving, formverk og setningsstruktur",,"bruke sentrale regler for rettskriving, formverk og setningsstruktur",,nei,,KM1092
http://psi.udir.no/kl06/KM15105,KM15105,NOR07,03,Læreplan i grunnleggende norsk for språklige minoriteter,"Grunnleggende norsk for språklige minoriteter, nivå 3, 1. årstrinn | Grunnleggende norsk for språklige minoriteter, nivå 3, 2. årstrinn | Grunnleggende norsk for språklige minoriteter, nivå 3, 3. årstrinn | Grunnleggende norsk for språklige minoriteter, nivå 3, 4. årstrinn | Grunnleggende norsk for språklige minoriteter, nivå 3, 5. årstrinn | Grunnleggende norsk for språklige minoriteter, nivå 3, 6. årstrinn | Grunnleggende norsk for språklige minoriteter, nivå 3, 7. årstrinn | Grunnleggende norsk for språklige minoriteter, nivå 3, 8. årstrinn | Grunnleggende norsk for språklige minoriteter, nivå 3, 9. årstrinn | Grunnleggende norsk for språklige minoriteter, nivå 3, 10. årstrinn | Grunnleggende norsk for språklige minoriteter, nivå 3, vg1 studieforberedende utdanningsprogram | Grunnleggende norsk for språklige minoriteter, nivå 3, vg2 studieforberedende utdanningsprogram | Grunnleggende norsk for språklige minoriteter, nivå 3, vg3 studieforberedende utdanningsprogram | Grunnleggende norsk for språklige minoriteter, nivå 3, vg1 yrkesfaglige utdanningsprogram | Grunnleggende norsk for språklige minoriteter, nivå 3, vg2 yrkesfaglige utdanningsprogram | Grunnleggende norsk for språklige minoriteter, nivå 3, vg3 påbygging til generell studiekompetanse",Første årstrinn | Andre årstrinn | Tredje årstrinn | Fjerde årstrinn | Femte årstrinn | Sjette årstrinn | Syvende årstrinn | Åttende årstrinn | Niende årstrinn | Tiende årstrinn | Videregående trinn 1 | Videregående trinn 2 | Videregående trinn 3 | Påbygging til generell studiekompetanse,status_publisert,reflektere over egen flerspråklighet og dens betydning for egen læring av fag og språk,,reflektere over egen flerspråklighet og dens betydning for egen læring av fag og språk,,nei,,KM1093
http://psi.udir.no/kl06/KM15098,KM15098,NOR07,03,Læreplan i grunnleggende norsk for språklige minoriteter,"Grunnleggende norsk for språklige minoriteter, nivå 3, 1. årstrinn | Grunnleggende norsk for språklige minoriteter, nivå 3, 2. årstrinn | Grunnleggende norsk for språklige minoriteter, nivå 3, 3. årstrinn | Grunnleggende norsk for språklige minoriteter, nivå 3, 4. årstrinn | Grunnleggende norsk for språklige minoriteter, nivå 3, 5. årstrinn | Grunnleggende norsk for språklige minoriteter, nivå 3, 6. årstrinn | Grunnleggende norsk for språklige minoriteter, nivå 3, 7. årstrinn | Grunnleggende norsk for språklige minoriteter, nivå 3, 8. årstrinn | Grunnleggende norsk for språklige minoriteter, nivå 3, 9. årstrinn | Grunnleggende norsk for språklige minoriteter, nivå 3, 10. årstrinn | Grunnleggende norsk for språklige minoriteter, nivå 3, vg1 studieforberedende utdanningsprogram | Grunnleggende norsk for språklige minoriteter, nivå 3, vg2 studieforberedende utdanningsprogram | Grunnleggende norsk for språklige minoriteter, nivå 3, vg3 studieforberedende utdanningsprogram | Grunnleggende norsk for språklige minoriteter, nivå 3, vg1 yrkesfaglige utdanningsprogram | Grunnleggende norsk for språklige minoriteter, nivå 3, vg2 yrkesfaglige utdanningsprogram | Grunnleggende norsk for språklige minoriteter, nivå 3, vg3 påbygging til generell studiekompetanse",Første årstrinn | Andre årstrinn | Tredje årstrinn | Fjerde årstrinn | Femte årstrinn | Sjette årstrinn | Syvende årstrinn | Åttende årstrinn | Niende årstrinn | Tiende årstrinn | Videregående trinn 1 | Videregående trinn 2 | Videregående trinn 3 | Påbygging til generell studiekompetanse,status_publisert,"reflektere over innhold, form og formål i ulike tekster",,"reflektere over innhold, form og formål i ulike tekster",,nei,,KM1085
http://psi.udir.no/kl06/KM15100,KM15100,NOR07,03,Læreplan i grunnleggende norsk for språklige minoriteter,"Grunnleggende norsk for språklige minoriteter, nivå 3, 1. årstrinn | Grunnleggende norsk for språklige minoriteter, nivå 3, 2. årstrinn | Grunnleggende norsk for språklige minoriteter, nivå 3, 3. årstrinn | Grunnleggende norsk for språklige minoriteter, nivå 3, 4. årstrinn | Grunnleggende norsk for språklige minoriteter, nivå 3, 5. årstrinn | Grunnleggende norsk for språklige minoriteter, nivå 3, 6. årstrinn | Grunnleggende norsk for språklige minoriteter, nivå 3, 7. årstrinn | Grunnleggende norsk for språklige minoriteter, nivå 3, 8. årstrinn | Grunnleggende norsk for språklige minoriteter, nivå 3, 9. årstrinn | Grunnleggende norsk for språklige minoriteter, nivå 3, 10. årstrinn | Grunnleggende norsk for språklige minoriteter, nivå 3, vg1 studieforberedende utdanningsprogram | Grunnleggende norsk for språklige minoriteter, nivå 3, vg2 studieforberedende utdanningsprogram | Grunnleggende norsk for språklige minoriteter, nivå 3, vg3 studieforberedende utdanningsprogram | Grunnleggende norsk for språklige minoriteter, nivå 3, vg1 yrkesfaglige utdanningsprogram | Grunnleggende norsk for språklige minoriteter, nivå 3, vg2 yrkesfaglige utdanningsprogram | Grunnleggende norsk for språklige minoriteter, nivå 3, vg3 påbygging til generell studiekompetanse",Første årstrinn | Andre årstrinn | Tredje årstrinn | Fjerde årstrinn | Femte årstrinn | Sjette årstrinn | Syvende årstrinn | Åttende årstrinn | Niende årstrinn | Tiende årstrinn | Videregående trinn 1 | Videregående trinn 2 | Videregående trinn 3 | Påbygging til generell studiekompetanse,status_publisert,"bruke strategier som støtter innlæring av språklig innhold, form og bruk i norsk",,"bruke strategier som støtter innlæring av språklig innhold, form og bruk i norsk",,nei,,KM1087
http://psi.udir.no/kl06/KM15096,KM15096,NOR07,03,Læreplan i grunnleggende norsk for språklige minoriteter,"Grunnleggende norsk for språklige minoriteter, nivå 3, 1. årstrinn | Grunnleggende norsk for språklige minoriteter, nivå 3, 2. årstrinn | Grunnleggende norsk for språklige minoriteter, nivå 3, 3. årstrinn | Grunnleggende norsk for språklige minoriteter, nivå 3, 4. årstrinn | Grunnleggende norsk for språklige minoriteter, nivå 3, 5. årstrinn | Grunnleggende norsk for språklige minoriteter, nivå 3, 6. årstrinn | Grunnleggende norsk for språklige minoriteter, nivå 3, 7. årstrinn | Grunnleggende norsk for språklige minoriteter, nivå 3, 8. årstrinn | Grunnleggende norsk for språklige minoriteter, nivå 3, 9. årstrinn | Grunnleggende norsk for språklige minoriteter, nivå 3, 10. årstrinn | Grunnleggende norsk for språklige minoriteter, nivå 3, vg1 studieforberedende utdanningsprogram | Grunnleggende norsk for språklige minoriteter, nivå 3, vg2 studieforberedende utdanningsprogram | Grunnleggende norsk for språklige minoriteter, nivå 3, vg3 studieforberedende utdanningsprogram | Grunnleggende norsk for språklige minoriteter, nivå 3, vg1 yrkesfaglige utdanningsprogram | Grunnleggende norsk for språklige minoriteter, nivå 3, vg2 yrkesfaglige utdanningsprogram | Grunnleggende norsk for språklige minoriteter, nivå 3, vg3 påbygging til generell studiekompetanse",Første årstrinn | Andre årstrinn | Tredje årstrinn | Fjerde årstrinn | Femte årstrinn | Sjette årstrinn | Syvende årstrinn | Åttende årstrinn | Niende årstrinn | Tiende årstrinn | Videregående trinn 1 | Videregående trinn 2 | Videregående trinn 3 | Påbygging til generell studiekompetanse,status_publisert,"lese for å oppleve, få innsikt og lære",,"lese for å oppleve, få innsikt og lære",,nei,,KM1083
http://psi.udir.no/kl06/KM15097,KM15097,NOR07,03,Læreplan i grunnleggende norsk for språklige minoriteter,"Grunnleggende norsk for språklige minoriteter, nivå 3, 1. årstrinn | Grunnleggende norsk for språklige minoriteter, nivå 3, 2. årstrinn | Grunnleggende norsk for språklige minoriteter, nivå 3, 3. årstrinn | Grunnleggende norsk for språklige minoriteter, nivå 3, 4. årstrinn | Grunnleggende norsk for språklige minoriteter, nivå 3, 5. årstrinn | Grunnleggende norsk for språklige minoriteter, nivå 3, 6. årstrinn | Grunnleggende norsk for språklige minoriteter, nivå 3, 7. årstrinn | Grunnleggende norsk for språklige minoriteter, nivå 3, 8. årstrinn | Grunnleggende norsk for språklige minoriteter, nivå 3, 9. årstrinn | Grunnleggende norsk for språklige minoriteter, nivå 3, 10. årstrinn | Grunnleggende norsk for språklige minoriteter, nivå 3, vg1 studieforberedende utdanningsprogram | Grunnleggende norsk for språklige minoriteter, nivå 3, vg2 studieforberedende utdanningsprogram | Grunnleggende norsk for språklige minoriteter, nivå 3, vg3 studieforberedende utdanningsprogram | Grunnleggende norsk for språklige minoriteter, nivå 3, vg1 yrkesfaglige utdanningsprogram | Grunnleggende norsk for språklige minoriteter, nivå 3, vg2 yrkesfaglige utdanningsprogram | Grunnleggende norsk for språklige minoriteter, nivå 3, vg3 påbygging til generell studiekompetanse",Første årstrinn | Andre årstrinn | Tredje årstrinn | Fjerde årstrinn | Femte årstrinn | Sjette årstrinn | Syvende årstrinn | Åttende årstrinn | Niende årstrinn | Tiende årstrinn | Videregående trinn 1 | Videregående trinn 2 | Videregående trinn 3 | Påbygging til generell studiekompetanse,status_publisert,lese grafiske framstillinger,,lese grafiske framstillinger,,nei,,KM1084
http://psi.udir.no/kl06/KM15095,KM15095,NOR07,03,Læreplan i grunnleggende norsk for språklige minoriteter,"Grunnleggende norsk for språklige minoriteter, nivå 3, 1. årstrinn | Grunnleggende norsk for språklige minoriteter, nivå 3, 2. årstrinn | Grunnleggende norsk for språklige minoriteter, nivå 3, 3. årstrinn | Grunnleggende norsk for språklige minoriteter, nivå 3, 4. årstrinn | Grunnleggende norsk for språklige minoriteter, nivå 3, 5. årstrinn | Grunnleggende norsk for språklige minoriteter, nivå 3, 6. årstrinn | Grunnleggende norsk for språklige minoriteter, nivå 3, 7. årstrinn | Grunnleggende norsk for språklige minoriteter, nivå 3, 8. årstrinn | Grunnleggende norsk for språklige minoriteter, nivå 3, 9. årstrinn | Grunnleggende norsk for språklige minoriteter, nivå 3, 10. årstrinn | Grunnleggende norsk for språklige minoriteter, nivå 3, vg1 studieforberedende utdanningsprogram | Grunnleggende norsk for språklige minoriteter, nivå 3, vg2 studieforberedende utdanningsprogram | Grunnleggende norsk for språklige minoriteter, nivå 3, vg3 studieforberedende utdanningsprogram | Grunnleggende norsk for språklige minoriteter, nivå 3, vg1 yrkesfaglige utdanningsprogram | Grunnleggende norsk for språklige minoriteter, nivå 3, vg2 yrkesfaglige utdanningsprogram | Grunnleggende norsk for språklige minoriteter, nivå 3, vg3 påbygging til generell studiekompetanse",Første årstrinn | Andre årstrinn | Tredje årstrinn | Fjerde årstrinn | Femte årstrinn | Sjette årstrinn | Syvende årstrinn | Åttende årstrinn | Niende årstrinn | Tiende årstrinn | Videregående trinn 1 | Videregående trinn 2 | Videregående trinn 3 | Påbygging til generell studiekompetanse,status_publisert,"skrive tekster i ulike sjangre, med ulikt formål og med ulike uttrykksformer",,"skrive tekster i ulike sjangre, med ulikt formål og med ulike uttrykksformer",,nei,,KM1082
http://psi.udir.no/kl06/KM15099,KM15099,NOR07,03,Læreplan i grunnleggende norsk for språklige minoriteter,"Grunnleggende norsk for språklige minoriteter, nivå 3, 1. årstrinn | Grunnleggende norsk for språklige minoriteter, nivå 3, 2. årstrinn | Grunnleggende norsk for språklige minoriteter, nivå 3, 3. årstrinn | Grunnleggende norsk for språklige minoriteter, nivå 3, 4. årstrinn | Grunnleggende norsk for språklige minoriteter, nivå 3, 5. årstrinn | Grunnleggende norsk for språklige minoriteter, nivå 3, 6. årstrinn | Grunnleggende norsk for språklige minoriteter, nivå 3, 7. årstrinn | Grunnleggende norsk for språklige minoriteter, nivå 3, 8. årstrinn | Grunnleggende norsk for språklige minoriteter, nivå 3, 9. årstrinn | Grunnleggende norsk for språklige minoriteter, nivå 3, 10. årstrinn | Grunnleggende norsk for språklige minoriteter, nivå 3, vg1 studieforberedende utdanningsprogram | Grunnleggende norsk for språklige minoriteter, nivå 3, vg2 studieforberedende utdanningsprogram | Grunnleggende norsk for språklige minoriteter, nivå 3, vg3 studieforberedende utdanningsprogram | Grunnleggende norsk for språklige minoriteter, nivå 3, vg1 yrkesfaglige utdanningsprogram | Grunnleggende norsk for språklige minoriteter, nivå 3, vg2 yrkesfaglige utdanningsprogram | Grunnleggende norsk for språklige minoriteter, nivå 3, vg3 påbygging til generell studiekompetanse",Første årstrinn | Andre årstrinn | Tredje årstrinn | Fjerde årstrinn | Femte årstrinn | Sjette årstrinn | Syvende årstrinn | Åttende årstrinn | Niende årstrinn | Tiende årstrinn | Videregående trinn 1 | Videregående trinn 2 | Videregående trinn 3 | Påbygging til generell studiekompetanse,status_publisert,bruke og vurdere ulike digitale ressurser i kommunikasjon og læringsarbeid,,bruke og vurdere ulike digitale ressurser i kommunikasjon og læringsarbeid,,nei,,KM1086
http://psi.udir.no/kl06/KM15101,KM15101,NOR07,03,Læreplan i grunnleggende norsk for språklige minoriteter,"Grunnleggende norsk for språklige minoriteter, nivå 3, 1. årstrinn | Grunnleggende norsk for språklige minoriteter, nivå 3, 2. årstrinn | Grunnleggende norsk for språklige minoriteter, nivå 3, 3. årstrinn | Grunnleggende norsk for språklige minoriteter, nivå 3, 4. årstrinn | Grunnleggende norsk for språklige minoriteter, nivå 3, 5. årstrinn | Grunnleggende norsk for språklige minoriteter, nivå 3, 6. årstrinn | Grunnleggende norsk for språklige minoriteter, nivå 3, 7. årstrinn | Grunnleggende norsk for språklige minoriteter, nivå 3, 8. årstrinn | Grunnleggende norsk for språklige minoriteter, nivå 3, 9. årstrinn | Grunnleggende norsk for språklige minoriteter, nivå 3, 10. årstrinn | Grunnleggende norsk for språklige minoriteter, nivå 3, vg1 studieforberedende utdanningsprogram | Grunnleggende norsk for språklige minoriteter, nivå 3, vg2 studieforberedende utdanningsprogram | Grunnleggende norsk for språklige minoriteter, nivå 3, vg3 studieforberedende utdanningsprogram | Grunnleggende norsk for språklige minoriteter, nivå 3, vg1 yrkesfaglige utdanningsprogram | Grunnleggende norsk for språklige minoriteter, nivå 3, vg2 yrkesfaglige utdanningsprogram | Grunnleggende norsk for språklige minoriteter, nivå 3, vg3 påbygging til generell studiekompetanse",Første årstrinn | Andre årstrinn | Tredje årstrinn | Fjerde årstrinn | Femte årstrinn | Sjette årstrinn | Syvende årstrinn | Åttende årstrinn | Niende årstrinn | Tiende årstrinn | Videregående trinn 1 | Videregående trinn 2 | Videregående trinn 3 | Påbygging til generell studiekompetanse,status_publisert,"sammenligne humor, ironi og metaforer i ulike språk og kulturer",,"sammenligne humor, ironi og metaforer i ulike språk og kulturer",,nei,,KM1088
http://psi.udir.no/kl06/KM15102,KM15102,NOR07,03,Læreplan i grunnleggende norsk for språklige minoriteter,"Grunnleggende norsk for språklige minoriteter, nivå 3, 1. årstrinn | Grunnleggende norsk for språklige minoriteter, nivå 3, 2. årstrinn | Grunnleggende norsk for språklige minoriteter, nivå 3, 3. årstrinn | Grunnleggende norsk for språklige minoriteter, nivå 3, 4. årstrinn | Grunnleggende norsk for språklige minoriteter, nivå 3, 5. årstrinn | Grunnleggende norsk for språklige minoriteter, nivå 3, 6. årstrinn | Grunnleggende norsk for språklige minoriteter, nivå 3, 7. årstrinn | Grunnleggende norsk for språklige minoriteter, nivå 3, 8. årstrinn | Grunnleggende norsk for språklige minoriteter, nivå 3, 9. årstrinn | Grunnleggende norsk for språklige minoriteter, nivå 3, 10. årstrinn | Grunnleggende norsk for språklige minoriteter, nivå 3, vg1 studieforberedende utdanningsprogram | Grunnleggende norsk for språklige minoriteter, nivå 3, vg2 studieforberedende utdanningsprogram | Grunnleggende norsk for språklige minoriteter, nivå 3, vg3 studieforberedende utdanningsprogram | Grunnleggende norsk for språklige minoriteter, nivå 3, vg1 yrkesfaglige utdanningsprogram | Grunnleggende norsk for språklige minoriteter, nivå 3, vg2 yrkesfaglige utdanningsprogram | Grunnleggende norsk for språklige minoriteter, nivå 3, vg3 påbygging til generell studiekompetanse",Første årstrinn | Andre årstrinn | Tredje årstrinn | Fjerde årstrinn | Femte årstrinn | Sjette årstrinn | Syvende årstrinn | Åttende årstrinn | Niende årstrinn | Tiende årstrinn | Videregående trinn 1 | Videregående trinn 2 | Videregående trinn 3 | Påbygging til generell studiekompetanse,status_publisert,reflektere over hvordan språk kan uttrykke og skape holdninger til enkeltindivider og grupper,,reflektere over hvordan språk kan uttrykke og skape holdninger til enkeltindivider og grupper,,nei,,KM1089
http://psi.udir.no/kl06/KM15106,KM15106,NOR07,03,Læreplan i grunnleggende norsk for språklige minoriteter,"Grunnleggende norsk for språklige minoriteter, nivå 3, 1. årstrinn | Grunnleggende norsk for språklige minoriteter, nivå 3, 2. årstrinn | Grunnleggende norsk for språklige minoriteter, nivå 3, 3. årstrinn | Grunnleggende norsk for språklige minoriteter, nivå 3, 4. årstrinn | Grunnleggende norsk for språklige minoriteter, nivå 3, 5. årstrinn | Grunnleggende norsk for språklige minoriteter, nivå 3, 6. årstrinn | Grunnleggende norsk for språklige minoriteter, nivå 3, 7. årstrinn | Grunnleggende norsk for språklige minoriteter, nivå 3, 8. årstrinn | Grunnleggende norsk for språklige minoriteter, nivå 3, 9. årstrinn | Grunnleggende norsk for språklige minoriteter, nivå 3, 10. årstrinn | Grunnleggende norsk for språklige minoriteter, nivå 3, vg1 studieforberedende utdanningsprogram | Grunnleggende norsk for språklige minoriteter, nivå 3, vg2 studieforberedende utdanningsprogram | Grunnleggende norsk for språklige minoriteter, nivå 3, vg3 studieforberedende utdanningsprogram | Grunnleggende norsk for språklige minoriteter, nivå 3, vg1 yrkesfaglige utdanningsprogram | Grunnleggende norsk for språklige minoriteter, nivå 3, vg2 yrkesfaglige utdanningsprogram | Grunnleggende norsk for språklige minoriteter, nivå 3, vg3 påbygging til generell studiekompetanse",Første årstrinn | Andre årstrinn | Tredje årstrinn | Fjerde årstrinn | Femte årstrinn | Sjette årstrinn | Syvende årstrinn | Åttende årstrinn | Niende årstrinn | Tiende årstrinn | Videregående trinn 1 | Videregående trinn 2 | Videregående trinn 3 | Påbygging til generell studiekompetanse,status_publisert,samtale om holdninger til ulike språk og talespråksvarianter i Norge,,samtale om holdninger til ulike språk og talespråksvarianter i Norge,,nei,,KM1119
http://psi.udir.no/kl06/KM15103,KM15103,NOR07,03,Læreplan i grunnleggende norsk for språklige minoriteter,"Grunnleggende norsk for språklige minoriteter, nivå 3, 1. årstrinn | Grunnleggende norsk for språklige minoriteter, nivå 3, 2. årstrinn | Grunnleggende norsk for språklige minoriteter, nivå 3, 3. årstrinn | Grunnleggende norsk for språklige minoriteter, nivå 3, 4. årstrinn | Grunnleggende norsk for språklige minoriteter, nivå 3, 5. årstrinn | Grunnleggende norsk for språklige minoriteter, nivå 3, 6. årstrinn | Grunnleggende norsk for språklige minoriteter, nivå 3, 7. årstrinn | Grunnleggende norsk for språklige minoriteter, nivå 3, 8. årstrinn | Grunnleggende norsk for språklige minoriteter, nivå 3, 9. årstrinn | Grunnleggende norsk for språklige minoriteter, nivå 3, 10. årstrinn | Grunnleggende norsk for språklige minoriteter, nivå 3, vg1 studieforberedende utdanningsprogram | Grunnleggende norsk for språklige minoriteter, nivå 3, vg2 studieforberedende utdanningsprogram | Grunnleggende norsk for språklige minoriteter, nivå 3, vg3 studieforberedende utdanningsprogram | Grunnleggende norsk for språklige minoriteter, nivå 3, vg1 yrkesfaglige utdanningsprogram | Grunnleggende norsk for språklige minoriteter, nivå 3, vg2 yrkesfaglige utdanningsprogram | Grunnleggende norsk for språklige minoriteter, nivå 3, vg3 påbygging til generell studiekompetanse",Første årstrinn | Andre årstrinn | Tredje årstrinn | Fjerde årstrinn | Femte årstrinn | Sjette årstrinn | Syvende årstrinn | Åttende årstrinn | Niende årstrinn | Tiende årstrinn | Videregående trinn 1 | Videregående trinn 2 | Videregående trinn 3 | Påbygging til generell studiekompetanse,status_publisert,utforske et utvalg kunst- og kulturuttrykk fra ulike land og kulturer,,utforske et utvalg kunst- og kulturuttrykk fra ulike land og kulturer,,nei,,KM1090
http://psi.udir.no/kl06/KM15107,KM15107,NOR08,03,Læreplan i morsmål for språklige minoriteter,"Morsmål for språklige minoriteter, nivå 1, 1. årstrinn | Morsmål for språklige minoriteter, nivå 1, 2. årstrinn | Morsmål for språklige minoriteter, nivå 1, 3. årstrinn | Morsmål for språklige minoriteter, nivå 1, 4. årstrinn | Morsmål for språklige minoriteter, nivå 1, 5. årstrinn | Morsmål for språklige minoriteter, nivå 1, 6. årstrinn | Morsmål for språklige minoriteter, nivå 1, 7. årstrinn | Morsmål for språklige minoriteter, nivå 1, 8. årstrinn | Morsmål for språklige minoriteter, nivå 1, 9. årstrinn | Morsmål for språklige minoriteter, nivå 1, 10. årstrinn | Morsmål for språklige minoriteter, nivå 1, vg1 studieforberedende utdanningsprogram | Morsmål for språklige minoriteter, nivå 1, vg2 studieforberedende utdanningsprogram | Morsmål for språklige minoriteter, nivå 1, vg3 studieforberedende utdanningsprogram | Morsmål for språklige minoriteter, nivå 1, vg1 yrkesfaglige utdanningsprogram | Morsmål for språklige minoriteter, nivå 1, vg2 yrkesfaglige utdanningsprogram | Morsmål for språklige minoriteter, nivå 1, vg3 påbygging til generell studiekompetanse",Første årstrinn | Andre årstrinn | Tredje årstrinn | Fjerde årstrinn | Femte årstrinn | Sjette årstrinn | Syvende årstrinn | Åttende årstrinn | Niende årstrinn | Tiende årstrinn | Videregående trinn 1 | Videregående trinn 2 | Videregående trinn 3 | Påbygging til generell studiekompetanse,status_publisert,"samtale om kjente emner, ta ordet etter tur og gi tilbakemeldinger på andres ytringer",,"samtale om kjente emner, ta ordet etter tur og gi tilbakemeldinger på andres ytringer",,nei,,KM1031
http://psi.udir.no/kl06/KM15108,KM15108,NOR08,03,Læreplan i morsmål for språklige minoriteter,"Morsmål for språklige minoriteter, nivå 1, 1. årstrinn | Morsmål for språklige minoriteter, nivå 1, 2. årstrinn | Morsmål for språklige minoriteter, nivå 1, 3. årstrinn | Morsmål for språklige minoriteter, nivå 1, 4. årstrinn | Morsmål for språklige minoriteter, nivå 1, 5. årstrinn | Morsmål for språklige minoriteter, nivå 1, 6. årstrinn | Morsmål for språklige minoriteter, nivå 1, 7. årstrinn | Morsmål for språklige minoriteter, nivå 1, 8. årstrinn | Morsmål for språklige minoriteter, nivå 1, 9. årstrinn | Morsmål for språklige minoriteter, nivå 1, 10. årstrinn | Morsmål for språklige minoriteter, nivå 1, vg1 studieforberedende utdanningsprogram | Morsmål for språklige minoriteter, nivå 1, vg2 studieforberedende utdanningsprogram | Morsmål for språklige minoriteter, nivå 1, vg3 studieforberedende utdanningsprogram | Morsmål for språklige minoriteter, nivå 1, vg1 yrkesfaglige utdanningsprogram | Morsmål for språklige minoriteter, nivå 1, vg2 yrkesfaglige utdanningsprogram | Morsmål for språklige minoriteter, nivå 1, vg3 påbygging til generell studiekompetanse",Første årstrinn | Andre årstrinn | Tredje årstrinn | Fjerde årstrinn | Femte årstrinn | Sjette årstrinn | Syvende årstrinn | Åttende årstrinn | Niende årstrinn | Tiende årstrinn | Videregående trinn 1 | Videregående trinn 2 | Videregående trinn 3 | Påbygging til generell studiekompetanse,status_publisert,"lytte til, forstå og gjengi innhold i egnede tekster og bearbeide tekster gjennom lek og dramatisering",,"lytte til, forstå og gjengi innhold i egnede tekster og bearbeide tekster gjennom lek og dramatisering",,nei,,KM1051
http://psi.udir.no/kl06/KM15109,KM15109,NOR08,03,Læreplan i morsmål for språklige minoriteter,"Morsmål for språklige minoriteter, nivå 1, 1. årstrinn | Morsmål for språklige minoriteter, nivå 1, 2. årstrinn | Morsmål for språklige minoriteter, nivå 1, 3. årstrinn | Morsmål for språklige minoriteter, nivå 1, 4. årstrinn | Morsmål for språklige minoriteter, nivå 1, 5. årstrinn | Morsmål for språklige minoriteter, nivå 1, 6. årstrinn | Morsmål for språklige minoriteter, nivå 1, 7. årstrinn | Morsmål for språklige minoriteter, nivå 1, 8. årstrinn | Morsmål for språklige minoriteter, nivå 1, 9. årstrinn | Morsmål for språklige minoriteter, nivå 1, 10. årstrinn | Morsmål for språklige minoriteter, nivå 1, vg1 studieforberedende utdanningsprogram | Morsmål for språklige minoriteter, nivå 1, vg2 studieforberedende utdanningsprogram | Morsmål for språklige minoriteter, nivå 1, vg3 studieforberedende utdanningsprogram | Morsmål for språklige minoriteter, nivå 1, vg1 yrkesfaglige utdanningsprogram | Morsmål for språklige minoriteter, nivå 1, vg2 yrkesfaglige utdanningsprogram | Morsmål for språklige minoriteter, nivå 1, vg3 påbygging til generell studiekompetanse",Første årstrinn | Andre årstrinn | Tredje årstrinn | Fjerde årstrinn | Femte årstrinn | Sjette årstrinn | Syvende årstrinn | Åttende årstrinn | Niende årstrinn | Tiende årstrinn | Videregående trinn 1 | Videregående trinn 2 | Videregående trinn 3 | Påbygging til generell studiekompetanse,status_publisert,utvikle et grunnleggende faglig ordforråd og forstå og bruke ord og begreper som er sentrale for trinnets lærestoff,,utvikle et grunnleggende faglig ordforråd og forstå og bruke ord og begreper som er sentrale for trinnets lærestoff,,nei,,KM1052
http://psi.udir.no/kl06/KM15110,KM15110,NOR08,03,Læreplan i morsmål for språklige minoriteter,"Morsmål for språklige minoriteter, nivå 1, 1. årstrinn | Morsmål for språklige minoriteter, nivå 1, 2. årstrinn | Morsmål for språklige minoriteter, nivå 1, 3. årstrinn | Morsmål for språklige minoriteter, nivå 1, 4. årstrinn | Morsmål for språklige minoriteter, nivå 1, 5. årstrinn | Morsmål for språklige minoriteter, nivå 1, 6. årstrinn | Morsmål for språklige minoriteter, nivå 1, 7. årstrinn | Morsmål for språklige minoriteter, nivå 1, 8. årstrinn | Morsmål for språklige minoriteter, nivå 1, 9. årstrinn | Morsmål for språklige minoriteter, nivå 1, 10. årstrinn | Morsmål for språklige minoriteter, nivå 1, vg1 studieforberedende utdanningsprogram | Morsmål for språklige minoriteter, nivå 1, vg2 studieforberedende utdanningsprogram | Morsmål for språklige minoriteter, nivå 1, vg3 studieforberedende utdanningsprogram | Morsmål for språklige minoriteter, nivå 1, vg1 yrkesfaglige utdanningsprogram | Morsmål for språklige minoriteter, nivå 1, vg2 yrkesfaglige utdanningsprogram | Morsmål for språklige minoriteter, nivå 1, vg3 påbygging til generell studiekompetanse",Første årstrinn | Andre årstrinn | Tredje årstrinn | Fjerde årstrinn | Femte årstrinn | Sjette årstrinn | Syvende årstrinn | Åttende årstrinn | Niende årstrinn | Tiende årstrinn | Videregående trinn 1 | Videregående trinn 2 | Videregående trinn 3 | Påbygging til generell studiekompetanse,status_publisert,"kjenne til grunnleggende grammatiske begreper og bruke dem til å snakke om morsmålets grunnleggende strukturer, og om likheter og forskjeller mellom morsmålet og norsk",,"kjenne til grunnleggende grammatiske begreper og bruke dem til å snakke om morsmålets grunnleggende strukturer, og om likheter og forskjeller mellom morsmålet og norsk",,nei,,KM1053
http://psi.udir.no/kl06/KM15111,KM15111,NOR08,03,Læreplan i morsmål for språklige minoriteter,"Morsmål for språklige minoriteter, nivå 1, 1. årstrinn | Morsmål for språklige minoriteter, nivå 1, 2. årstrinn | Morsmål for språklige minoriteter, nivå 1, 3. årstrinn | Morsmål for språklige minoriteter, nivå 1, 4. årstrinn | Morsmål for språklige minoriteter, nivå 1, 5. årstrinn | Morsmål for språklige minoriteter, nivå 1, 6. årstrinn | Morsmål for språklige minoriteter, nivå 1, 7. årstrinn | Morsmål for språklige minoriteter, nivå 1, 8. årstrinn | Morsmål for språklige minoriteter, nivå 1, 9. årstrinn | Morsmål for språklige minoriteter, nivå 1, 10. årstrinn | Morsmål for språklige minoriteter, nivå 1, vg1 studieforberedende utdanningsprogram | Morsmål for språklige minoriteter, nivå 1, vg2 studieforberedende utdanningsprogram | Morsmål for språklige minoriteter, nivå 1, vg3 studieforberedende utdanningsprogram | Morsmål for språklige minoriteter, nivå 1, vg1 yrkesfaglige utdanningsprogram | Morsmål for språklige minoriteter, nivå 1, vg2 yrkesfaglige utdanningsprogram | Morsmål for språklige minoriteter, nivå 1, vg3 påbygging til generell studiekompetanse",Første årstrinn | Andre årstrinn | Tredje årstrinn | Fjerde årstrinn | Femte årstrinn | Sjette årstrinn | Syvende årstrinn | Åttende årstrinn | Niende årstrinn | Tiende årstrinn | Videregående trinn 1 | Videregående trinn 2 | Videregående trinn 3 | Påbygging til generell studiekompetanse,status_publisert,lære seg å lese på morsmålet og forstå sammenhengen mellom talespråk og skriftspråk,,lære seg å lese på morsmålet og forstå sammenhengen mellom talespråk og skriftspråk,,nei,,KM1054
http://psi.udir.no/kl06/KM15112,KM15112,NOR08,03,Læreplan i morsmål for språklige minoriteter,"Morsmål for språklige minoriteter, nivå 1, 1. årstrinn | Morsmål for språklige minoriteter, nivå 1, 2. årstrinn | Morsmål for språklige minoriteter, nivå 1, 3. årstrinn | Morsmål for språklige minoriteter, nivå 1, 4. årstrinn | Morsmål for språklige minoriteter, nivå 1, 5. årstrinn | Morsmål for språklige minoriteter, nivå 1, 6. årstrinn | Morsmål for språklige minoriteter, nivå 1, 7. årstrinn | Morsmål for språklige minoriteter, nivå 1, 8. årstrinn | Morsmål for språklige minoriteter, nivå 1, 9. årstrinn | Morsmål for språklige minoriteter, nivå 1, 10. årstrinn | Morsmål for språklige minoriteter, nivå 1, vg1 studieforberedende utdanningsprogram | Morsmål for språklige minoriteter, nivå 1, vg2 studieforberedende utdanningsprogram | Morsmål for språklige minoriteter, nivå 1, vg3 studieforberedende utdanningsprogram | Morsmål for språklige minoriteter, nivå 1, vg1 yrkesfaglige utdanningsprogram | Morsmål for språklige minoriteter, nivå 1, vg2 yrkesfaglige utdanningsprogram | Morsmål for språklige minoriteter, nivå 1, vg3 påbygging til generell studiekompetanse",Første årstrinn | Andre årstrinn | Tredje årstrinn | Fjerde årstrinn | Femte årstrinn | Sjette årstrinn | Syvende årstrinn | Åttende årstrinn | Niende årstrinn | Tiende årstrinn | Videregående trinn 1 | Videregående trinn 2 | Videregående trinn 3 | Påbygging til generell studiekompetanse,status_publisert,utvikle leseglede gjennom å lese egnede tekster med sammenheng og forståelse og reflektere over innholdet,,utvikle leseglede gjennom å lese egnede tekster med sammenheng og forståelse og reflektere over innholdet,,nei,,KM1055
http://psi.udir.no/kl06/KM15113,KM15113,NOR08,03,Læreplan i morsmål for språklige minoriteter,"Morsmål for språklige minoriteter, nivå 1, 1. årstrinn | Morsmål for språklige minoriteter, nivå 1, 2. årstrinn | Morsmål for språklige minoriteter, nivå 1, 3. årstrinn | Morsmål for språklige minoriteter, nivå 1, 4. årstrinn | Morsmål for språklige minoriteter, nivå 1, 5. årstrinn | Morsmål for språklige minoriteter, nivå 1, 6. årstrinn | Morsmål for språklige minoriteter, nivå 1, 7. årstrinn | Morsmål for språklige minoriteter, nivå 1, 8. årstrinn | Morsmål for språklige minoriteter, nivå 1, 9. årstrinn | Morsmål for språklige minoriteter, nivå 1, 10. årstrinn | Morsmål for språklige minoriteter, nivå 1, vg1 studieforberedende utdanningsprogram | Morsmål for språklige minoriteter, nivå 1, vg2 studieforberedende utdanningsprogram | Morsmål for språklige minoriteter, nivå 1, vg3 studieforberedende utdanningsprogram | Morsmål for språklige minoriteter, nivå 1, vg1 yrkesfaglige utdanningsprogram | Morsmål for språklige minoriteter, nivå 1, vg2 yrkesfaglige utdanningsprogram | Morsmål for språklige minoriteter, nivå 1, vg3 påbygging til generell studiekompetanse",Første årstrinn | Andre årstrinn | Tredje årstrinn | Fjerde årstrinn | Femte årstrinn | Sjette årstrinn | Syvende årstrinn | Åttende årstrinn | Niende årstrinn | Tiende årstrinn | Videregående trinn 1 | Videregående trinn 2 | Videregående trinn 3 | Påbygging til generell studiekompetanse,status_publisert,kjenne til noen grunnleggende regler for tegnsetting og rettskriving,,kjenne til noen grunnleggende regler for tegnsetting og rettskriving,,nei,,KM1056
http://psi.udir.no/kl06/KM15114,KM15114,NOR08,03,Læreplan i morsmål for språklige minoriteter,"Morsmål for språklige minoriteter, nivå 1, 1. årstrinn | Morsmål for språklige minoriteter, nivå 1, 2. årstrinn | Morsmål for språklige minoriteter, nivå 1, 3. årstrinn | Morsmål for språklige minoriteter, nivå 1, 4. årstrinn | Morsmål for språklige minoriteter, nivå 1, 5. årstrinn | Morsmål for språklige minoriteter, nivå 1, 6. årstrinn | Morsmål for språklige minoriteter, nivå 1, 7. årstrinn | Morsmål for språklige minoriteter, nivå 1, 8. årstrinn | Morsmål for språklige minoriteter, nivå 1, 9. årstrinn | Morsmål for språklige minoriteter, nivå 1, 10. årstrinn | Morsmål for språklige minoriteter, nivå 1, vg1 studieforberedende utdanningsprogram | Morsmål for språklige minoriteter, nivå 1, vg2 studieforberedende utdanningsprogram | Morsmål for språklige minoriteter, nivå 1, vg3 studieforberedende utdanningsprogram | Morsmål for språklige minoriteter, nivå 1, vg1 yrkesfaglige utdanningsprogram | Morsmål for språklige minoriteter, nivå 1, vg2 yrkesfaglige utdanningsprogram | Morsmål for språklige minoriteter, nivå 1, vg3 påbygging til generell studiekompetanse",Første årstrinn | Andre årstrinn | Tredje årstrinn | Fjerde årstrinn | Femte årstrinn | Sjette årstrinn | Syvende årstrinn | Åttende årstrinn | Niende årstrinn | Tiende årstrinn | Videregående trinn 1 | Videregående trinn 2 | Videregående trinn 3 | Påbygging til generell studiekompetanse,status_publisert,skrive enkle fortellende og beskrivende tekster og utforme enkle sammensatte tekster,,skrive enkle fortellende og beskrivende tekster og utforme enkle sammensatte tekster,,nei,,KM1057
http://psi.udir.no/kl06/KM15115,KM15115,NOR08,03,Læreplan i morsmål for språklige minoriteter,"Morsmål for språklige minoriteter, nivå 1, 1. årstrinn | Morsmål for språklige minoriteter, nivå 1, 2. årstrinn | Morsmål for språklige minoriteter, nivå 1, 3. årstrinn | Morsmål for språklige minoriteter, nivå 1, 4. årstrinn | Morsmål for språklige minoriteter, nivå 1, 5. årstrinn | Morsmål for språklige minoriteter, nivå 1, 6. årstrinn | Morsmål for språklige minoriteter, nivå 1, 7. årstrinn | Morsmål for språklige minoriteter, nivå 1, 8. årstrinn | Morsmål for språklige minoriteter, nivå 1, 9. årstrinn | Morsmål for språklige minoriteter, nivå 1, 10. årstrinn | Morsmål for språklige minoriteter, nivå 1, vg1 studieforberedende utdanningsprogram | Morsmål for språklige minoriteter, nivå 1, vg2 studieforberedende utdanningsprogram | Morsmål for språklige minoriteter, nivå 1, vg3 studieforberedende utdanningsprogram | Morsmål for språklige minoriteter, nivå 1, vg1 yrkesfaglige utdanningsprogram | Morsmål for språklige minoriteter, nivå 1, vg2 yrkesfaglige utdanningsprogram | Morsmål for språklige minoriteter, nivå 1, vg3 påbygging til generell studiekompetanse",Første årstrinn | Andre årstrinn | Tredje årstrinn | Fjerde årstrinn | Femte årstrinn | Sjette årstrinn | Syvende årstrinn | Åttende årstrinn | Niende årstrinn | Tiende årstrinn | Videregående trinn 1 | Videregående trinn 2 | Videregående trinn 3 | Påbygging til generell studiekompetanse,status_publisert,bruke grunnleggende tekstbehandlingsprogram,,bruke grunnleggende tekstbehandlingsprogram,,nei,,KM1059
http://psi.udir.no/kl06/KM15116,KM15116,NOR08,03,Læreplan i morsmål for språklige minoriteter,"Morsmål for språklige minoriteter, nivå 1, 1. årstrinn | Morsmål for språklige minoriteter, nivå 1, 2. årstrinn | Morsmål for språklige minoriteter, nivå 1, 3. årstrinn | Morsmål for språklige minoriteter, nivå 1, 4. årstrinn | Morsmål for språklige minoriteter, nivå 1, 5. årstrinn | Morsmål for språklige minoriteter, nivå 1, 6. årstrinn | Morsmål for språklige minoriteter, nivå 1, 7. årstrinn | Morsmål for språklige minoriteter, nivå 1, 8. årstrinn | Morsmål for språklige minoriteter, nivå 1, 9. årstrinn | Morsmål for språklige minoriteter, nivå 1, 10. årstrinn | Morsmål for språklige minoriteter, nivå 1, vg1 studieforberedende utdanningsprogram | Morsmål for språklige minoriteter, nivå 1, vg2 studieforberedende utdanningsprogram | Morsmål for språklige minoriteter, nivå 1, vg3 studieforberedende utdanningsprogram | Morsmål for språklige minoriteter, nivå 1, vg1 yrkesfaglige utdanningsprogram | Morsmål for språklige minoriteter, nivå 1, vg2 yrkesfaglige utdanningsprogram | Morsmål for språklige minoriteter, nivå 1, vg3 påbygging til generell studiekompetanse",Første årstrinn | Andre årstrinn | Tredje årstrinn | Fjerde årstrinn | Femte årstrinn | Sjette årstrinn | Syvende årstrinn | Åttende årstrinn | Niende årstrinn | Tiende årstrinn | Videregående trinn 1 | Videregående trinn 2 | Videregående trinn 3 | Påbygging til generell studiekompetanse,status_publisert,"bruke flerspråklige digitale læringsressurser og digitale ressurser på morsmål og norsk i kommunikasjon, og kjenne til grunnleggende regler for nettvett",,"bruke flerspråklige digitale læringsressurser og digitale ressurser på morsmål og norsk i kommunikasjon, og kjenne til grunnleggende regler for nettvett",,nei,,KM1067
http://psi.udir.no/kl06/KM15117,KM15117,NOR08,03,Læreplan i morsmål for språklige minoriteter,"Morsmål for språklige minoriteter, nivå 1, 1. årstrinn | Morsmål for språklige minoriteter, nivå 1, 2. årstrinn | Morsmål for språklige minoriteter, nivå 1, 3. årstrinn | Morsmål for språklige minoriteter, nivå 1, 4. årstrinn | Morsmål for språklige minoriteter, nivå 1, 5. årstrinn | Morsmål for språklige minoriteter, nivå 1, 6. årstrinn | Morsmål for språklige minoriteter, nivå 1, 7. årstrinn | Morsmål for språklige minoriteter, nivå 1, 8. årstrinn | Morsmål for språklige minoriteter, nivå 1, 9. årstrinn | Morsmål for språklige minoriteter, nivå 1, 10. årstrinn | Morsmål for språklige minoriteter, nivå 1, vg1 studieforberedende utdanningsprogram | Morsmål for språklige minoriteter, nivå 1, vg2 studieforberedende utdanningsprogram | Morsmål for språklige minoriteter, nivå 1, vg3 studieforberedende utdanningsprogram | Morsmål for språklige minoriteter, nivå 1, vg1 yrkesfaglige utdanningsprogram | Morsmål for språklige minoriteter, nivå 1, vg2 yrkesfaglige utdanningsprogram | Morsmål for språklige minoriteter, nivå 1, vg3 påbygging til generell studiekompetanse",Første årstrinn | Andre årstrinn | Tredje årstrinn | Fjerde årstrinn | Femte årstrinn | Sjette årstrinn | Syvende årstrinn | Åttende årstrinn | Niende årstrinn | Tiende årstrinn | Videregående trinn 1 | Videregående trinn 2 | Videregående trinn 3 | Påbygging til generell studiekompetanse,status_publisert,"samtale om viktige høytider, tradisjoner og skikker i land der morsmålet brukes, og i Norge",,"samtale om viktige høytider, tradisjoner og skikker i land der morsmålet brukes, og i Norge",,nei,,KM1060
http://psi.udir.no/kl06/KM15118,KM15118,NOR08,03,Læreplan i morsmål for språklige minoriteter,"Morsmål for språklige minoriteter, nivå 1, 1. årstrinn | Morsmål for språklige minoriteter, nivå 1, 2. årstrinn | Morsmål for språklige minoriteter, nivå 1, 3. årstrinn | Morsmål for språklige minoriteter, nivå 1, 4. årstrinn | Morsmål for språklige minoriteter, nivå 1, 5. årstrinn | Morsmål for språklige minoriteter, nivå 1, 6. årstrinn | Morsmål for språklige minoriteter, nivå 1, 7. årstrinn | Morsmål for språklige minoriteter, nivå 1, 8. årstrinn | Morsmål for språklige minoriteter, nivå 1, 9. årstrinn | Morsmål for språklige minoriteter, nivå 1, 10. årstrinn | Morsmål for språklige minoriteter, nivå 1, vg1 studieforberedende utdanningsprogram | Morsmål for språklige minoriteter, nivå 1, vg2 studieforberedende utdanningsprogram | Morsmål for språklige minoriteter, nivå 1, vg3 studieforberedende utdanningsprogram | Morsmål for språklige minoriteter, nivå 1, vg1 yrkesfaglige utdanningsprogram | Morsmål for språklige minoriteter, nivå 1, vg2 yrkesfaglige utdanningsprogram | Morsmål for språklige minoriteter, nivå 1, vg3 påbygging til generell studiekompetanse",Første årstrinn | Andre årstrinn | Tredje årstrinn | Fjerde årstrinn | Femte årstrinn | Sjette årstrinn | Syvende årstrinn | Åttende årstrinn | Niende årstrinn | Tiende årstrinn | Videregående trinn 1 | Videregående trinn 2 | Videregående trinn 3 | Påbygging til generell studiekompetanse,status_publisert,reflektere over sin egen flerspråklige situasjon og språklige utvikling i et flerkulturelt samfunn,,reflektere over sin egen flerspråklige situasjon og språklige utvikling i et flerkulturelt samfunn,,nei,,KM1061
http://psi.udir.no/kl06/KM15119,KM15119,NOR08,03,Læreplan i morsmål for språklige minoriteter,"Morsmål for språklige minoriteter, nivå 2, 1. årstrinn | Morsmål for språklige minoriteter, nivå 2, 2. årstrinn | Morsmål for språklige minoriteter, nivå 2, 3. årstrinn | Morsmål for språklige minoriteter, nivå 2, 4. årstrinn | Morsmål for språklige minoriteter, nivå 2, 5. årstrinn | Morsmål for språklige minoriteter, nivå 2, 6. årstrinn | Morsmål for språklige minoriteter, nivå 2, 7. årstrinn | Morsmål for språklige minoriteter, nivå 2, 8. årstrinn | Morsmål for språklige minoriteter, nivå 2, 9. årstrinn | Morsmål for språklige minoriteter, nivå 2, 10. årstrinn | Morsmål for språklige minoriteter, nivå 2, vg1 studieforberedende utdanningsprogram | Morsmål for språklige minoriteter, nivå 2, vg2 studieforberedende utdanningsprogram | Morsmål for språklige minoriteter, nivå 2, vg3 studieforberedende utdanningsprogram | Morsmål for språklige minoriteter, nivå 2, vg1 yrkesfaglige utdanningsprogram | Morsmål for språklige minoriteter, nivå 2, vg2 yrkesfaglige utdanningsprogram | Morsmål for språklige minoriteter, nivå 2, vg3 påbygging til generell studiekompetanse",Første årstrinn | Andre årstrinn | Tredje årstrinn | Fjerde årstrinn | Femte årstrinn | Sjette årstrinn | Syvende årstrinn | Åttende årstrinn | Niende årstrinn | Tiende årstrinn | Videregående trinn 1 | Videregående trinn 2 | Videregående trinn 3 | Påbygging til generell studiekompetanse,status_publisert,"delta i samtaler og diskusjoner, begrunne egne synspunkter og gi konstruktive tilbakemeldinger på andres synspunkter",,"delta i samtaler og diskusjoner, begrunne egne synspunkter og gi konstruktive tilbakemeldinger på andres synspunkter",,nei,,KM1062
http://psi.udir.no/kl06/KM15120,KM15120,NOR08,03,Læreplan i morsmål for språklige minoriteter,"Morsmål for språklige minoriteter, nivå 2, 1. årstrinn | Morsmål for språklige minoriteter, nivå 2, 2. årstrinn | Morsmål for språklige minoriteter, nivå 2, 3. årstrinn | Morsmål for språklige minoriteter, nivå 2, 4. årstrinn | Morsmål for språklige minoriteter, nivå 2, 5. årstrinn | Morsmål for språklige minoriteter, nivå 2, 6. årstrinn | Morsmål for språklige minoriteter, nivå 2, 7. årstrinn | Morsmål for språklige minoriteter, nivå 2, 8. årstrinn | Morsmål for språklige minoriteter, nivå 2, 9. årstrinn | Morsmål for språklige minoriteter, nivå 2, 10. årstrinn | Morsmål for språklige minoriteter, nivå 2, vg1 studieforberedende utdanningsprogram | Morsmål for språklige minoriteter, nivå 2, vg2 studieforberedende utdanningsprogram | Morsmål for språklige minoriteter, nivå 2, vg3 studieforberedende utdanningsprogram | Morsmål for språklige minoriteter, nivå 2, vg1 yrkesfaglige utdanningsprogram | Morsmål for språklige minoriteter, nivå 2, vg2 yrkesfaglige utdanningsprogram | Morsmål for språklige minoriteter, nivå 2, vg3 påbygging til generell studiekompetanse",Første årstrinn | Andre årstrinn | Tredje årstrinn | Fjerde årstrinn | Femte årstrinn | Sjette årstrinn | Syvende årstrinn | Åttende årstrinn | Niende årstrinn | Tiende årstrinn | Videregående trinn 1 | Videregående trinn 2 | Videregående trinn 3 | Påbygging til generell studiekompetanse,status_publisert,"lytte til, forstå og gjengi innhold i egnede tekster",,"lytte til, forstå og gjengi innhold i egnede tekster",,nei,,KM1063
http://psi.udir.no/kl06/KM15121,KM15121,NOR08,03,Læreplan i morsmål for språklige minoriteter,"Morsmål for språklige minoriteter, nivå 2, 1. årstrinn | Morsmål for språklige minoriteter, nivå 2, 2. årstrinn | Morsmål for språklige minoriteter, nivå 2, 3. årstrinn | Morsmål for språklige minoriteter, nivå 2, 4. årstrinn | Morsmål for språklige minoriteter, nivå 2, 5. årstrinn | Morsmål for språklige minoriteter, nivå 2, 6. årstrinn | Morsmål for språklige minoriteter, nivå 2, 7. årstrinn | Morsmål for språklige minoriteter, nivå 2, 8. årstrinn | Morsmål for språklige minoriteter, nivå 2, 9. årstrinn | Morsmål for språklige minoriteter, nivå 2, 10. årstrinn | Morsmål for språklige minoriteter, nivå 2, vg1 studieforberedende utdanningsprogram | Morsmål for språklige minoriteter, nivå 2, vg2 studieforberedende utdanningsprogram | Morsmål for språklige minoriteter, nivå 2, vg3 studieforberedende utdanningsprogram | Morsmål for språklige minoriteter, nivå 2, vg1 yrkesfaglige utdanningsprogram | Morsmål for språklige minoriteter, nivå 2, vg2 yrkesfaglige utdanningsprogram | Morsmål for språklige minoriteter, nivå 2, vg3 påbygging til generell studiekompetanse",Første årstrinn | Andre årstrinn | Tredje årstrinn | Fjerde årstrinn | Femte årstrinn | Sjette årstrinn | Syvende årstrinn | Åttende årstrinn | Niende årstrinn | Tiende årstrinn | Videregående trinn 1 | Videregående trinn 2 | Videregående trinn 3 | Påbygging til generell studiekompetanse,status_publisert,bruke ord og begreper som er sentrale for fagstoff på trinnet og gjengi innholdet i faglige tekster,,bruke ord og begreper som er sentrale for fagstoff på trinnet og gjengi innholdet i faglige tekster,,nei,,KM1064
http://psi.udir.no/kl06/KM15122,KM15122,NOR08,03,Læreplan i morsmål for språklige minoriteter,"Morsmål for språklige minoriteter, nivå 2, 1. årstrinn | Morsmål for språklige minoriteter, nivå 2, 2. årstrinn | Morsmål for språklige minoriteter, nivå 2, 3. årstrinn | Morsmål for språklige minoriteter, nivå 2, 4. årstrinn | Morsmål for språklige minoriteter, nivå 2, 5. årstrinn | Morsmål for språklige minoriteter, nivå 2, 6. årstrinn | Morsmål for språklige minoriteter, nivå 2, 7. årstrinn | Morsmål for språklige minoriteter, nivå 2, 8. årstrinn | Morsmål for språklige minoriteter, nivå 2, 9. årstrinn | Morsmål for språklige minoriteter, nivå 2, 10. årstrinn | Morsmål for språklige minoriteter, nivå 2, vg1 studieforberedende utdanningsprogram | Morsmål for språklige minoriteter, nivå 2, vg2 studieforberedende utdanningsprogram | Morsmål for språklige minoriteter, nivå 2, vg3 studieforberedende utdanningsprogram | Morsmål for språklige minoriteter, nivå 2, vg1 yrkesfaglige utdanningsprogram | Morsmål for språklige minoriteter, nivå 2, vg2 yrkesfaglige utdanningsprogram | Morsmål for språklige minoriteter, nivå 2, vg3 påbygging til generell studiekompetanse",Første årstrinn | Andre årstrinn | Tredje årstrinn | Fjerde årstrinn | Femte årstrinn | Sjette årstrinn | Syvende årstrinn | Åttende årstrinn | Niende årstrinn | Tiende årstrinn | Videregående trinn 1 | Videregående trinn 2 | Videregående trinn 3 | Påbygging til generell studiekompetanse,status_publisert,tilpasse språk til samtalepartner og bruke ulike tiltaleformer,,tilpasse språk til samtalepartner og bruke ulike tiltaleformer,,nei,,KM1065
http://psi.udir.no/kl06/KM15123,KM15123,NOR08,03,Læreplan i morsmål for språklige minoriteter,"Morsmål for språklige minoriteter, nivå 2, 1. årstrinn | Morsmål for språklige minoriteter, nivå 2, 2. årstrinn | Morsmål for språklige minoriteter, nivå 2, 3. årstrinn | Morsmål for språklige minoriteter, nivå 2, 4. årstrinn | Morsmål for språklige minoriteter, nivå 2, 5. årstrinn | Morsmål for språklige minoriteter, nivå 2, 6. årstrinn | Morsmål for språklige minoriteter, nivå 2, 7. årstrinn | Morsmål for språklige minoriteter, nivå 2, 8. årstrinn | Morsmål for språklige minoriteter, nivå 2, 9. årstrinn | Morsmål for språklige minoriteter, nivå 2, 10. årstrinn | Morsmål for språklige minoriteter, nivå 2, vg1 studieforberedende utdanningsprogram | Morsmål for språklige minoriteter, nivå 2, vg2 studieforberedende utdanningsprogram | Morsmål for språklige minoriteter, nivå 2, vg3 studieforberedende utdanningsprogram | Morsmål for språklige minoriteter, nivå 2, vg1 yrkesfaglige utdanningsprogram | Morsmål for språklige minoriteter, nivå 2, vg2 yrkesfaglige utdanningsprogram | Morsmål for språklige minoriteter, nivå 2, vg3 påbygging til generell studiekompetanse",Første årstrinn | Andre årstrinn | Tredje årstrinn | Fjerde årstrinn | Femte årstrinn | Sjette årstrinn | Syvende årstrinn | Åttende årstrinn | Niende årstrinn | Tiende årstrinn | Videregående trinn 1 | Videregående trinn 2 | Videregående trinn 3 | Påbygging til generell studiekompetanse,status_publisert,bruke fagspråk for å samtale om sentrale likheter og ulikheter mellom morsmålet og norsk,,bruke fagspråk for å samtale om sentrale likheter og ulikheter mellom morsmålet og norsk,,nei,,KM1066
http://psi.udir.no/kl06/KM15124,KM15124,NOR08,03,Læreplan i morsmål for språklige minoriteter,"Morsmål for språklige minoriteter, nivå 2, 1. årstrinn | Morsmål for språklige minoriteter, nivå 2, 2. årstrinn | Morsmål for språklige minoriteter, nivå 2, 3. årstrinn | Morsmål for språklige minoriteter, nivå 2, 4. årstrinn | Morsmål for språklige minoriteter, nivå 2, 5. årstrinn | Morsmål for språklige minoriteter, nivå 2, 6. årstrinn | Morsmål for språklige minoriteter, nivå 2, 7. årstrinn | Morsmål for språklige minoriteter, nivå 2, 8. årstrinn | Morsmål for språklige minoriteter, nivå 2, 9. årstrinn | Morsmål for språklige minoriteter, nivå 2, 10. årstrinn | Morsmål for språklige minoriteter, nivå 2, vg1 studieforberedende utdanningsprogram | Morsmål for språklige minoriteter, nivå 2, vg2 studieforberedende utdanningsprogram | Morsmål for språklige minoriteter, nivå 2, vg3 studieforberedende utdanningsprogram | Morsmål for språklige minoriteter, nivå 2, vg1 yrkesfaglige utdanningsprogram | Morsmål for språklige minoriteter, nivå 2, vg2 yrkesfaglige utdanningsprogram | Morsmål for språklige minoriteter, nivå 2, vg3 påbygging til generell studiekompetanse",Første årstrinn | Andre årstrinn | Tredje årstrinn | Fjerde årstrinn | Femte årstrinn | Sjette årstrinn | Syvende årstrinn | Åttende årstrinn | Niende årstrinn | Tiende årstrinn | Videregående trinn 1 | Videregående trinn 2 | Videregående trinn 3 | Påbygging til generell studiekompetanse,status_publisert,bruke ordbøker og andre oppslagsverk,,bruke ordbøker og andre oppslagsverk,,nei,,KM1050
http://psi.udir.no/kl06/KM15125,KM15125,NOR08,03,Læreplan i morsmål for språklige minoriteter,"Morsmål for språklige minoriteter, nivå 2, 1. årstrinn | Morsmål for språklige minoriteter, nivå 2, 2. årstrinn | Morsmål for språklige minoriteter, nivå 2, 3. årstrinn | Morsmål for språklige minoriteter, nivå 2, 4. årstrinn | Morsmål for språklige minoriteter, nivå 2, 5. årstrinn | Morsmål for språklige minoriteter, nivå 2, 6. årstrinn | Morsmål for språklige minoriteter, nivå 2, 7. årstrinn | Morsmål for språklige minoriteter, nivå 2, 8. årstrinn | Morsmål for språklige minoriteter, nivå 2, 9. årstrinn | Morsmål for språklige minoriteter, nivå 2, 10. årstrinn | Morsmål for språklige minoriteter, nivå 2, vg1 studieforberedende utdanningsprogram | Morsmål for språklige minoriteter, nivå 2, vg2 studieforberedende utdanningsprogram | Morsmål for språklige minoriteter, nivå 2, vg3 studieforberedende utdanningsprogram | Morsmål for språklige minoriteter, nivå 2, vg1 yrkesfaglige utdanningsprogram | Morsmål for språklige minoriteter, nivå 2, vg2 yrkesfaglige utdanningsprogram | Morsmål for språklige minoriteter, nivå 2, vg3 påbygging til generell studiekompetanse",Første årstrinn | Andre årstrinn | Tredje årstrinn | Fjerde årstrinn | Femte årstrinn | Sjette årstrinn | Syvende årstrinn | Åttende årstrinn | Niende årstrinn | Tiende årstrinn | Videregående trinn 1 | Videregående trinn 2 | Videregående trinn 3 | Påbygging til generell studiekompetanse,status_publisert,"lese og forstå noen egnede litterære tekster i ulike sjangre, gjenkjenne noen språklige virkemidler og reflektere rundt og sammenligne ulike tekster",,"lese og forstå noen egnede litterære tekster i ulike sjangre, gjenkjenne noen språklige virkemidler og reflektere rundt og sammenligne ulike tekster",,nei,,KM1049
http://psi.udir.no/kl06/KM15126,KM15126,NOR08,03,Læreplan i morsmål for språklige minoriteter,"Morsmål for språklige minoriteter, nivå 2, 1. årstrinn | Morsmål for språklige minoriteter, nivå 2, 2. årstrinn | Morsmål for språklige minoriteter, nivå 2, 3. årstrinn | Morsmål for språklige minoriteter, nivå 2, 4. årstrinn | Morsmål for språklige minoriteter, nivå 2, 5. årstrinn | Morsmål for språklige minoriteter, nivå 2, 6. årstrinn | Morsmål for språklige minoriteter, nivå 2, 7. årstrinn | Morsmål for språklige minoriteter, nivå 2, 8. årstrinn | Morsmål for språklige minoriteter, nivå 2, 9. årstrinn | Morsmål for språklige minoriteter, nivå 2, 10. årstrinn | Morsmål for språklige minoriteter, nivå 2, vg1 studieforberedende utdanningsprogram | Morsmål for språklige minoriteter, nivå 2, vg2 studieforberedende utdanningsprogram | Morsmål for språklige minoriteter, nivå 2, vg3 studieforberedende utdanningsprogram | Morsmål for språklige minoriteter, nivå 2, vg1 yrkesfaglige utdanningsprogram | Morsmål for språklige minoriteter, nivå 2, vg2 yrkesfaglige utdanningsprogram | Morsmål for språklige minoriteter, nivå 2, vg3 påbygging til generell studiekompetanse",Første årstrinn | Andre årstrinn | Tredje årstrinn | Fjerde årstrinn | Femte årstrinn | Sjette årstrinn | Syvende årstrinn | Åttende årstrinn | Niende årstrinn | Tiende årstrinn | Videregående trinn 1 | Videregående trinn 2 | Videregående trinn 3 | Påbygging til generell studiekompetanse,status_publisert,lese og forstå ulike fagtekster og kjenne til og benytte ulike lesestrategier,,lese og forstå ulike fagtekster og kjenne til og benytte ulike lesestrategier,,nei,,KM1048
http://psi.udir.no/kl06/KM15127,KM15127,NOR08,03,Læreplan i morsmål for språklige minoriteter,"Morsmål for språklige minoriteter, nivå 2, 1. årstrinn | Morsmål for språklige minoriteter, nivå 2, 2. årstrinn | Morsmål for språklige minoriteter, nivå 2, 3. årstrinn | Morsmål for språklige minoriteter, nivå 2, 4. årstrinn | Morsmål for språklige minoriteter, nivå 2, 5. årstrinn | Morsmål for språklige minoriteter, nivå 2, 6. årstrinn | Morsmål for språklige minoriteter, nivå 2, 7. årstrinn | Morsmål for språklige minoriteter, nivå 2, 8. årstrinn | Morsmål for språklige minoriteter, nivå 2, 9. årstrinn | Morsmål for språklige minoriteter, nivå 2, 10. årstrinn | Morsmål for språklige minoriteter, nivå 2, vg1 studieforberedende utdanningsprogram | Morsmål for språklige minoriteter, nivå 2, vg2 studieforberedende utdanningsprogram | Morsmål for språklige minoriteter, nivå 2, vg3 studieforberedende utdanningsprogram | Morsmål for språklige minoriteter, nivå 2, vg1 yrkesfaglige utdanningsprogram | Morsmål for språklige minoriteter, nivå 2, vg2 yrkesfaglige utdanningsprogram | Morsmål for språklige minoriteter, nivå 2, vg3 påbygging til generell studiekompetanse",Første årstrinn | Andre årstrinn | Tredje årstrinn | Fjerde årstrinn | Femte årstrinn | Sjette årstrinn | Syvende årstrinn | Åttende årstrinn | Niende årstrinn | Tiende årstrinn | Videregående trinn 1 | Videregående trinn 2 | Videregående trinn 3 | Påbygging til generell studiekompetanse,status_publisert,kjenne til sentrale regler for rettskriving og tegnsetting på morsmålet,,kjenne til sentrale regler for rettskriving og tegnsetting på morsmålet,,nei,,KM1047
http://psi.udir.no/kl06/KM15128,KM15128,NOR08,03,Læreplan i morsmål for språklige minoriteter,"Morsmål for språklige minoriteter, nivå 2, 1. årstrinn | Morsmål for språklige minoriteter, nivå 2, 2. årstrinn | Morsmål for språklige minoriteter, nivå 2, 3. årstrinn | Morsmål for språklige minoriteter, nivå 2, 4. årstrinn | Morsmål for språklige minoriteter, nivå 2, 5. årstrinn | Morsmål for språklige minoriteter, nivå 2, 6. årstrinn | Morsmål for språklige minoriteter, nivå 2, 7. årstrinn | Morsmål for språklige minoriteter, nivå 2, 8. årstrinn | Morsmål for språklige minoriteter, nivå 2, 9. årstrinn | Morsmål for språklige minoriteter, nivå 2, 10. årstrinn | Morsmål for språklige minoriteter, nivå 2, vg1 studieforberedende utdanningsprogram | Morsmål for språklige minoriteter, nivå 2, vg2 studieforberedende utdanningsprogram | Morsmål for språklige minoriteter, nivå 2, vg3 studieforberedende utdanningsprogram | Morsmål for språklige minoriteter, nivå 2, vg1 yrkesfaglige utdanningsprogram | Morsmål for språklige minoriteter, nivå 2, vg2 yrkesfaglige utdanningsprogram | Morsmål for språklige minoriteter, nivå 2, vg3 påbygging til generell studiekompetanse",Første årstrinn | Andre årstrinn | Tredje årstrinn | Fjerde årstrinn | Femte årstrinn | Sjette årstrinn | Syvende årstrinn | Åttende årstrinn | Niende årstrinn | Tiende årstrinn | Videregående trinn 1 | Videregående trinn 2 | Videregående trinn 3 | Påbygging til generell studiekompetanse,status_publisert,skrive tekster i ulike sjangre og bearbeide tekster etter tilbakemeldinger,,skrive tekster i ulike sjangre og bearbeide tekster etter tilbakemeldinger,,nei,,KM1032
http://psi.udir.no/kl06/KM15129,KM15129,NOR08,03,Læreplan i morsmål for språklige minoriteter,"Morsmål for språklige minoriteter, nivå 2, 1. årstrinn | Morsmål for språklige minoriteter, nivå 2, 2. årstrinn | Morsmål for språklige minoriteter, nivå 2, 3. årstrinn | Morsmål for språklige minoriteter, nivå 2, 4. årstrinn | Morsmål for språklige minoriteter, nivå 2, 5. årstrinn | Morsmål for språklige minoriteter, nivå 2, 6. årstrinn | Morsmål for språklige minoriteter, nivå 2, 7. årstrinn | Morsmål for språklige minoriteter, nivå 2, 8. årstrinn | Morsmål for språklige minoriteter, nivå 2, 9. årstrinn | Morsmål for språklige minoriteter, nivå 2, 10. årstrinn | Morsmål for språklige minoriteter, nivå 2, vg1 studieforberedende utdanningsprogram | Morsmål for språklige minoriteter, nivå 2, vg2 studieforberedende utdanningsprogram | Morsmål for språklige minoriteter, nivå 2, vg3 studieforberedende utdanningsprogram | Morsmål for språklige minoriteter, nivå 2, vg1 yrkesfaglige utdanningsprogram | Morsmål for språklige minoriteter, nivå 2, vg2 yrkesfaglige utdanningsprogram | Morsmål for språklige minoriteter, nivå 2, vg3 påbygging til generell studiekompetanse",Første årstrinn | Andre årstrinn | Tredje årstrinn | Fjerde årstrinn | Femte årstrinn | Sjette årstrinn | Syvende årstrinn | Åttende årstrinn | Niende årstrinn | Tiende årstrinn | Videregående trinn 1 | Videregående trinn 2 | Videregående trinn 3 | Påbygging til generell studiekompetanse,status_publisert,orientere seg i faglige kilder og vise til kilder i egne tekster,,orientere seg i faglige kilder og vise til kilder i egne tekster,,nei,,KM1033
http://psi.udir.no/kl06/KM15130,KM15130,NOR08,03,Læreplan i morsmål for språklige minoriteter,"Morsmål for språklige minoriteter, nivå 2, 1. årstrinn | Morsmål for språklige minoriteter, nivå 2, 2. årstrinn | Morsmål for språklige minoriteter, nivå 2, 3. årstrinn | Morsmål for språklige minoriteter, nivå 2, 4. årstrinn | Morsmål for språklige minoriteter, nivå 2, 5. årstrinn | Morsmål for språklige minoriteter, nivå 2, 6. årstrinn | Morsmål for språklige minoriteter, nivå 2, 7. årstrinn | Morsmål for språklige minoriteter, nivå 2, 8. årstrinn | Morsmål for språklige minoriteter, nivå 2, 9. årstrinn | Morsmål for språklige minoriteter, nivå 2, 10. årstrinn | Morsmål for språklige minoriteter, nivå 2, vg1 studieforberedende utdanningsprogram | Morsmål for språklige minoriteter, nivå 2, vg2 studieforberedende utdanningsprogram | Morsmål for språklige minoriteter, nivå 2, vg3 studieforberedende utdanningsprogram | Morsmål for språklige minoriteter, nivå 2, vg1 yrkesfaglige utdanningsprogram | Morsmål for språklige minoriteter, nivå 2, vg2 yrkesfaglige utdanningsprogram | Morsmål for språklige minoriteter, nivå 2, vg3 påbygging til generell studiekompetanse",Første årstrinn | Andre årstrinn | Tredje årstrinn | Fjerde årstrinn | Femte årstrinn | Sjette årstrinn | Syvende årstrinn | Åttende årstrinn | Niende årstrinn | Tiende årstrinn | Videregående trinn 1 | Videregående trinn 2 | Videregående trinn 3 | Påbygging til generell studiekompetanse,status_publisert,bruke digitale ressurser på morsmålet og på norsk i kommunikasjon og følge regler for personvern,,bruke digitale ressurser på morsmålet og på norsk i kommunikasjon og følge regler for personvern,,nei,,KM1034
http://psi.udir.no/kl06/KM15131,KM15131,NOR08,03,Læreplan i morsmål for språklige minoriteter,"Morsmål for språklige minoriteter, nivå 2, 1. årstrinn | Morsmål for språklige minoriteter, nivå 2, 2. årstrinn | Morsmål for språklige minoriteter, nivå 2, 3. årstrinn | Morsmål for språklige minoriteter, nivå 2, 4. årstrinn | Morsmål for språklige minoriteter, nivå 2, 5. årstrinn | Morsmål for språklige minoriteter, nivå 2, 6. årstrinn | Morsmål for språklige minoriteter, nivå 2, 7. årstrinn | Morsmål for språklige minoriteter, nivå 2, 8. årstrinn | Morsmål for språklige minoriteter, nivå 2, 9. årstrinn | Morsmål for språklige minoriteter, nivå 2, 10. årstrinn | Morsmål for språklige minoriteter, nivå 2, vg1 studieforberedende utdanningsprogram | Morsmål for språklige minoriteter, nivå 2, vg2 studieforberedende utdanningsprogram | Morsmål for språklige minoriteter, nivå 2, vg3 studieforberedende utdanningsprogram | Morsmål for språklige minoriteter, nivå 2, vg1 yrkesfaglige utdanningsprogram | Morsmål for språklige minoriteter, nivå 2, vg2 yrkesfaglige utdanningsprogram | Morsmål for språklige minoriteter, nivå 2, vg3 påbygging til generell studiekompetanse",Første årstrinn | Andre årstrinn | Tredje årstrinn | Fjerde årstrinn | Femte årstrinn | Sjette årstrinn | Syvende årstrinn | Åttende årstrinn | Niende årstrinn | Tiende årstrinn | Videregående trinn 1 | Videregående trinn 2 | Videregående trinn 3 | Påbygging til generell studiekompetanse,status_publisert,reflektere over sin egen og andres flerspråklige situasjon og språklige utvikling i et flerkulturelt samfunn,,reflektere over sin egen og andres flerspråklige situasjon og språklige utvikling i et flerkulturelt samfunn,,nei,,KM1035
http://psi.udir.no/kl06/KM15132,KM15132,NOR08,03,Læreplan i morsmål for språklige minoriteter,"Morsmål for språklige minoriteter, nivå 2, 1. årstrinn | Morsmål for språklige minoriteter, nivå 2, 2. årstrinn | Morsmål for språklige minoriteter, nivå 2, 3. årstrinn | Morsmål for språklige minoriteter, nivå 2, 4. årstrinn | Morsmål for språklige minoriteter, nivå 2, 5. årstrinn | Morsmål for språklige minoriteter, nivå 2, 6. årstrinn | Morsmål for språklige minoriteter, nivå 2, 7. årstrinn | Morsmål for språklige minoriteter, nivå 2, 8. årstrinn | Morsmål for språklige minoriteter, nivå 2, 9. årstrinn | Morsmål for språklige minoriteter, nivå 2, 10. årstrinn | Morsmål for språklige minoriteter, nivå 2, vg1 studieforberedende utdanningsprogram | Morsmål for språklige minoriteter, nivå 2, vg2 studieforberedende utdanningsprogram | Morsmål for språklige minoriteter, nivå 2, vg3 studieforberedende utdanningsprogram | Morsmål for språklige minoriteter, nivå 2, vg1 yrkesfaglige utdanningsprogram | Morsmål for språklige minoriteter, nivå 2, vg2 yrkesfaglige utdanningsprogram | Morsmål for språklige minoriteter, nivå 2, vg3 påbygging til generell studiekompetanse",Første årstrinn | Andre årstrinn | Tredje årstrinn | Fjerde årstrinn | Femte årstrinn | Sjette årstrinn | Syvende årstrinn | Åttende årstrinn | Niende årstrinn | Tiende årstrinn | Videregående trinn 1 | Videregående trinn 2 | Videregående trinn 3 | Påbygging til generell studiekompetanse,status_publisert,"kjenne til grunnleggende sider ved kulturen i land der morsmålet brukes, og sammenligne med norsk kultur",,"kjenne til grunnleggende sider ved kulturen i land der morsmålet brukes, og sammenligne med norsk kultur",,nei,,KM1036
http://psi.udir.no/kl06/KM15133,KM15133,NOR08,03,Læreplan i morsmål for språklige minoriteter,"Morsmål for språklige minoriteter, nivå 3, 1. årstrinn | Morsmål for språklige minoriteter, nivå 3, 2. årstrinn | Morsmål for språklige minoriteter, nivå 3, 3. årstrinn | Morsmål for språklige minoriteter, nivå 3, 4. årstrinn | Morsmål for språklige minoriteter, nivå 3, 5. årstrinn | Morsmål for språklige minoriteter, nivå 3, 6. årstrinn | Morsmål for språklige minoriteter, nivå 3, 7. årstrinn | Morsmål for språklige minoriteter, nivå 3, 8. årstrinn | Morsmål for språklige minoriteter, nivå 3, 9. årstrinn | Morsmål for språklige minoriteter, nivå 3, 10. årstrinn | Morsmål for språklige minoriteter, nivå 3, vg1 studieforberedende utdanningsprogram | Morsmål for språklige minoriteter, nivå 3, vg2 studieforberedende utdanningsprogram | Morsmål for språklige minoriteter, nivå 3, vg3 studieforberedende utdanningsprogram | Morsmål for språklige minoriteter, nivå 3, vg1 yrkesfaglige utdanningsprogram | Morsmål for språklige minoriteter, nivå 3, vg2 yrkesfaglige utdanningsprogram | Morsmål for språklige minoriteter, nivå 3, vg3 påbygging til generell studiekompetanse",Første årstrinn | Andre årstrinn | Tredje årstrinn | Fjerde årstrinn | Femte årstrinn | Sjette årstrinn | Syvende årstrinn | Åttende årstrinn | Niende årstrinn | Tiende årstrinn | Videregående trinn 1 | Videregående trinn 2 | Videregående trinn 3 | Påbygging til generell studiekompetanse,status_publisert,"føre faglige samtaler, begrunne egne meninger og argumentere saklig i diskusjoner",,"føre faglige samtaler, begrunne egne meninger og argumentere saklig i diskusjoner",,nei,,KM1037
http://psi.udir.no/kl06/KM15134,KM15134,NOR08,03,Læreplan i morsmål for språklige minoriteter,"Morsmål for språklige minoriteter, nivå 3, 1. årstrinn | Morsmål for språklige minoriteter, nivå 3, 2. årstrinn | Morsmål for språklige minoriteter, nivå 3, 3. årstrinn | Morsmål for språklige minoriteter, nivå 3, 4. årstrinn | Morsmål for språklige minoriteter, nivå 3, 5. årstrinn | Morsmål for språklige minoriteter, nivå 3, 6. årstrinn | Morsmål for språklige minoriteter, nivå 3, 7. årstrinn | Morsmål for språklige minoriteter, nivå 3, 8. årstrinn | Morsmål for språklige minoriteter, nivå 3, 9. årstrinn | Morsmål for språklige minoriteter, nivå 3, 10. årstrinn | Morsmål for språklige minoriteter, nivå 3, vg1 studieforberedende utdanningsprogram | Morsmål for språklige minoriteter, nivå 3, vg2 studieforberedende utdanningsprogram | Morsmål for språklige minoriteter, nivå 3, vg3 studieforberedende utdanningsprogram | Morsmål for språklige minoriteter, nivå 3, vg1 yrkesfaglige utdanningsprogram | Morsmål for språklige minoriteter, nivå 3, vg2 yrkesfaglige utdanningsprogram | Morsmål for språklige minoriteter, nivå 3, vg3 påbygging til generell studiekompetanse",Første årstrinn | Andre årstrinn | Tredje årstrinn | Fjerde årstrinn | Femte årstrinn | Sjette årstrinn | Syvende årstrinn | Åttende årstrinn | Niende årstrinn | Tiende årstrinn | Videregående trinn 1 | Videregående trinn 2 | Videregående trinn 3 | Påbygging til generell studiekompetanse,status_publisert,"bruke et bredt faglig ordforråd, forklare faglige begreper, gjengi innholdet i faglige tekster, og samtale om emner og fagstoff på trinnet",,"bruke et bredt faglig ordforråd, forklare faglige begreper, gjengi innholdet i faglige tekster, og samtale om emner og fagstoff på trinnet",,nei,,KM1038
http://psi.udir.no/kl06/KM15135,KM15135,NOR08,03,Læreplan i morsmål for språklige minoriteter,"Morsmål for språklige minoriteter, nivå 3, 1. årstrinn | Morsmål for språklige minoriteter, nivå 3, 2. årstrinn | Morsmål for språklige minoriteter, nivå 3, 3. årstrinn | Morsmål for språklige minoriteter, nivå 3, 4. årstrinn | Morsmål for språklige minoriteter, nivå 3, 5. årstrinn | Morsmål for språklige minoriteter, nivå 3, 6. årstrinn | Morsmål for språklige minoriteter, nivå 3, 7. årstrinn | Morsmål for språklige minoriteter, nivå 3, 8. årstrinn | Morsmål for språklige minoriteter, nivå 3, 9. årstrinn | Morsmål for språklige minoriteter, nivå 3, 10. årstrinn | Morsmål for språklige minoriteter, nivå 3, vg1 studieforberedende utdanningsprogram | Morsmål for språklige minoriteter, nivå 3, vg2 studieforberedende utdanningsprogram | Morsmål for språklige minoriteter, nivå 3, vg3 studieforberedende utdanningsprogram | Morsmål for språklige minoriteter, nivå 3, vg1 yrkesfaglige utdanningsprogram | Morsmål for språklige minoriteter, nivå 3, vg2 yrkesfaglige utdanningsprogram | Morsmål for språklige minoriteter, nivå 3, vg3 påbygging til generell studiekompetanse",Første årstrinn | Andre årstrinn | Tredje årstrinn | Fjerde årstrinn | Femte årstrinn | Sjette årstrinn | Syvende årstrinn | Åttende årstrinn | Niende årstrinn | Tiende årstrinn | Videregående trinn 1 | Videregående trinn 2 | Videregående trinn 3 | Påbygging til generell studiekompetanse,status_publisert,utforske hvordan språk brukes i ulike sosiale sammenhenger,,utforske hvordan språk brukes i ulike sosiale sammenhenger,,nei,,KM1039
http://psi.udir.no/kl06/KM15136,KM15136,NOR08,03,Læreplan i morsmål for språklige minoriteter,"Morsmål for språklige minoriteter, nivå 3, 1. årstrinn | Morsmål for språklige minoriteter, nivå 3, 2. årstrinn | Morsmål for språklige minoriteter, nivå 3, 3. årstrinn | Morsmål for språklige minoriteter, nivå 3, 4. årstrinn | Morsmål for språklige minoriteter, nivå 3, 5. årstrinn | Morsmål for språklige minoriteter, nivå 3, 6. årstrinn | Morsmål for språklige minoriteter, nivå 3, 7. årstrinn | Morsmål for språklige minoriteter, nivå 3, 8. årstrinn | Morsmål for språklige minoriteter, nivå 3, 9. årstrinn | Morsmål for språklige minoriteter, nivå 3, 10. årstrinn | Morsmål for språklige minoriteter, nivå 3, vg1 studieforberedende utdanningsprogram | Morsmål for språklige minoriteter, nivå 3, vg2 studieforberedende utdanningsprogram | Morsmål for språklige minoriteter, nivå 3, vg3 studieforberedende utdanningsprogram | Morsmål for språklige minoriteter, nivå 3, vg1 yrkesfaglige utdanningsprogram | Morsmål for språklige minoriteter, nivå 3, vg2 yrkesfaglige utdanningsprogram | Morsmål for språklige minoriteter, nivå 3, vg3 påbygging til generell studiekompetanse",Første årstrinn | Andre årstrinn | Tredje årstrinn | Fjerde årstrinn | Femte årstrinn | Sjette årstrinn | Syvende årstrinn | Åttende årstrinn | Niende årstrinn | Tiende årstrinn | Videregående trinn 1 | Videregående trinn 2 | Videregående trinn 3 | Påbygging til generell studiekompetanse,status_publisert,bruke fagspråk for å beskrive morsmålet og sammenligne det med norsk,,bruke fagspråk for å beskrive morsmålet og sammenligne det med norsk,,nei,,KM1040
http://psi.udir.no/kl06/KM15137,KM15137,NOR08,03,Læreplan i morsmål for språklige minoriteter,"Morsmål for språklige minoriteter, nivå 3, 1. årstrinn | Morsmål for språklige minoriteter, nivå 3, 2. årstrinn | Morsmål for språklige minoriteter, nivå 3, 3. årstrinn | Morsmål for språklige minoriteter, nivå 3, 4. årstrinn | Morsmål for språklige minoriteter, nivå 3, 5. årstrinn | Morsmål for språklige minoriteter, nivå 3, 6. årstrinn | Morsmål for språklige minoriteter, nivå 3, 7. årstrinn | Morsmål for språklige minoriteter, nivå 3, 8. årstrinn | Morsmål for språklige minoriteter, nivå 3, 9. årstrinn | Morsmål for språklige minoriteter, nivå 3, 10. årstrinn | Morsmål for språklige minoriteter, nivå 3, vg1 studieforberedende utdanningsprogram | Morsmål for språklige minoriteter, nivå 3, vg2 studieforberedende utdanningsprogram | Morsmål for språklige minoriteter, nivå 3, vg3 studieforberedende utdanningsprogram | Morsmål for språklige minoriteter, nivå 3, vg1 yrkesfaglige utdanningsprogram | Morsmål for språklige minoriteter, nivå 3, vg2 yrkesfaglige utdanningsprogram | Morsmål for språklige minoriteter, nivå 3, vg3 påbygging til generell studiekompetanse",Første årstrinn | Andre årstrinn | Tredje årstrinn | Fjerde årstrinn | Femte årstrinn | Sjette årstrinn | Syvende årstrinn | Åttende årstrinn | Niende årstrinn | Tiende årstrinn | Videregående trinn 1 | Videregående trinn 2 | Videregående trinn 3 | Påbygging til generell studiekompetanse,status_publisert,reflektere rundt egen språklæring på morsmålet og på norsk,,reflektere rundt egen språklæring på morsmålet og på norsk,,nei,,KM1041
http://psi.udir.no/kl06/KM15138,KM15138,NOR08,03,Læreplan i morsmål for språklige minoriteter,"Morsmål for språklige minoriteter, nivå 3, 1. årstrinn | Morsmål for språklige minoriteter, nivå 3, 2. årstrinn | Morsmål for språklige minoriteter, nivå 3, 3. årstrinn | Morsmål for språklige minoriteter, nivå 3, 4. årstrinn | Morsmål for språklige minoriteter, nivå 3, 5. årstrinn | Morsmål for språklige minoriteter, nivå 3, 6. årstrinn | Morsmål for språklige minoriteter, nivå 3, 7. årstrinn | Morsmål for språklige minoriteter, nivå 3, 8. årstrinn | Morsmål for språklige minoriteter, nivå 3, 9. årstrinn | Morsmål for språklige minoriteter, nivå 3, 10. årstrinn | Morsmål for språklige minoriteter, nivå 3, vg1 studieforberedende utdanningsprogram | Morsmål for språklige minoriteter, nivå 3, vg2 studieforberedende utdanningsprogram | Morsmål for språklige minoriteter, nivå 3, vg3 studieforberedende utdanningsprogram | Morsmål for språklige minoriteter, nivå 3, vg1 yrkesfaglige utdanningsprogram | Morsmål for språklige minoriteter, nivå 3, vg2 yrkesfaglige utdanningsprogram | Morsmål for språklige minoriteter, nivå 3, vg3 påbygging til generell studiekompetanse",Første årstrinn | Andre årstrinn | Tredje årstrinn | Fjerde årstrinn | Femte årstrinn | Sjette årstrinn | Syvende årstrinn | Åttende årstrinn | Niende årstrinn | Tiende årstrinn | Videregående trinn 1 | Videregående trinn 2 | Videregående trinn 3 | Påbygging til generell studiekompetanse,status_publisert,"lese, tolke og reflektere over innhold og form i skjønnlitterære tekster",,"lese, tolke og reflektere over innhold og form i skjønnlitterære tekster",,nei,,KM1042
http://psi.udir.no/kl06/KM15139,KM15139,NOR08,03,Læreplan i morsmål for språklige minoriteter,"Morsmål for språklige minoriteter, nivå 3, 1. årstrinn | Morsmål for språklige minoriteter, nivå 3, 2. årstrinn | Morsmål for språklige minoriteter, nivå 3, 3. årstrinn | Morsmål for språklige minoriteter, nivå 3, 4. årstrinn | Morsmål for språklige minoriteter, nivå 3, 5. årstrinn | Morsmål for språklige minoriteter, nivå 3, 6. årstrinn | Morsmål for språklige minoriteter, nivå 3, 7. årstrinn | Morsmål for språklige minoriteter, nivå 3, 8. årstrinn | Morsmål for språklige minoriteter, nivå 3, 9. årstrinn | Morsmål for språklige minoriteter, nivå 3, 10. årstrinn | Morsmål for språklige minoriteter, nivå 3, vg1 studieforberedende utdanningsprogram | Morsmål for språklige minoriteter, nivå 3, vg2 studieforberedende utdanningsprogram | Morsmål for språklige minoriteter, nivå 3, vg3 studieforberedende utdanningsprogram | Morsmål for språklige minoriteter, nivå 3, vg1 yrkesfaglige utdanningsprogram | Morsmål for språklige minoriteter, nivå 3, vg2 yrkesfaglige utdanningsprogram | Morsmål for språklige minoriteter, nivå 3, vg3 påbygging til generell studiekompetanse",Første årstrinn | Andre årstrinn | Tredje årstrinn | Fjerde årstrinn | Femte årstrinn | Sjette årstrinn | Syvende årstrinn | Åttende årstrinn | Niende årstrinn | Tiende årstrinn | Videregående trinn 1 | Videregående trinn 2 | Videregående trinn 3 | Påbygging til generell studiekompetanse,status_publisert,forstå innholdet i og kunne samtale om fagtekster,,forstå innholdet i og kunne samtale om fagtekster,,nei,,KM1043
http://psi.udir.no/kl06/KM15140,KM15140,NOR08,03,Læreplan i morsmål for språklige minoriteter,"Morsmål for språklige minoriteter, nivå 3, 1. årstrinn | Morsmål for språklige minoriteter, nivå 3, 2. årstrinn | Morsmål for språklige minoriteter, nivå 3, 3. årstrinn | Morsmål for språklige minoriteter, nivå 3, 4. årstrinn | Morsmål for språklige minoriteter, nivå 3, 5. årstrinn | Morsmål for språklige minoriteter, nivå 3, 6. årstrinn | Morsmål for språklige minoriteter, nivå 3, 7. årstrinn | Morsmål for språklige minoriteter, nivå 3, 8. årstrinn | Morsmål for språklige minoriteter, nivå 3, 9. årstrinn | Morsmål for språklige minoriteter, nivå 3, 10. årstrinn | Morsmål for språklige minoriteter, nivå 3, vg1 studieforberedende utdanningsprogram | Morsmål for språklige minoriteter, nivå 3, vg2 studieforberedende utdanningsprogram | Morsmål for språklige minoriteter, nivå 3, vg3 studieforberedende utdanningsprogram | Morsmål for språklige minoriteter, nivå 3, vg1 yrkesfaglige utdanningsprogram | Morsmål for språklige minoriteter, nivå 3, vg2 yrkesfaglige utdanningsprogram | Morsmål for språklige minoriteter, nivå 3, vg3 påbygging til generell studiekompetanse",Første årstrinn | Andre årstrinn | Tredje årstrinn | Fjerde årstrinn | Femte årstrinn | Sjette årstrinn | Syvende årstrinn | Åttende årstrinn | Niende årstrinn | Tiende årstrinn | Videregående trinn 1 | Videregående trinn 2 | Videregående trinn 3 | Påbygging til generell studiekompetanse,status_publisert,bruke varierte og hensiktsmessige lesestrategier i arbeid med tekster i ulike sjangre,,bruke varierte og hensiktsmessige lesestrategier i arbeid med tekster i ulike sjangre,,nei,,KM1044
http://psi.udir.no/kl06/KM15141,KM15141,NOR08,03,Læreplan i morsmål for språklige minoriteter,"Morsmål for språklige minoriteter, nivå 3, 1. årstrinn | Morsmål for språklige minoriteter, nivå 3, 2. årstrinn | Morsmål for språklige minoriteter, nivå 3, 3. årstrinn | Morsmål for språklige minoriteter, nivå 3, 4. årstrinn | Morsmål for språklige minoriteter, nivå 3, 5. årstrinn | Morsmål for språklige minoriteter, nivå 3, 6. årstrinn | Morsmål for språklige minoriteter, nivå 3, 7. årstrinn | Morsmål for språklige minoriteter, nivå 3, 8. årstrinn | Morsmål for språklige minoriteter, nivå 3, 9. årstrinn | Morsmål for språklige minoriteter, nivå 3, 10. årstrinn | Morsmål for språklige minoriteter, nivå 3, vg1 studieforberedende utdanningsprogram | Morsmål for språklige minoriteter, nivå 3, vg2 studieforberedende utdanningsprogram | Morsmål for språklige minoriteter, nivå 3, vg3 studieforberedende utdanningsprogram | Morsmål for språklige minoriteter, nivå 3, vg1 yrkesfaglige utdanningsprogram | Morsmål for språklige minoriteter, nivå 3, vg2 yrkesfaglige utdanningsprogram | Morsmål for språklige minoriteter, nivå 3, vg3 påbygging til generell studiekompetanse",Første årstrinn | Andre årstrinn | Tredje årstrinn | Fjerde årstrinn | Femte årstrinn | Sjette årstrinn | Syvende årstrinn | Åttende årstrinn | Niende årstrinn | Tiende årstrinn | Videregående trinn 1 | Videregående trinn 2 | Videregående trinn 3 | Påbygging til generell studiekompetanse,status_publisert,"skrive tekster i ulike sjangre, vurdere og revidere tekster etter tilbakemelding og gi tilbakemelding på andres tekster",,"skrive tekster i ulike sjangre, vurdere og revidere tekster etter tilbakemelding og gi tilbakemelding på andres tekster",,nei,,KM1045
http://psi.udir.no/kl06/KM15142,KM15142,NOR08,03,Læreplan i morsmål for språklige minoriteter,"Morsmål for språklige minoriteter, nivå 3, 1. årstrinn | Morsmål for språklige minoriteter, nivå 3, 2. årstrinn | Morsmål for språklige minoriteter, nivå 3, 3. årstrinn | Morsmål for språklige minoriteter, nivå 3, 4. årstrinn | Morsmål for språklige minoriteter, nivå 3, 5. årstrinn | Morsmål for språklige minoriteter, nivå 3, 6. årstrinn | Morsmål for språklige minoriteter, nivå 3, 7. årstrinn | Morsmål for språklige minoriteter, nivå 3, 8. årstrinn | Morsmål for språklige minoriteter, nivå 3, 9. årstrinn | Morsmål for språklige minoriteter, nivå 3, 10. årstrinn | Morsmål for språklige minoriteter, nivå 3, vg1 studieforberedende utdanningsprogram | Morsmål for språklige minoriteter, nivå 3, vg2 studieforberedende utdanningsprogram | Morsmål for språklige minoriteter, nivå 3, vg3 studieforberedende utdanningsprogram | Morsmål for språklige minoriteter, nivå 3, vg1 yrkesfaglige utdanningsprogram | Morsmål for språklige minoriteter, nivå 3, vg2 yrkesfaglige utdanningsprogram | Morsmål for språklige minoriteter, nivå 3, vg3 påbygging til generell studiekompetanse",Første årstrinn | Andre årstrinn | Tredje årstrinn | Fjerde årstrinn | Femte årstrinn | Sjette årstrinn | Syvende årstrinn | Åttende årstrinn | Niende årstrinn | Tiende årstrinn | Videregående trinn 1 | Videregående trinn 2 | Videregående trinn 3 | Påbygging til generell studiekompetanse,status_publisert,bruke og vurdere flerspråklige digitale læringsressurser og nettsteder,,bruke og vurdere flerspråklige digitale læringsressurser og nettsteder,,nei,,KM1046
http://psi.udir.no/kl06/KM15143,KM15143,NOR08,03,Læreplan i morsmål for språklige minoriteter,"Morsmål for språklige minoriteter, nivå 3, 1. årstrinn | Morsmål for språklige minoriteter, nivå 3, 2. årstrinn | Morsmål for språklige minoriteter, nivå 3, 3. årstrinn | Morsmål for språklige minoriteter, nivå 3, 4. årstrinn | Morsmål for språklige minoriteter, nivå 3, 5. årstrinn | Morsmål for språklige minoriteter, nivå 3, 6. årstrinn | Morsmål for språklige minoriteter, nivå 3, 7. årstrinn | Morsmål for språklige minoriteter, nivå 3, 8. årstrinn | Morsmål for språklige minoriteter, nivå 3, 9. årstrinn | Morsmål for språklige minoriteter, nivå 3, 10. årstrinn | Morsmål for språklige minoriteter, nivå 3, vg1 studieforberedende utdanningsprogram | Morsmål for språklige minoriteter, nivå 3, vg2 studieforberedende utdanningsprogram | Morsmål for språklige minoriteter, nivå 3, vg3 studieforberedende utdanningsprogram | Morsmål for språklige minoriteter, nivå 3, vg1 yrkesfaglige utdanningsprogram | Morsmål for språklige minoriteter, nivå 3, vg2 yrkesfaglige utdanningsprogram | Morsmål for språklige minoriteter, nivå 3, vg3 påbygging til generell studiekompetanse",Første årstrinn | Andre årstrinn | Tredje årstrinn | Fjerde årstrinn | Femte årstrinn | Sjette årstrinn | Syvende årstrinn | Åttende årstrinn | Niende årstrinn | Tiende årstrinn | Videregående trinn 1 | Videregående trinn 2 | Videregående trinn 3 | Påbygging til generell studiekompetanse,status_publisert,planlegge og utforme ulike digitale tekster og bruke regler for nettvett,,planlegge og utforme ulike digitale tekster og bruke regler for nettvett,,nei,,KM1058
http://psi.udir.no/kl06/KM15144,KM15144,NOR08,03,Læreplan i morsmål for språklige minoriteter,"Morsmål for språklige minoriteter, nivå 3, 1. årstrinn | Morsmål for språklige minoriteter, nivå 3, 2. årstrinn | Morsmål for språklige minoriteter, nivå 3, 3. årstrinn | Morsmål for språklige minoriteter, nivå 3, 4. årstrinn | Morsmål for språklige minoriteter, nivå 3, 5. årstrinn | Morsmål for språklige minoriteter, nivå 3, 6. årstrinn | Morsmål for språklige minoriteter, nivå 3, 7. årstrinn | Morsmål for språklige minoriteter, nivå 3, 8. årstrinn | Morsmål for språklige minoriteter, nivå 3, 9. årstrinn | Morsmål for språklige minoriteter, nivå 3, 10. årstrinn | Morsmål for språklige minoriteter, nivå 3, vg1 studieforberedende utdanningsprogram | Morsmål for språklige minoriteter, nivå 3, vg2 studieforberedende utdanningsprogram | Morsmål for språklige minoriteter, nivå 3, vg3 studieforberedende utdanningsprogram | Morsmål for språklige minoriteter, nivå 3, vg1 yrkesfaglige utdanningsprogram | Morsmål for språklige minoriteter, nivå 3, vg2 yrkesfaglige utdanningsprogram | Morsmål for språklige minoriteter, nivå 3, vg3 påbygging til generell studiekompetanse",Første årstrinn | Andre årstrinn | Tredje årstrinn | Fjerde årstrinn | Femte årstrinn | Sjette årstrinn | Syvende årstrinn | Åttende årstrinn | Niende årstrinn | Tiende årstrinn | Videregående trinn 1 | Videregående trinn 2 | Videregående trinn 3 | Påbygging til generell studiekompetanse,status_publisert,"utforske og reflektere over sammenhengen mellom språk, kultur og identitet både i Norge og i land der morsmålet brukes",,"utforske og reflektere over sammenhengen mellom språk, kultur og identitet både i Norge og i land der morsmålet brukes",,nei,,KM1068
http://psi.udir.no/kl06/KM15145,KM15145,KEF01,02,Læreplan i kvensk eller finsk som andrespråk,Kvensk eller finsk som andrespråk 1. årstrinn | Kvensk eller finsk som andrespråk 2. årstrinn,Andre årstrinn,status_publisert,"lytte, forstå, lese og bruke innøvde ord og fraser i nye situasjoner",,"lytte, forstå, lese og bruke innøvde ord og fraser i nye situasjoner",,nei,,KM1847
http://psi.udir.no/kl06/KM15148,KM15148,KEF01,02,Læreplan i kvensk eller finsk som andrespråk,Kvensk eller finsk som andrespråk 1. årstrinn | Kvensk eller finsk som andrespråk 2. årstrinn,Andre årstrinn,status_publisert,kommunisere i lek og bruke praktiske situasjoner til å lære språk,,kommunisere i lek og bruke praktiske situasjoner til å lære språk,,nei,,KM1871
http://psi.udir.no/kl06/KM15146,KM15146,KEF01,02,Læreplan i kvensk eller finsk som andrespråk,Kvensk eller finsk som andrespråk 1. årstrinn | Kvensk eller finsk som andrespråk 2. årstrinn,Andre årstrinn,status_publisert,"leke og eksperimentere med språklyder, stavelser, ord og setninger",,"leke og eksperimentere med språklyder, stavelser, ord og setninger",,nei,,KM1869
http://psi.udir.no/kl06/KM15147,KM15147,KEF01,02,Læreplan i kvensk eller finsk som andrespråk,Kvensk eller finsk som andrespråk 1. årstrinn | Kvensk eller finsk som andrespråk 2. årstrinn,Andre årstrinn,status_publisert,fortelle om opplevelser eller erfaringer gjennom kreative og estetiske uttrykk,,fortelle om opplevelser eller erfaringer gjennom kreative og estetiske uttrykk,,nei,,KM1870
http://psi.udir.no/kl06/KM15150,KM15150,KEF01,02,Læreplan i kvensk eller finsk som andrespråk,Kvensk eller finsk som andrespråk 3. årstrinn | Kvensk eller finsk som andrespråk 4. årstrinn,Fjerde årstrinn,status_publisert,delta i samtale om kjente emner,,delta i samtale om kjente emner,,nei,,KM1873
http://psi.udir.no/kl06/KM15149,KM15149,KEF01,02,Læreplan i kvensk eller finsk som andrespråk,Kvensk eller finsk som andrespråk 3. årstrinn | Kvensk eller finsk som andrespråk 4. årstrinn,Fjerde årstrinn,status_publisert,finne informasjon og uttrykke forståelse av innholdet,,finne informasjon og uttrykke forståelse av innholdet,,nei,,KM1872
http://psi.udir.no/kl06/KM15152,KM15152,KEF01,02,Læreplan i kvensk eller finsk som andrespråk,Kvensk eller finsk som andrespråk 3. årstrinn | Kvensk eller finsk som andrespråk 4. årstrinn,Fjerde årstrinn,status_publisert,utforske ulike språkarenaer og bruke dem til egen språklæring,,utforske ulike språkarenaer og bruke dem til egen språklæring,,nei,,KM1875
http://psi.udir.no/kl06/KM15151,KM15151,KEF01,02,Læreplan i kvensk eller finsk som andrespråk,Kvensk eller finsk som andrespråk 3. årstrinn | Kvensk eller finsk som andrespråk 4. årstrinn,Fjerde årstrinn,status_publisert,utforske og eksperimentere med oppbygningen av ord og setninger,,utforske og eksperimentere med oppbygningen av ord og setninger,,nei,,KM1874
http://psi.udir.no/kl06/KM15153,KM15153,KEF01,02,Læreplan i kvensk eller finsk som andrespråk,Kvensk eller finsk som andrespråk 3. årstrinn | Kvensk eller finsk som andrespråk 4. årstrinn,Fjerde årstrinn,status_publisert,"bli kjent med, dokumentere og presentere tradisjoner eller kulturelle uttrykk",,"bli kjent med, dokumentere og presentere tradisjoner eller kulturelle uttrykk",,nei,,KM1876
http://psi.udir.no/kl06/KM15154,KM15154,KEF01,02,Læreplan i kvensk eller finsk som andrespråk,Kvensk eller finsk som andrespråk 5. årstrinn | Kvensk eller finsk som andrespråk 6. årstrinn | Kvensk eller finsk som andrespråk 7. årstrinn,Syvende årstrinn,status_publisert,delta i spontane og planlagte muntlige og skriftlige situasjoner,,delta i spontane og planlagte muntlige og skriftlige situasjoner,,nei,,KM1878
http://psi.udir.no/kl06/KM15155,KM15155,KEF01,02,Læreplan i kvensk eller finsk som andrespråk,Kvensk eller finsk som andrespråk 5. årstrinn | Kvensk eller finsk som andrespråk 6. årstrinn | Kvensk eller finsk som andrespråk 7. årstrinn,Syvende årstrinn,status_publisert,bruke relevante ordbøyinger og setningsstrukturer i egen produksjon,,bruke relevante ordbøyinger og setningsstrukturer i egen produksjon,,nei,,KM1887
http://psi.udir.no/kl06/KM15156,KM15156,KEF01,02,Læreplan i kvensk eller finsk som andrespråk,Kvensk eller finsk som andrespråk 5. årstrinn | Kvensk eller finsk som andrespråk 6. årstrinn | Kvensk eller finsk som andrespråk 7. årstrinn,Syvende årstrinn,status_publisert,utforske og reflektere over flerspråklighet og språkmøter,,utforske og reflektere over flerspråklighet og språkmøter,,nei,,KM1879
http://psi.udir.no/kl06/KM15157,KM15157,KEF01,02,Læreplan i kvensk eller finsk som andrespråk,Kvensk eller finsk som andrespråk 5. årstrinn | Kvensk eller finsk som andrespråk 6. årstrinn | Kvensk eller finsk som andrespråk 7. årstrinn,Syvende årstrinn,status_publisert,bli kjent med kvener/norskfinner som en nasjonal minoritet og utforske og beskrive likheter med andre minoriteter,,bli kjent med kvener/norskfinner som en nasjonal minoritet og utforske og beskrive likheter med andre minoriteter,,nei,,KM1880
http://psi.udir.no/kl06/KM15158,KM15158,KEF01,02,Læreplan i kvensk eller finsk som andrespråk,Kvensk eller finsk som andrespråk 8. årstrinn | Kvensk eller finsk som andrespråk 9. årstrinn | Kvensk eller finsk som andrespråk 10. årstrinn,Tiende årstrinn,status_publisert,delta i spontane og planlagte samtaler om ulike emner,,delta i spontane og planlagte samtaler om ulike emner,,nei,,KM1881
http://psi.udir.no/kl06/KM15161,KM15161,KEF01,02,Læreplan i kvensk eller finsk som andrespråk,Kvensk eller finsk som andrespråk 8. årstrinn | Kvensk eller finsk som andrespråk 9. årstrinn | Kvensk eller finsk som andrespråk 10. årstrinn,Tiende årstrinn,status_publisert,"finne informasjon om kjente temaer, og bruke den i egen produksjon",,"finne informasjon om kjente temaer, og bruke den i egen produksjon",,nei,,KM1884
http://psi.udir.no/kl06/KM15159,KM15159,KEF01,02,Læreplan i kvensk eller finsk som andrespråk,Kvensk eller finsk som andrespråk 8. årstrinn | Kvensk eller finsk som andrespråk 9. årstrinn | Kvensk eller finsk som andrespråk 10. årstrinn,Tiende årstrinn,status_publisert,bruke modelltekster i egen produksjon,,bruke modelltekster i egen produksjon,,nei,,KM1882
http://psi.udir.no/kl06/KM15160,KM15160,KEF01,02,Læreplan i kvensk eller finsk som andrespråk,Kvensk eller finsk som andrespråk 8. årstrinn | Kvensk eller finsk som andrespråk 9. årstrinn | Kvensk eller finsk som andrespråk 10. årstrinn,Tiende årstrinn,status_publisert,bruke kunnskap om språk og tekststruktur i egen tekstskaping,,bruke kunnskap om språk og tekststruktur i egen tekstskaping,,nei,,KM1883
http://psi.udir.no/kl06/KM15162,KM15162,KEF01,02,Læreplan i kvensk eller finsk som andrespråk,Kvensk eller finsk som andrespråk 8. årstrinn | Kvensk eller finsk som andrespråk 9. årstrinn | Kvensk eller finsk som andrespråk 10. årstrinn,Tiende årstrinn,status_publisert,undersøke og reflektere over ulike sider ved kvensk/norskfinsk kultur og historie og ulike sider ved «tre stammers møte»,,undersøke og reflektere over ulike sider ved kvensk/norskfinsk kultur og historie og ulike sider ved «tre stammers møte»,,nei,,KM1885
http://psi.udir.no/kl06/KM14929,KM14929,SFS01,06,Læreplan i samisk som førstespråk,Samisk som førstespråk 1. årstrinn | Samisk som førstespråk 2. årstrinn,Andre årstrinn,status_publisert,lytte og ta ordet etter tur i samtaler,,guldalit ja vurrolagaid ságastallat,,nei,,KM2284
http://psi.udir.no/kl06/KM14926,KM14926,SFS01,06,Læreplan i samisk som førstespråk,Samisk som førstespråk 1. årstrinn | Samisk som førstespråk 2. årstrinn,Andre årstrinn,status_publisert,uttrykke egne meninger og tanker om ulike emner og situasjoner,,albmanahttit iežas oaiviliid ja jurdagiid iešguđetlágan fáttáid ja dilálašvuođaid birra,,nei,,KM2287
http://psi.udir.no/kl06/KM14928,KM14928,SFS01,06,Læreplan i samisk som førstespråk,Samisk som førstespråk 1. årstrinn | Samisk som førstespråk 2. årstrinn,Andre årstrinn,status_publisert,"leke og arbeide kreativt med språklyder, stavelser, språkelementer og rytmer",,"stoahkat ja bargat kreatiivvalaččat jietnadagaiguin, stávvaliiguin, giellaelemeanttaiguin ja ritmmaiguin",,nei,,KM2285
http://psi.udir.no/kl06/KM14925,KM14925,SFS01,06,Læreplan i samisk som førstespråk,Samisk som førstespråk 1. årstrinn | Samisk som førstespråk 2. årstrinn,Andre årstrinn,status_publisert,lytte til og arbeide kreativt med muntlige og skriftlige fortellinger og tekster,,guldalit ja bargat kreatiivvalaččat njálmmálaš ja čálalaš muitalusaiguin ja teavsttaiguin,,nei,,KM2288
http://psi.udir.no/kl06/KM14932,KM14932,SFS01,06,Læreplan i samisk som førstespråk,Samisk som førstespråk 1. årstrinn | Samisk som førstespråk 2. årstrinn,Andre årstrinn,status_publisert,lese tekster med sammenheng og forståelse,,lohkat teavsttaid njuovžilit ja áddet sisdoalu,,nei,,KM2281
http://psi.udir.no/kl06/KM14930,KM14930,SFS01,06,Læreplan i samisk som førstespråk,Samisk som førstespråk 1. årstrinn | Samisk som førstespråk 2. årstrinn,Andre årstrinn,status_publisert,samtale om hva som er viktig informasjon og hva som er mindre viktig informasjon i ulike tekster,,ságastallat dan birra mat iešguđetlágan teavsttain leat deaŧalaš dieđut ja mat eai leat nu deaŧalaš dieđut,,nei,,KM2283
http://psi.udir.no/kl06/KM14933,KM14933,SFS01,06,Læreplan i samisk som førstespråk,Samisk som førstespråk 1. årstrinn | Samisk som førstespråk 2. årstrinn,Andre årstrinn,status_publisert,"arbeide kreativt med tegning og skriving, med og uten digitale verktøy",,"bargat kreatiivvalaččat tevdnemiin ja čállimiin, sihke digitála reaidduiguin ja daid haga",,nei,,KM2280
http://psi.udir.no/kl06/KM14924,KM14924,SFS01,06,Læreplan i samisk som førstespråk,Samisk som førstespråk 1. årstrinn | Samisk som førstespråk 2. årstrinn,Andre årstrinn,status_publisert,"skrive tekster for hånd og med tastatur, og med bruk av store og små bokstaver, punktum, utropstegn og spørsmålstegn",,"čállit teavsttaid sihke gieđain ja boallobevddiin, ja geavahit stuorra ja smávva bustávaid, čuoggáid, čuorvvasmearkkaid ja gažaldatmearkkaid",,nei,,KM2193
http://psi.udir.no/kl06/KM14934,KM14934,SFS01,06,Læreplan i samisk som førstespråk,Samisk som førstespråk 1. årstrinn | Samisk som førstespråk 2. årstrinn,Andre årstrinn,status_publisert,samtale om egen språklæring,,ságastallat iežas giellaoahppama birra,,nei,,KM2279
http://psi.udir.no/kl06/KM14927,KM14927,SFS01,06,Læreplan i samisk som førstespråk,Samisk som førstespråk 1. årstrinn | Samisk som førstespråk 2. årstrinn,Andre årstrinn,status_publisert,samtale om egen og andres dialekt,,ságastallat iežas ja earáid suopmaniid birra,,nei,,KM2286
http://psi.udir.no/kl06/KM14931,KM14931,SFS01,06,Læreplan i samisk som førstespråk,Samisk som førstespråk 1. årstrinn | Samisk som førstespråk 2. årstrinn,Andre årstrinn,status_publisert,"bruke ord og begreper knyttet til familie, lokalsamfunn og tradisjonell kunnskap",,"geavahit sániid ja doahpagiid mat gusket bearrašii, báikkálaš servodahkii ja árbevirolaš máhttui",,nei,,KM2282
http://psi.udir.no/kl06/KM14943,KM14943,SFS01,06,Læreplan i samisk som førstespråk,Samisk som førstespråk 3. årstrinn | Samisk som førstespråk 4. årstrinn,Fjerde årstrinn,status_publisert,"lytte til andre, stille oppklarende og utdypende spørsmål, og følge opp innspill fra andre",,"guldalit earáid, jearrat čielggadeaddji ja čiekŋudeaddji gažaldagaid, ja čuovvulit dan maid earát ovdanbuktet",,nei,,KM2270
http://psi.udir.no/kl06/KM14937,KM14937,SFS01,06,Læreplan i samisk som førstespråk,Samisk som førstespråk 3. årstrinn | Samisk som førstespråk 4. årstrinn,Fjerde årstrinn,status_publisert,"lytte til, samtale om og utforske ulike typer muntlige og skriftlige tekster",,"guldalit, ságastallat ja suokkardit iešguđetlágan njálmmálaš ja čálalaš teavsttaid",,nei,,KM2276
http://psi.udir.no/kl06/KM14942,KM14942,SFS01,06,Læreplan i samisk som førstespråk,Samisk som førstespråk 3. årstrinn | Samisk som førstespråk 4. årstrinn,Fjerde årstrinn,status_publisert,lese ulike teksttyper med flyt og forståelse av innhold og formål,,lohkat iešguđetlágan teakstašlájaid njuovžilit ja áddet sisdoalu ja teavstta ulbmila,,nei,,KM2271
http://psi.udir.no/kl06/KM14947,KM14947,SFS01,06,Læreplan i samisk som førstespråk,Samisk som førstespråk 3. årstrinn | Samisk som førstespråk 4. årstrinn,Fjerde årstrinn,status_publisert,samtale om forskjeller mellom meninger og fakta,,ságastallat oaiviliid ja fáktáid erohusaid birra,,nei,,KM2266
http://psi.udir.no/kl06/KM14944,KM14944,SFS01,06,Læreplan i samisk som førstespråk,Samisk som førstespråk 3. årstrinn | Samisk som førstespråk 4. årstrinn,Fjerde årstrinn,status_publisert,utforske og beskrive hvordan ordvalg og stemmebruk kan brukes som virkemidler,,suokkardit ja válddahit mo sátneválljema ja jietnageavaheami sáhttá geavahit váikkuhangaskaoapmin,,nei,,KM2269
http://psi.udir.no/kl06/KM14946,KM14946,SFS01,06,Læreplan i samisk som førstespråk,Samisk som førstespråk 3. årstrinn | Samisk som førstespråk 4. årstrinn,Fjerde årstrinn,status_publisert,"fortelle, beskrive og argumentere muntlig og skriftlig",,"muitalit, válddahit ja ákkastallat njálmmálaččat ja čálalaččat",,nei,,KM2267
http://psi.udir.no/kl06/KM14938,KM14938,SFS01,06,Læreplan i samisk som førstespråk,Samisk som førstespråk 3. årstrinn | Samisk som førstespråk 4. årstrinn,Fjerde årstrinn,status_publisert,bruke ulike strategier og digitale ressurser for å skape tekster,,geavahit iešguđetlágan strategiijaid ja digitála resurssaid hábmedettiin teavsttaid,,nei,,KM2275
http://psi.udir.no/kl06/KM14939,KM14939,SFS01,06,Læreplan i samisk som førstespråk,Samisk som førstespråk 3. årstrinn | Samisk som førstespråk 4. årstrinn,Fjerde årstrinn,status_publisert,skrive ulike typer tekster med struktur og sammenheng,,čállit iešguđetlágan teavsttaid main lea struktuvra ja oktavuohta,,nei,,KM2274
http://psi.udir.no/kl06/KM14935,KM14935,SFS01,06,Læreplan i samisk som førstespråk,Samisk som førstespråk 3. årstrinn | Samisk som førstespråk 4. årstrinn,Fjerde årstrinn,status_publisert,bruke regler og mønstre i språkets formverk og setningslære i egen tekstskaping,,geavahit giela hápme- ja cealkkaoahpa njuolggadusaid ja minstariid iežas teakstaráhkadeamis,,nei,,KM2278
http://psi.udir.no/kl06/KM14940,KM14940,SFS01,06,Læreplan i samisk som førstespråk,Samisk som førstespråk 3. årstrinn | Samisk som førstespråk 4. årstrinn,Fjerde årstrinn,status_publisert,bruke metaspråk i samtale om de mest sentrale strukturene i språket,,geavahit metagiela go ságastallá giela deaŧaleamos struktuvrraid birra,,nei,,KM2273
http://psi.udir.no/kl06/KM14941,KM14941,SFS01,06,Læreplan i samisk som førstespråk,Samisk som førstespråk 3. årstrinn | Samisk som førstespråk 4. årstrinn,Fjerde årstrinn,status_publisert,"finne, velge, bruke og oppgi kilder i eget arbeid",,"gávdnat, válljet, geavahit ja almmuhit gálduid iežas barggus",,nei,,KM2272
http://psi.udir.no/kl06/KM14949,KM14949,SFS01,06,Læreplan i samisk som førstespråk,Samisk som førstespråk 3. årstrinn | Samisk som førstespråk 4. årstrinn,Fjerde årstrinn,status_publisert,vurdere egne og andres tekster og bearbeide egne tekster utfra tilbakemeldinger og valgte kriterier,,árvvoštallat iežas ja earáid teavsttaid ja buoridit iežas teavsttaid earáid responssa ja válljejuvvon árvvoštallaneavttuid vuođul,,nei,,KM2264
http://psi.udir.no/kl06/KM14948,KM14948,SFS01,06,Læreplan i samisk som førstespråk,Samisk som førstespråk 3. årstrinn | Samisk som førstespråk 4. årstrinn,Fjerde årstrinn,status_publisert,eksperimentere med ulike strategier for å lære,,geahččaladdat iešguđetlágan oahppanstrategiijaid,,nei,,KM2265
http://psi.udir.no/kl06/KM14936,KM14936,SFS01,06,Læreplan i samisk som førstespråk,Samisk som førstespråk 3. årstrinn | Samisk som førstespråk 4. årstrinn,Fjerde årstrinn,status_publisert,sammenligne egen dialekt med skriftspråket,,buohtastahttit iežas suopmana čállingielain,,nei,,KM2277
http://psi.udir.no/kl06/KM14950,KM14950,SFS01,06,Læreplan i samisk som førstespråk,Samisk som førstespråk 3. årstrinn | Samisk som førstespråk 4. årstrinn,Fjerde årstrinn,status_publisert,samtale om språk og språkblanding,,ságastallat giela ja giellaseaguheami birra,,nei,,KM2263
http://psi.udir.no/kl06/KM14945,KM14945,SFS01,06,Læreplan i samisk som førstespråk,Samisk som førstespråk 3. årstrinn | Samisk som førstespråk 4. årstrinn,Fjerde årstrinn,status_publisert,"bruke ord og begreper knyttet til tradisjonell kunnskap, natur og samfunn",,"geavahit sániid ja doahpagiid mat gusket árbevirolaš máhttui, lundui ja servodahkii",,nei,,KM2268
http://psi.udir.no/kl06/KM14951,KM14951,SFS01,06,Læreplan i samisk som førstespråk,Samisk som førstespråk 5. årstrinn | Samisk som førstespråk 6. årstrinn | Samisk som førstespråk 7. årstrinn,Syvende årstrinn,status_publisert,lytte til og bearbeide innspill fra andre og selv gi uttrykk for og begrunne egne meninger,,guldalit ja meannudit earáid árvalusaid ja ieš albmanahttit ja ákkastallat iežas oaiviliid beali,,nei,,KM2262
http://psi.udir.no/kl06/KM14963,KM14963,SFS01,06,Læreplan i samisk som førstespråk,Samisk som førstespråk 5. årstrinn | Samisk som førstespråk 6. årstrinn | Samisk som førstespråk 7. årstrinn,Syvende årstrinn,status_publisert,reflektere over hvordan språk kan uttrykke holdninger til medmennesker,,reflekteret dan hárrái mo giella sáhttá albmanahttit olbmuid guottuid,,nei,,KM2317
http://psi.udir.no/kl06/KM14953,KM14953,SFS01,06,Læreplan i samisk som førstespråk,Samisk som førstespråk 5. årstrinn | Samisk som førstespråk 6. årstrinn | Samisk som førstespråk 7. årstrinn,Syvende årstrinn,status_publisert,lese et bredt utvalg teksttyper og samtale om form og innhold,,lohkat máŋggalágan teakstašlájaid ja ságastallat hámi ja sisdoalu birra,,nei,,KM2260
http://psi.udir.no/kl06/KM14967,KM14967,SFS01,06,Læreplan i samisk som førstespråk,Samisk som førstespråk 5. årstrinn | Samisk som førstespråk 6. årstrinn | Samisk som førstespråk 7. årstrinn,Syvende årstrinn,status_publisert,reflektere over hvordan muntlige fortellertradisjoner og verdier gjenspeiler seg i samisk litteratur,,reflekteret dan hárrái mo njálmmálaš muitalanárbevierut ja árvvut bohtet ovdan sámi girjjálašvuođas,,nei,,KM2313
http://psi.udir.no/kl06/KM14965,KM14965,SFS01,06,Læreplan i samisk som førstespråk,Samisk som førstespråk 5. årstrinn | Samisk som førstespråk 6. årstrinn | Samisk som førstespråk 7. årstrinn,Syvende årstrinn,status_publisert,utforske og reflektere over sammenhengene mellom språk og identitet,,suokkardit ja reflekteret giela ja identitehta oktavuođa hárrái,,nei,,KM2315
http://psi.udir.no/kl06/KM14956,KM14956,SFS01,06,Læreplan i samisk som førstespråk,Samisk som førstespråk 5. årstrinn | Samisk som førstespråk 6. årstrinn | Samisk som førstespråk 7. årstrinn,Syvende årstrinn,status_publisert,bruke hensiktsmessige lesemåter og strategier tilpasset tekstens form og innhold og lesingens formål,,geavahit ávkkálaš lohkanvugiid ja strategiijaid mat heivejit teavstta hápmái ja sisdollui ja lohkama ulbmilii,,nei,,KM2291
http://psi.udir.no/kl06/KM14955,KM14955,SFS01,06,Læreplan i samisk som førstespråk,Samisk som førstespråk 5. årstrinn | Samisk som førstespråk 6. årstrinn | Samisk som førstespråk 7. årstrinn,Syvende årstrinn,status_publisert,"fortelle, informere, argumentere og uttrykke seg presist muntlig og skriftlig",,"muitalit, juohkit dieđuid, ákkastallat ja albmanahttit dárkilit njálmmálaččat ja čálalaččat",,nei,,KM2290
http://psi.udir.no/kl06/KM14966,KM14966,SFS01,06,Læreplan i samisk som førstespråk,Samisk som førstespråk 5. årstrinn | Samisk som førstespråk 6. årstrinn | Samisk som førstespråk 7. årstrinn,Syvende årstrinn,status_publisert,"skrive ulike teksttyper med klart formål, klart innhold og klar struktur",,"čállit iešguđetlágan teakstašlájaid main lea čielga ulbmil, sisdoallu ja struktuvra",,nei,,KM2314
http://psi.udir.no/kl06/KM14957,KM14957,SFS01,06,Læreplan i samisk som førstespråk,Samisk som førstespråk 5. årstrinn | Samisk som førstespråk 6. årstrinn | Samisk som førstespråk 7. årstrinn,Syvende årstrinn,status_publisert,utforske og bruke ulike språklige virkemidler og modaliteter i egen tekstskaping og i muntlige sammenhenger,,suokkardit ja geavahit iešguđetlágan gielalaš váikkuhangaskaomiid ja modalitehtaid iežas teakstaráhkadeamis ja njálmmálaš oktavuođain,,nei,,KM2292
http://psi.udir.no/kl06/KM14961,KM14961,SFS01,06,Læreplan i samisk som førstespråk,Samisk som førstespråk 5. årstrinn | Samisk som førstespråk 6. årstrinn | Samisk som førstespråk 7. årstrinn,Syvende årstrinn,status_publisert,bruke ulike typer tekstbehandlings- og kommunikasjonsverktøy i muntlig og skriftlig kommunikasjon,,geavahit iešguđetlágan teakstameannudan- ja gulahallanreaidduid njálmmálaš ja čálalaš gulahallamis,,nei,,KM2319
http://psi.udir.no/kl06/KM14959,KM14959,SFS01,06,Læreplan i samisk som førstespråk,Samisk som førstespråk 5. årstrinn | Samisk som førstespråk 6. årstrinn | Samisk som førstespråk 7. årstrinn,Syvende årstrinn,status_publisert,"forklare og bruke kunnskaper om språkets formverk, vanlige typer ordavledninger og setningsoppbygning",,"čilget ja geavahit máhtu giela hápmeoahpa, dábálaš suorggádusaid ja cealkkaráhkadeami birra",,nei,,KM2321
http://psi.udir.no/kl06/KM14960,KM14960,SFS01,06,Læreplan i samisk som førstespråk,Samisk som førstespråk 5. årstrinn | Samisk som førstespråk 6. årstrinn | Samisk som førstespråk 7. årstrinn,Syvende årstrinn,status_publisert,"bruke sentrale regler for rettskriving, setningsoppbygning og tekstbinding i egen tekstskaping",,"geavahit riektačállima, cealkkaráhkadeami ja teakstačatnama guovddáš njuolggadusaid iežas teakstaráhkadeamis",,nei,,KM2320
http://psi.udir.no/kl06/KM14954,KM14954,SFS01,06,Læreplan i samisk som førstespråk,Samisk som førstespråk 5. årstrinn | Samisk som førstespråk 6. årstrinn | Samisk som førstespråk 7. årstrinn,Syvende årstrinn,status_publisert,vurdere ulike kilders troverdighet og oppgi kilder i eget arbeid,,árvvoštallat iešguđetlágan gálduid jáhkehahttivuođa ja almmuhit gálduidis iežas barggus,,nei,,KM2289
http://psi.udir.no/kl06/KM14958,KM14958,SFS01,06,Læreplan i samisk som førstespråk,Samisk som førstespråk 5. årstrinn | Samisk som førstespråk 6. årstrinn | Samisk som førstespråk 7. årstrinn,Syvende årstrinn,status_publisert,vurdere egne og andres tekster og bearbeide egne tekster ut fra ulike faglige kriterier,,árvvoštallat iežas ja earáid teavsttaid ja buoridit iežas teavsttaid iešguđetlágan fágalaš eavttuid vuođul,,nei,,KM2322
http://psi.udir.no/kl06/KM14952,KM14952,SFS01,06,Læreplan i samisk som førstespråk,Samisk som førstespråk 5. årstrinn | Samisk som førstespråk 6. årstrinn | Samisk som førstespråk 7. årstrinn,Syvende årstrinn,status_publisert,utforske og beskrive likheter og ulikheter mellom egen og andres dialekt og skriftspråket,,suokkardit ja čilget ovttaláganvuođaid ja erohusaid iežas ja earáid suopmana ja čállingiela gaskka,,nei,,KM2261
http://psi.udir.no/kl06/KM14964,KM14964,SFS01,06,Læreplan i samisk som førstespråk,Samisk som førstespråk 5. årstrinn | Samisk som førstespråk 6. årstrinn | Samisk som førstespråk 7. årstrinn,Syvende årstrinn,status_publisert,reflektere over hvordan andre språk påvirker samiske språk,,reflekteret dan hárrái mo eará gielat váikkuhit sámegielaide,,nei,,KM2316
http://psi.udir.no/kl06/KM14962,KM14962,SFS01,06,Læreplan i samisk som førstespråk,Samisk som førstespråk 5. årstrinn | Samisk som førstespråk 6. årstrinn | Samisk som førstespråk 7. årstrinn,Syvende årstrinn,status_publisert,"utforske og bruke ord og uttrykk knyttet til samfunnsliv, naturbruk og tradisjonell kunnskap",,"suokkardit ja geavahit sániid ja doahpagiid mat gusket servodateallimii, luonddugeavaheapmái ja árbevirolaš máhttui",,nei,,KM2318
http://psi.udir.no/kl06/KM14972,KM14972,SFS01,06,Læreplan i samisk som førstespråk,Samisk som førstespråk 8. årstrinn | Samisk som førstespråk 9. årstrinn | Samisk som førstespråk 10. årstrinn,Tiende årstrinn,status_publisert,"lytte til og reflektere over andres presentasjoner, og bygge egen argumentasjon på andres innspill",,"guldalit earáid presentašuvnnaid ja reflekteret daid hárrái, ja hukset iežas ákkastallama earáid oaiviliid ovdanbuktimiid ala",,nei,,KM2323
http://psi.udir.no/kl06/KM14973,KM14973,SFS01,06,Læreplan i samisk som førstespråk,Samisk som førstespråk 8. årstrinn | Samisk som førstespråk 9. årstrinn | Samisk som førstespråk 10. årstrinn,Tiende årstrinn,status_publisert,reflektere over hvordan ulik språkbruk kan uttrykke holdninger til medmennesker,,reflekteret dan hárrái mo iešguđetlágan giellageavaheapmi sáhttá albmanahttit guottuid eará olbmuide,,nei,,KM2308
http://psi.udir.no/kl06/KM14981,KM14981,SFS01,06,Læreplan i samisk som førstespråk,Samisk som førstespråk 8. årstrinn | Samisk som førstespråk 9. årstrinn | Samisk som førstespråk 10. årstrinn,Tiende årstrinn,status_publisert,"fortelle, informere, argumentere og reflektere muntlig og skriftlig",,"muitalit, juohkit dieđuid, ákkastallat ja reflekteret njálmmálaččat ja čálalaččat",,nei,,KM2299
http://psi.udir.no/kl06/KM14970,KM14970,SFS01,06,Læreplan i samisk som førstespråk,Samisk som førstespråk 8. årstrinn | Samisk som førstespråk 9. årstrinn | Samisk som førstespråk 10. årstrinn,Tiende årstrinn,status_publisert,gjenkjenne og bruke ulike språklige og estetiske virkemidler og retoriske appellformer,,dovdát ja geavahit iešguđetlágan gielalaš ja estehtalaš váikkuhangaskaomiid ja retoralaš apeallavugiid,,nei,,KM2310
http://psi.udir.no/kl06/KM14974,KM14974,SFS01,06,Læreplan i samisk som førstespråk,Samisk som førstespråk 8. årstrinn | Samisk som førstespråk 9. årstrinn | Samisk som førstespråk 10. årstrinn,Tiende årstrinn,status_publisert,"lese ulike teksttyper av varierende lengde og kompleksitet, og sammenligne og tolke tekstene",,"lohkat iešguđetlágan teakstašlájaid iešguđet guhkkodagas ja mohkkáivuođas, ja buohtastahttit ja dulkot teavsttaid",,nei,,KM2306
http://psi.udir.no/kl06/KM14975,KM14975,SFS01,06,Læreplan i samisk som førstespråk,Samisk som førstespråk 8. årstrinn | Samisk som førstespråk 9. årstrinn | Samisk som førstespråk 10. årstrinn,Tiende årstrinn,status_publisert,velge og bruke hensiktsmessige lese- og læringsstrategier i arbeid med faget,,válljet ja geavahit heivvolaš lohkan- ja oahppanstrategiijaid go fágain bargá,,nei,,KM2305
http://psi.udir.no/kl06/KM14969,KM14969,SFS01,06,Læreplan i samisk som førstespråk,Samisk som førstespråk 8. årstrinn | Samisk som førstespråk 9. årstrinn | Samisk som førstespråk 10. årstrinn,Tiende årstrinn,status_publisert,"reflektere over hvordan samiske tenkemåter, samiske muntlige fortellertradisjoner og samiske verdier kommer til uttrykk i samisk litteratur",,"reflekteret dan hárrái mo sámi jurddašanvuogit, sámi njálmmálaš muitalanárbevierut ja sámi árvvut bohtet ovdan sámi girjjálašvuođas",,nei,,KM2311
http://psi.udir.no/kl06/KM14971,KM14971,SFS01,06,Læreplan i samisk som førstespråk,Samisk som førstespråk 8. årstrinn | Samisk som førstespråk 9. årstrinn | Samisk som førstespråk 10. årstrinn,Tiende årstrinn,status_publisert,bruke relevante begreper og fagspråk knyttet til ulike samiske emner og verdier,,geavahit relevánta doahpagiid ja fágagiela mat gusket iešguđetlágan sámi fáttáide ja árvvuide,,nei,,KM2309
http://psi.udir.no/kl06/KM14980,KM14980,SFS01,06,Læreplan i samisk som førstespråk,Samisk som førstespråk 8. årstrinn | Samisk som førstespråk 9. årstrinn | Samisk som førstespråk 10. årstrinn,Tiende årstrinn,status_publisert,sammenligne sagn- og eventyrvarianter og muntlige tradisjoner fra ulike samiske områder,,buohtastahttit iešguđet sámi guovlluid cuvccas- ja máinnasvariánttaid ja njálmmálaš árbevieruid,,nei,,KM2300
http://psi.udir.no/kl06/KM14979,KM14979,SFS01,06,Læreplan i samisk som førstespråk,Samisk som førstespråk 8. årstrinn | Samisk som førstespråk 9. årstrinn | Samisk som førstespråk 10. årstrinn,Tiende årstrinn,status_publisert,utforske og gjøre rede for likheter og forskjeller mellom samiske språk,,suokkardit ja čilget ovttaláganvuođaid ja erohusaid sámegielaid gaskkas,,nei,,KM2301
http://psi.udir.no/kl06/KM14982,KM14982,SFS01,06,Læreplan i samisk som førstespråk,Samisk som førstespråk 8. årstrinn | Samisk som førstespråk 9. årstrinn | Samisk som førstespråk 10. årstrinn,Tiende årstrinn,status_publisert,bruke relevant fagspråk for å forklare og analysere tekst og språk,,geavahit relevánta fágagiela teavstta ja giela čilgemii ja analyseremii,,nei,,KM2298
http://psi.udir.no/kl06/KM14976,KM14976,SFS01,06,Læreplan i samisk som førstespråk,Samisk som førstespråk 8. årstrinn | Samisk som førstespråk 9. årstrinn | Samisk som førstespråk 10. årstrinn,Tiende årstrinn,status_publisert,"planlegge og utforme ulike typer tekster med struktur tilpasset innhold, formål og mottaker",,"iešguđetlágan teakstašlájaid plánet ja hábmet struktuvrrain mii lea heivehuvvon sisdollui, ulbmilii ja vuostáiváldái",,nei,,KM2304
http://psi.udir.no/kl06/KM14968,KM14968,SFS01,06,Læreplan i samisk som førstespråk,Samisk som førstespråk 8. årstrinn | Samisk som førstespråk 9. årstrinn | Samisk som førstespråk 10. årstrinn,Tiende årstrinn,status_publisert,"bruke regler for rettskriving, språkets formverk og tekstbinding i skriftlig kommunikasjon og tekstskaping",,"geavahit riektačállima, giela hápmeoahpa ja teakstačatnama njuolggadusaid čálalaš gulahallamis ja teakstaráhkadeamis",,nei,,KM2312
http://psi.udir.no/kl06/KM14978,KM14978,SFS01,06,Læreplan i samisk som førstespråk,Samisk som førstespråk 8. årstrinn | Samisk som førstespråk 9. årstrinn | Samisk som førstespråk 10. årstrinn,Tiende årstrinn,status_publisert,"vurdere ulike kilders troverdighet, pålitelighet og relevans, og bruke kilder i eget arbeid på en etterrettelig måte",,"árvvoštallat iešguđetlágan gálduid jáhkehahttivuođa, doallevašvuođa ja relevánssa, ja iežas barggus geavahit gálduid rehálaččat",,nei,,KM2302
http://psi.udir.no/kl06/KM14983,KM14983,SFS01,06,Læreplan i samisk som førstespråk,Samisk som førstespråk 8. årstrinn | Samisk som førstespråk 9. årstrinn | Samisk som førstespråk 10. årstrinn,Tiende årstrinn,status_publisert,vurdere egne og andres tekster og bearbeide egne tekster ut fra varierte faglige kriterier,,árvvoštallat iežas ja earáid teavsttaid ja buoridit iežas teavsttaid máŋggalágan fágalaš eavttuid mielde,,nei,,KM2297
http://psi.udir.no/kl06/KM14977,KM14977,SFS01,06,Læreplan i samisk som førstespråk,Samisk som førstespråk 8. årstrinn | Samisk som førstespråk 9. årstrinn | Samisk som førstespråk 10. årstrinn,Tiende årstrinn,status_publisert,reflektere over hvordan andre språk påvirker samiske språk og hvordan man kan bevare og utvikle samisk på ulike arenaer,,reflekteret dan hárrái mo eará gielat váikkuhit sámegillii ja mo sáhttá gáhttet ja ovddidit sámegielaid iešguđetlágan arenain,,nei,,KM2303
http://psi.udir.no/kl06/KM14586,KM14586,RLE01,04,"Læreplan i kristendom, religion, livssyn og etikk (KRLE)","Religion, livssyn og etikk, 1. årstrinn | Religion, livssyn og etikk, 2. årstrinn | Religion, livssyn og etikk, 3. årstrinn | Religion, livssyn og etikk, 4. årstrinn",Fjerde årstrinn,status_publisert,utforske og beskrive hvordan kristendom og andre religioner og livssyn kommer til uttrykk lokalt og regionalt,utforske og beskrive korleis kristendom og andre religionar og livssyn kjem til uttrykk lokalt og regionalt,utforske og beskrive hvordan kristendom og andre religioner og livssyn kommer til uttrykk lokalt og regionalt,,ja,,KM1958
http://psi.udir.no/kl06/KM14597,KM14597,RLE01,04,"Læreplan i kristendom, religion, livssyn og etikk (KRLE)","Religion, livssyn og etikk, 1. årstrinn | Religion, livssyn og etikk, 2. årstrinn | Religion, livssyn og etikk, 3. årstrinn | Religion, livssyn og etikk, 4. årstrinn",Fjerde årstrinn,status_publisert,samtale om og presentere sentrale fortellinger og trosforestillinger i kristen tradisjon,samtale om og presentere sentrale forteljingar og trusførestillingar i kristen tradisjon,samtale om og presentere sentrale fortellinger og trosforestillinger i kristen tradisjon,,ja,,KM1990
http://psi.udir.no/kl06/KM14598,KM14598,RLE01,04,"Læreplan i kristendom, religion, livssyn og etikk (KRLE)","Religion, livssyn og etikk, 1. årstrinn | Religion, livssyn og etikk, 2. årstrinn | Religion, livssyn og etikk, 3. årstrinn | Religion, livssyn og etikk, 4. årstrinn",Fjerde årstrinn,status_publisert,samtale om og presentere sentrale fortellinger og trosforestillinger i østlige og vestlige religiøse tradisjoner,samtale om og presentere sentrale forteljingar og trusførestillingar i austlege og vestlege religiøse tradisjonar,samtale om og presentere sentrale fortellinger og trosforestillinger i østlige og vestlige religiøse tradisjoner,,ja,,KM1991
http://psi.udir.no/kl06/KM14587,KM14587,RLE01,04,"Læreplan i kristendom, religion, livssyn og etikk (KRLE)","Religion, livssyn og etikk, 1. årstrinn | Religion, livssyn og etikk, 2. årstrinn | Religion, livssyn og etikk, 3. årstrinn | Religion, livssyn og etikk, 4. årstrinn",Fjerde årstrinn,status_publisert,"sammenligne og presentere ulike årstider og høytider i kristendom og andre religions- og livssynstradisjoner, som kulturarv","samanlikne og presentere ulike årstider og høgtider i kristendom og andre religions- og livssynstradisjonar, som kulturarv","sammenligne og presentere ulike årstider og høytider i kristendom og andre religions- og livssynstradisjoner, som kulturarv",,ja,,KM1980
http://psi.udir.no/kl06/KM14588,KM14588,RLE01,04,"Læreplan i kristendom, religion, livssyn og etikk (KRLE)","Religion, livssyn og etikk, 1. årstrinn | Religion, livssyn og etikk, 2. årstrinn | Religion, livssyn og etikk, 3. årstrinn | Religion, livssyn og etikk, 4. årstrinn",Fjerde årstrinn,status_publisert,samtale om og presentere estetiske uttrykk fra kristendom og andre religioner og livssyn,samtale om og presentere estetiske uttrykk frå kristendom og andre religionar og livssyn,samtale om og presentere estetiske uttrykk fra kristendom og andre religioner og livssyn,,ja,,KM1981
http://psi.udir.no/kl06/KM14596,KM14596,RLE01,04,"Læreplan i kristendom, religion, livssyn og etikk (KRLE)","Religion, livssyn og etikk, 1. årstrinn | Religion, livssyn og etikk, 2. årstrinn | Religion, livssyn og etikk, 3. årstrinn | Religion, livssyn og etikk, 4. årstrinn",Fjerde årstrinn,status_publisert,bruke enkle fagbegreper i arbeidet med religioner og livssyn,bruke enkle fagomgrep i arbeidet med religionar og livssyn,bruke enkle fagbegreper i arbeidet med religioner og livssyn,,ja,,KM1989
http://psi.udir.no/kl06/KM14589,KM14589,RLE01,04,"Læreplan i kristendom, religion, livssyn og etikk (KRLE)","Religion, livssyn og etikk, 1. årstrinn | Religion, livssyn og etikk, 2. årstrinn | Religion, livssyn og etikk, 3. årstrinn | Religion, livssyn og etikk, 4. årstrinn",Fjerde årstrinn,status_publisert,skille mellom ulike kilder til kunnskap om religioner og livssyn,skilje mellom ulike kjelder til kunnskap om religionar og livssyn,skille mellom ulike kilder til kunnskap om religioner og livssyn,,ja,,KM1982
http://psi.udir.no/kl06/KM14594,KM14594,RLE01,04,"Læreplan i kristendom, religion, livssyn og etikk (KRLE)","Religion, livssyn og etikk, 1. årstrinn | Religion, livssyn og etikk, 2. årstrinn | Religion, livssyn og etikk, 3. årstrinn | Religion, livssyn og etikk, 4. årstrinn",Fjerde årstrinn,status_publisert,beskrive og samtale om ulike måter å leve sammen på i familie og samfunn,beskrive og samtale om ulike måtar å leve saman på i familie og samfunn,beskrive og samtale om ulike måter å leve sammen på i familie og samfunn,,ja,,KM1987
http://psi.udir.no/kl06/KM14590,KM14590,RLE01,04,"Læreplan i kristendom, religion, livssyn og etikk (KRLE)","Religion, livssyn og etikk, 1. årstrinn | Religion, livssyn og etikk, 2. årstrinn | Religion, livssyn og etikk, 3. årstrinn | Religion, livssyn og etikk, 4. årstrinn",Fjerde årstrinn,status_publisert,samarbeide med andre i filosofisk samtale,samarbeide med andre i filosofisk samtale,samarbeide med andre i filosofisk samtale,,ja,,KM1983
http://psi.udir.no/kl06/KM14591,KM14591,RLE01,04,"Læreplan i kristendom, religion, livssyn og etikk (KRLE)","Religion, livssyn og etikk, 1. årstrinn | Religion, livssyn og etikk, 2. årstrinn | Religion, livssyn og etikk, 3. årstrinn | Religion, livssyn og etikk, 4. årstrinn",Fjerde årstrinn,status_publisert,identifisere og reflektere over etiske spørsmål,identifisere og reflektere over etiske spørsmål,identifisere og reflektere over etiske spørsmål,,ja,,KM1984
http://psi.udir.no/kl06/KM14593,KM14593,RLE01,04,"Læreplan i kristendom, religion, livssyn og etikk (KRLE)","Religion, livssyn og etikk, 1. årstrinn | Religion, livssyn og etikk, 2. årstrinn | Religion, livssyn og etikk, 3. årstrinn | Religion, livssyn og etikk, 4. årstrinn",Fjerde årstrinn,status_publisert,utforske og samtale om etiske sider ved menneskers levesett og ressursbruk,utforske og samtale om etiske sider ved levesettet og ressursbruken til menneska,utforske og samtale om etiske sider ved menneskers levesett og ressursbruk,,ja,,KM1986
http://psi.udir.no/kl06/KM14592,KM14592,RLE01,04,"Læreplan i kristendom, religion, livssyn og etikk (KRLE)","Religion, livssyn og etikk, 1. årstrinn | Religion, livssyn og etikk, 2. årstrinn | Religion, livssyn og etikk, 3. årstrinn | Religion, livssyn og etikk, 4. årstrinn",Fjerde årstrinn,status_publisert,"sette seg inn i og formidle egne og andres tanker, følelser og erfaringer","setje seg inn i og formidle eigne og andre sine tankar, kjensler og erfaringar","sette seg inn i og formidle egne og andres tanker, følelser og erfaringer",,ja,,KM1985
http://psi.udir.no/kl06/KM14595,KM14595,RLE01,04,"Læreplan i kristendom, religion, livssyn og etikk (KRLE)","Religion, livssyn og etikk, 1. årstrinn | Religion, livssyn og etikk, 2. årstrinn | Religion, livssyn og etikk, 3. årstrinn | Religion, livssyn og etikk, 4. årstrinn",Fjerde årstrinn,status_publisert,"samtale om hva menneskeverd, respekt og toleranse betyr og hva det innebærer for hvordan vi lever sammen","samtale om kva menneskeverd, respekt og toleranse betyr og kva det inneber for korleis vi lever saman","samtale om hva menneskeverd, respekt og toleranse betyr og hva det innebærer for hvordan vi lever sammen",,ja,,KM1988
http://psi.udir.no/kl06/KM14599,KM14599,RLE01,04,"Læreplan i kristendom, religion, livssyn og etikk (KRLE)","Religion, livssyn og etikk, 5. årstrinn | Religion, livssyn og etikk, 6. årstrinn | Religion, livssyn og etikk, 7. årstrinn",Syvende årstrinn,status_publisert,"gjøre rede for historien til kristendom og andre religioner og livssyn i Norge, inkludert samers og nasjonale minoriteters religions- og livssynshistorie","gjere greie for historia til kristendom og andre religionar og livssyn i Noreg, inkludert religions- og livssynshistoria til samar og nasjonale minoritetar","gjøre rede for historien til kristendom og andre religioner og livssyn i Norge, inkludert samers og nasjonale minoriteters religions- og livssynshistorie",,ja,,KM1992
http://psi.udir.no/kl06/KM14601,KM14601,RLE01,04,"Læreplan i kristendom, religion, livssyn og etikk (KRLE)","Religion, livssyn og etikk, 5. årstrinn | Religion, livssyn og etikk, 6. årstrinn | Religion, livssyn og etikk, 7. årstrinn",Syvende årstrinn,status_publisert,beskrive og presentere noen sentrale rituelle praksiser og etiske normer i kristendom,beskrive og presentere nokre sentrale rituelle praksisar og etiske normer i kristendom,beskrive og presentere noen sentrale rituelle praksiser og etiske normer i kristendom,,ja,,KM1994
http://psi.udir.no/kl06/KM14609,KM14609,RLE01,04,"Læreplan i kristendom, religion, livssyn og etikk (KRLE)","Religion, livssyn og etikk, 5. årstrinn | Religion, livssyn og etikk, 6. årstrinn | Religion, livssyn og etikk, 7. årstrinn",Syvende årstrinn,status_publisert,beskrive og presentere noen sentrale rituelle praksiser og etiske normer fra østlige og vestlige religioner og livssynstradisjoner,beskrive og presentere nokre sentrale rituelle praksisar og etiske normer frå austlege og vestlege religionar og livssynstradisjonar,beskrive og presentere noen sentrale rituelle praksiser og etiske normer fra østlige og vestlige religioner og livssynstradisjoner,,ja,,KM1960
http://psi.udir.no/kl06/KM14600,KM14600,RLE01,04,"Læreplan i kristendom, religion, livssyn og etikk (KRLE)","Religion, livssyn og etikk, 5. årstrinn | Religion, livssyn og etikk, 6. årstrinn | Religion, livssyn og etikk, 7. årstrinn",Syvende årstrinn,status_publisert,utforske og sammenligne tekster og materielle uttrykk som kilder til kunnskap om kulturarv knyttet til kristendom og ulike religions- og livssynstradisjoner,utforske og samanlikne tekstar og materielle uttrykk som kjelder til kunnskap om kulturarv knytt til kristendom og ulike religions- og livssynstradisjonar,utforske og sammenligne tekster og materielle uttrykk som kilder til kunnskap om kulturarv knyttet til kristendom og ulike religions- og livssynstradisjoner,,ja,,KM1993
http://psi.udir.no/kl06/KM14610,KM14610,RLE01,04,"Læreplan i kristendom, religion, livssyn og etikk (KRLE)","Religion, livssyn og etikk, 5. årstrinn | Religion, livssyn og etikk, 6. årstrinn | Religion, livssyn og etikk, 7. årstrinn",Syvende årstrinn,status_publisert,utforske og samtale om mangfold både innenfor kristne trossamfunn og andre religionssamfunn,utforske og samtale om mangfald både innanfor kristne trussamfunn og andre religionssamfunn,utforske og samtale om mangfold både innenfor kristne trossamfunn og andre religionssamfunn,,ja,,KM1961
http://psi.udir.no/kl06/KM14607,KM14607,RLE01,04,"Læreplan i kristendom, religion, livssyn og etikk (KRLE)","Religion, livssyn og etikk, 5. årstrinn | Religion, livssyn og etikk, 6. årstrinn | Religion, livssyn og etikk, 7. årstrinn",Syvende årstrinn,status_publisert,bruke fagbegreper i arbeidet med religioner og livssyn,bruke fagomgrep i arbeidet med religionar og livssyn,bruke fagbegreper i arbeidet med religioner og livssyn,,ja,,KM1976
http://psi.udir.no/kl06/KM14606,KM14606,RLE01,04,"Læreplan i kristendom, religion, livssyn og etikk (KRLE)","Religion, livssyn og etikk, 5. årstrinn | Religion, livssyn og etikk, 6. årstrinn | Religion, livssyn og etikk, 7. årstrinn",Syvende årstrinn,status_publisert,"gjøre rede for ulike syn på barndom, familie og samliv i religioner og livssyn","gjere greie for ulike syn på barndom, familie og samliv i religionar og livssyn","gjøre rede for ulike syn på barndom, familie og samliv i religioner og livssyn",,ja,,KM1978
http://psi.udir.no/kl06/KM14602,KM14602,RLE01,04,"Læreplan i kristendom, religion, livssyn og etikk (KRLE)","Religion, livssyn og etikk, 5. årstrinn | Religion, livssyn og etikk, 6. årstrinn | Religion, livssyn og etikk, 7. årstrinn",Syvende årstrinn,status_publisert,bruke filosofiske tenkemåter i samtale og undring,bruke filosofiske tenkjemåtar i samtale og undring,bruke filosofiske tenkemåter i samtale og undring,,ja,,KM1995
http://psi.udir.no/kl06/KM14603,KM14603,RLE01,04,"Læreplan i kristendom, religion, livssyn og etikk (KRLE)","Religion, livssyn og etikk, 5. årstrinn | Religion, livssyn og etikk, 6. årstrinn | Religion, livssyn og etikk, 7. årstrinn",Syvende årstrinn,status_publisert,samtale om og formidle etiske ideer fra sentrale skikkelser i religiøse og livssynsbaserte tradisjoner,samtale om og formidle etiske idear frå sentrale skikkelsar i religiøse og livssynsbaserte tradisjonar,samtale om og formidle etiske ideer fra sentrale skikkelser i religiøse og livssynsbaserte tradisjoner,,ja,,KM1996
http://psi.udir.no/kl06/KM14611,KM14611,RLE01,04,"Læreplan i kristendom, religion, livssyn og etikk (KRLE)","Religion, livssyn og etikk, 5. årstrinn | Religion, livssyn og etikk, 6. årstrinn | Religion, livssyn og etikk, 7. årstrinn",Syvende årstrinn,status_publisert,samtale om og formidle etiske ideer fra sentrale skikkelser i filosofihistorien,samtale om og formidle etiske idear frå sentrale skikkelsar i filosofihistoria,samtale om og formidle etiske ideer fra sentrale skikkelser i filosofihistorien,,ja,,KM1962
http://psi.udir.no/kl06/KM14604,KM14604,RLE01,04,"Læreplan i kristendom, religion, livssyn og etikk (KRLE)","Religion, livssyn og etikk, 5. årstrinn | Religion, livssyn og etikk, 6. årstrinn | Religion, livssyn og etikk, 7. årstrinn",Syvende årstrinn,status_publisert,utforske og beskrive egne og andres perspektiver i etiske dilemmaer knyttet til hverdags- og samfunnsutfordringer,utforske og beskrive eigne og andre sine perspektiv i etiske dilemma knytte til kvardags- og samfunnsutfordringar,utforske og beskrive egne og andres perspektiver i etiske dilemmaer knyttet til hverdags- og samfunnsutfordringer,,ja,,KM1979
http://psi.udir.no/kl06/KM14605,KM14605,RLE01,04,"Læreplan i kristendom, religion, livssyn og etikk (KRLE)","Religion, livssyn og etikk, 5. årstrinn | Religion, livssyn og etikk, 6. årstrinn | Religion, livssyn og etikk, 7. årstrinn",Syvende årstrinn,status_publisert,reflektere over eksistensielle spørsmål knyttet til menneskets levesett og levekår og klodens framtid,reflektere over eksistensielle spørsmål knytte til levesettet og levekåra til menneska og til framtida til kloden,reflektere over eksistensielle spørsmål knyttet til menneskets levesett og levekår og klodens framtid,,ja,,KM1997
http://psi.udir.no/kl06/KM14608,KM14608,RLE01,04,"Læreplan i kristendom, religion, livssyn og etikk (KRLE)","Religion, livssyn og etikk, 5. årstrinn | Religion, livssyn og etikk, 6. årstrinn | Religion, livssyn og etikk, 7. årstrinn",Syvende årstrinn,status_publisert,"gjøre rede for hva menneskerettighetene innebærer for ytringsfrihet, religionsfrihet og religiøse minoriteters situasjon i Norge","gjere greie for kva menneskerettane inneber for ytringsfridom, religionsfridom og situasjonen for religiøse minoritetar i Noreg","gjøre rede for hva menneskerettighetene innebærer for ytringsfrihet, religionsfrihet og religiøse minoriteters situasjon i Norge",,ja,,KM1959
http://psi.udir.no/kl06/KM14612,KM14612,RLE01,04,"Læreplan i kristendom, religion, livssyn og etikk (KRLE)","Religion, livssyn og etikk, 8. årstrinn | Religion, livssyn og etikk, 9. årstrinn | Religion, livssyn og etikk, 10. årstrinn",Tiende årstrinn,status_publisert,utforske og presentere sentrale trekk ved kristendom og andre religions- og livssynstradisjoner og deres utbredelse i dag,utforske og presentere sentrale trekk ved kristendom og andre religions- og livssynstradisjonar og gjere greie for utbreiinga deira i dag,utforske og presentere sentrale trekk ved kristendom og andre religions- og livssynstradisjoner og deres utbredelse i dag,,ja,,KM1963
http://psi.udir.no/kl06/KM14623,KM14623,RLE01,04,"Læreplan i kristendom, religion, livssyn og etikk (KRLE)","Religion, livssyn og etikk, 8. årstrinn | Religion, livssyn og etikk, 9. årstrinn | Religion, livssyn og etikk, 10. årstrinn",Tiende årstrinn,status_publisert,utforske og drøfte hvordan kristendom og andre religioner inngår i historiske endringsprosesser globalt og nasjonalt,utforske og drøfte korleis kristendom og andre religionar inngår i historiske endringsprosessar globalt og nasjonalt,utforske og drøfte hvordan kristendom og andre religioner inngår i historiske endringsprosesser globalt og nasjonalt,,ja,,KM1974
http://psi.udir.no/kl06/KM14624,KM14624,RLE01,04,"Læreplan i kristendom, religion, livssyn og etikk (KRLE)","Religion, livssyn og etikk, 8. årstrinn | Religion, livssyn og etikk, 9. årstrinn | Religion, livssyn og etikk, 10. årstrinn",Tiende årstrinn,status_publisert,undersøke og presentere sentrale ideer fra livssynshumanisme og andre ikke-religiøse livssyn,undersøkje og presentere sentrale idear frå livssynshumanisme og andre ikkje-religiøse livssyn,undersøke og presentere sentrale ideer fra livssynshumanisme og andre ikke-religiøse livssyn,,ja,,KM1975
http://psi.udir.no/kl06/KM14613,KM14613,RLE01,04,"Læreplan i kristendom, religion, livssyn og etikk (KRLE)","Religion, livssyn og etikk, 8. årstrinn | Religion, livssyn og etikk, 9. årstrinn | Religion, livssyn og etikk, 10. årstrinn",Tiende årstrinn,status_publisert,utforske og presentere religiøst mangfold og religiøse praksiser utenfor etablerte religionssamfunn,utforske og presentere religiøst mangfald og religiøse praksisar utanfor etablerte religionssamfunn,utforske og presentere religiøst mangfold og religiøse praksiser utenfor etablerte religionssamfunn,,ja,,KM1964
http://psi.udir.no/kl06/KM14614,KM14614,RLE01,04,"Læreplan i kristendom, religion, livssyn og etikk (KRLE)","Religion, livssyn og etikk, 8. årstrinn | Religion, livssyn og etikk, 9. årstrinn | Religion, livssyn og etikk, 10. årstrinn",Tiende årstrinn,status_publisert,gjøre rede for og reflektere over samenes og andre urfolks religions- og livssynstradisjoner,gjere greie for og reflektere over religions- og livssynstradisjonane til samane og andre urfolk,gjøre rede for og reflektere over samenes og andre urfolks religions- og livssynstradisjoner,,ja,,KM1965
http://psi.udir.no/kl06/KM14616,KM14616,RLE01,04,"Læreplan i kristendom, religion, livssyn og etikk (KRLE)","Religion, livssyn og etikk, 8. årstrinn | Religion, livssyn og etikk, 9. årstrinn | Religion, livssyn og etikk, 10. årstrinn",Tiende årstrinn,status_publisert,bruke og drøfte fagbegreper om religioner og livssyn,bruke og drøfte fagomgrep om religionar og livssyn,bruke og drøfte fagbegreper om religioner og livssyn,,ja,,KM1967
http://psi.udir.no/kl06/KM14617,KM14617,RLE01,04,"Læreplan i kristendom, religion, livssyn og etikk (KRLE)","Religion, livssyn og etikk, 8. årstrinn | Religion, livssyn og etikk, 9. årstrinn | Religion, livssyn og etikk, 10. årstrinn",Tiende årstrinn,status_publisert,sammenligne og vurdere kritisk ulike kilder til kunnskap om religioner og livssyn,samanlikne og vurdere kritisk ulike kjelder til kunnskap om religionar og livssyn,sammenligne og vurdere kritisk ulike kilder til kunnskap om religioner og livssyn,,ja,,KM1968
http://psi.udir.no/kl06/KM14615,KM14615,RLE01,04,"Læreplan i kristendom, religion, livssyn og etikk (KRLE)","Religion, livssyn og etikk, 8. årstrinn | Religion, livssyn og etikk, 9. årstrinn | Religion, livssyn og etikk, 10. årstrinn",Tiende årstrinn,status_publisert,gjøre rede for og reflektere over ulike syn på kjønn og seksualitet i kristendom og andre religioner og livssyn,gjere greie for og reflektere over ulike syn på kjønn og seksualitet i kristendom og andre religionar og livssyn,gjøre rede for og reflektere over ulike syn på kjønn og seksualitet i kristendom og andre religioner og livssyn,,ja,,KM1966
http://psi.udir.no/kl06/KM14622,KM14622,RLE01,04,"Læreplan i kristendom, religion, livssyn og etikk (KRLE)","Religion, livssyn og etikk, 8. årstrinn | Religion, livssyn og etikk, 9. årstrinn | Religion, livssyn og etikk, 10. årstrinn",Tiende årstrinn,status_publisert,utforske og presentere hvordan elementer fra kristendom og andre religioner og livssyn kommer til uttrykk i medier og populærkultur,utforske og presentere korleis element frå kristendom og andre religionar og livssyn kjem til uttrykk i medium og populærkultur,utforske og presentere hvordan elementer fra kristendom og andre religioner og livssyn kommer til uttrykk i medier og populærkultur,,ja,,KM1973
http://psi.udir.no/kl06/KM14625,KM14625,RLE01,04,"Læreplan i kristendom, religion, livssyn og etikk (KRLE)","Religion, livssyn og etikk, 8. årstrinn | Religion, livssyn og etikk, 9. årstrinn | Religion, livssyn og etikk, 10. årstrinn",Tiende årstrinn,status_publisert,utforske og sammenligne etiske ideer fra sentrale skikkelser i religiøse og livssynsbaserte tradisjoner,utforske og samanlikne etiske idear frå sentrale skikkelsar i religiøse og livssynsbaserte tradisjonar,utforske og sammenligne etiske ideer fra sentrale skikkelser i religiøse og livssynsbaserte tradisjoner,,ja,,KM1977
http://psi.udir.no/kl06/KM14626,KM14626,RLE01,04,"Læreplan i kristendom, religion, livssyn og etikk (KRLE)","Religion, livssyn og etikk, 8. årstrinn | Religion, livssyn og etikk, 9. årstrinn | Religion, livssyn og etikk, 10. årstrinn",Tiende årstrinn,status_publisert,utforske etiske ideer fra sentrale skikkelser i filosofihistorien og anvende ideene til å drøfte aktuelle etiske spørsmål,utforske etiske idear frå sentrale skikkelsar i filosofihistoria og anvende ideane til å drøfte aktuelle etiske spørsmål,utforske etiske ideer fra sentrale skikkelser i filosofihistorien og anvende ideene til å drøfte aktuelle etiske spørsmål,,ja,,KM1998
http://psi.udir.no/kl06/KM14618,KM14618,RLE01,04,"Læreplan i kristendom, religion, livssyn og etikk (KRLE)","Religion, livssyn og etikk, 8. årstrinn | Religion, livssyn og etikk, 9. årstrinn | Religion, livssyn og etikk, 10. årstrinn",Tiende årstrinn,status_publisert,utforske andres perspektiv og håndtere uenighet og meningsbrytning,utforske perspektiva til andre og handtere usemje og meiningsbryting,utforske andres perspektiv og håndtere uenighet og meningsbrytning,,ja,,KM1969
http://psi.udir.no/kl06/KM14619,KM14619,RLE01,04,"Læreplan i kristendom, religion, livssyn og etikk (KRLE)","Religion, livssyn og etikk, 8. årstrinn | Religion, livssyn og etikk, 9. årstrinn | Religion, livssyn og etikk, 10. årstrinn",Tiende årstrinn,status_publisert,reflektere over eksistensielle spørsmål knyttet til det å vokse opp og leve i et mangfoldig og globalt samfunn,reflektere over eksistensielle spørsmål knytte til det å vakse opp og leve i eit mangfaldig og globalt samfunn,reflektere over eksistensielle spørsmål knyttet til det å vokse opp og leve i et mangfoldig og globalt samfunn,,ja,,KM1970
http://psi.udir.no/kl06/KM14620,KM14620,RLE01,04,"Læreplan i kristendom, religion, livssyn og etikk (KRLE)","Religion, livssyn og etikk, 8. årstrinn | Religion, livssyn og etikk, 9. årstrinn | Religion, livssyn og etikk, 10. årstrinn",Tiende årstrinn,status_publisert,identifisere og drøfte etiske problemstillinger knyttet til ulike former for kommunikasjon,identifisere og drøfte etiske problemstillingar knytte til ulike former for kommunikasjon,identifisere og drøfte etiske problemstillinger knyttet til ulike former for kommunikasjon,,ja,,KM1971
http://psi.udir.no/kl06/KM14621,KM14621,RLE01,04,"Læreplan i kristendom, religion, livssyn og etikk (KRLE)","Religion, livssyn og etikk, 8. årstrinn | Religion, livssyn og etikk, 9. årstrinn | Religion, livssyn og etikk, 10. årstrinn",Tiende årstrinn,status_publisert,"identifisere og drøfte aktuelle etiske problemstillinger knyttet til menneskerettigheter, bærekraft og fattigdom","identifisere og drøfte aktuelle etiske problemstillingar knytte til menneskerettar, berekraft og fattigdom","identifisere og drøfte aktuelle etiske problemstillinger knyttet til menneskerettigheter, bærekraft og fattigdom",,ja,,KM1972
http://psi.udir.no/kl06/KM14627,KM14627,RLE02,04,"Læreplan i kristendom, religion, livssyn og etikk (KRLE), samisk plan","Religion, livssyn og etikk - samisk, 1. årstrinn | Religion, livssyn og etikk - samisk, 2. årstrinn | Religion, livssyn og etikk - samisk, 3. årstrinn | Religion, livssyn og etikk - samisk, 4. årstrinn",Fjerde årstrinn,status_publisert,"utforske og beskrive hvordan kristendom, og andre religioner og livssyn kommer til uttrykk lokalt og regionalt",,"utforske og beskrive hvordan kristendom, og andre religioner og livssyn kommer til uttrykk lokalt og regionalt",,nei,,KM1917
http://psi.udir.no/kl06/KM14628,KM14628,RLE02,04,"Læreplan i kristendom, religion, livssyn og etikk (KRLE), samisk plan","Religion, livssyn og etikk - samisk, 1. årstrinn | Religion, livssyn og etikk - samisk, 2. årstrinn | Religion, livssyn og etikk - samisk, 3. årstrinn | Religion, livssyn og etikk - samisk, 4. årstrinn",Fjerde årstrinn,status_publisert,samtale om og presentere sentrale fortellinger og trosforestillinger i kristen tradisjon,,samtale om og presentere sentrale fortellinger og trosforestillinger i kristen tradisjon,,nei,,KM1939
http://psi.udir.no/kl06/KM14638,KM14638,RLE02,04,"Læreplan i kristendom, religion, livssyn og etikk (KRLE), samisk plan","Religion, livssyn og etikk - samisk, 1. årstrinn | Religion, livssyn og etikk - samisk, 2. årstrinn | Religion, livssyn og etikk - samisk, 3. årstrinn | Religion, livssyn og etikk - samisk, 4. årstrinn",Fjerde årstrinn,status_publisert,samtale om og presentere sentrale fortellinger og trosforestillinger fra østlige og vestlige religiøse tradisjoner,,samtale om og presentere sentrale fortellinger og trosforestillinger fra østlige og vestlige religiøse tradisjoner,,nei,,KM1949
http://psi.udir.no/kl06/KM14629,KM14629,RLE02,04,"Læreplan i kristendom, religion, livssyn og etikk (KRLE), samisk plan","Religion, livssyn og etikk - samisk, 1. årstrinn | Religion, livssyn og etikk - samisk, 2. årstrinn | Religion, livssyn og etikk - samisk, 3. årstrinn | Religion, livssyn og etikk - samisk, 4. årstrinn",Fjerde årstrinn,status_publisert,"sammenligne og presentere årstider og høytider i samiske tradisjoner, kristendom og andre religions- og livssynstradisjoner, som kulturarv",,"sammenligne og presentere årstider og høytider i samiske tradisjoner, kristendom og andre religions- og livssynstradisjoner, som kulturarv",,nei,,KM1940
http://psi.udir.no/kl06/KM14639,KM14639,RLE02,04,"Læreplan i kristendom, religion, livssyn og etikk (KRLE), samisk plan","Religion, livssyn og etikk - samisk, 1. årstrinn | Religion, livssyn og etikk - samisk, 2. årstrinn | Religion, livssyn og etikk - samisk, 3. årstrinn | Religion, livssyn og etikk - samisk, 4. årstrinn",Fjerde årstrinn,status_publisert,samtale om og presentere estetiske uttrykk fra kristendom og andre religioner og livssyn,,samtale om og presentere estetiske uttrykk fra kristendom og andre religioner og livssyn,,nei,,KM1950
http://psi.udir.no/kl06/KM14637,KM14637,RLE02,04,"Læreplan i kristendom, religion, livssyn og etikk (KRLE), samisk plan","Religion, livssyn og etikk - samisk, 1. årstrinn | Religion, livssyn og etikk - samisk, 2. årstrinn | Religion, livssyn og etikk - samisk, 3. årstrinn | Religion, livssyn og etikk - samisk, 4. årstrinn",Fjerde årstrinn,status_publisert,bruke enkle fagbegreper i arbeidet med religioner og livssyn,,bruke enkle fagbegreper i arbeidet med religioner og livssyn,,nei,,KM1948
http://psi.udir.no/kl06/KM14630,KM14630,RLE02,04,"Læreplan i kristendom, religion, livssyn og etikk (KRLE), samisk plan","Religion, livssyn og etikk - samisk, 1. årstrinn | Religion, livssyn og etikk - samisk, 2. årstrinn | Religion, livssyn og etikk - samisk, 3. årstrinn | Religion, livssyn og etikk - samisk, 4. årstrinn",Fjerde årstrinn,status_publisert,skille mellom ulike kilder til kunnskap om religioner og livssyn,,skille mellom ulike kilder til kunnskap om religioner og livssyn,,nei,,KM1941
http://psi.udir.no/kl06/KM14635,KM14635,RLE02,04,"Læreplan i kristendom, religion, livssyn og etikk (KRLE), samisk plan","Religion, livssyn og etikk - samisk, 1. årstrinn | Religion, livssyn og etikk - samisk, 2. årstrinn | Religion, livssyn og etikk - samisk, 3. årstrinn | Religion, livssyn og etikk - samisk, 4. årstrinn",Fjerde årstrinn,status_publisert,beskrive og samtale om ulike måter å leve sammen på i familie og samfunn,,beskrive og samtale om ulike måter å leve sammen på i familie og samfunn,,nei,,KM1946
http://psi.udir.no/kl06/KM14631,KM14631,RLE02,04,"Læreplan i kristendom, religion, livssyn og etikk (KRLE), samisk plan","Religion, livssyn og etikk - samisk, 1. årstrinn | Religion, livssyn og etikk - samisk, 2. årstrinn | Religion, livssyn og etikk - samisk, 3. årstrinn | Religion, livssyn og etikk - samisk, 4. årstrinn",Fjerde årstrinn,status_publisert,samarbeide med andre i samtale om samiske tradisjonelle kunnskaper og praksiser,,samarbeide med andre i samtale om samiske tradisjonelle kunnskaper og praksiser,,nei,,KM1942
http://psi.udir.no/kl06/KM14632,KM14632,RLE02,04,"Læreplan i kristendom, religion, livssyn og etikk (KRLE), samisk plan","Religion, livssyn og etikk - samisk, 1. årstrinn | Religion, livssyn og etikk - samisk, 2. årstrinn | Religion, livssyn og etikk - samisk, 3. årstrinn | Religion, livssyn og etikk - samisk, 4. årstrinn",Fjerde årstrinn,status_publisert,identifisere og reflektere over etiske spørsmål,,identifisere og reflektere over etiske spørsmål,,nei,,KM1943
http://psi.udir.no/kl06/KM14634,KM14634,RLE02,04,"Læreplan i kristendom, religion, livssyn og etikk (KRLE), samisk plan","Religion, livssyn og etikk - samisk, 1. årstrinn | Religion, livssyn og etikk - samisk, 2. årstrinn | Religion, livssyn og etikk - samisk, 3. årstrinn | Religion, livssyn og etikk - samisk, 4. årstrinn",Fjerde årstrinn,status_publisert,utforske og samtale om etiske sider ved menneskers levesett og ressursbruk,,utforske og samtale om etiske sider ved menneskers levesett og ressursbruk,,nei,,KM1945
http://psi.udir.no/kl06/KM14633,KM14633,RLE02,04,"Læreplan i kristendom, religion, livssyn og etikk (KRLE), samisk plan","Religion, livssyn og etikk - samisk, 1. årstrinn | Religion, livssyn og etikk - samisk, 2. årstrinn | Religion, livssyn og etikk - samisk, 3. årstrinn | Religion, livssyn og etikk - samisk, 4. årstrinn",Fjerde årstrinn,status_publisert,"sette seg inn i og formidle egne og andres tanker, følelser og erfaringer",,"sette seg inn i og formidle egne og andres tanker, følelser og erfaringer",,nei,,KM1944
http://psi.udir.no/kl06/KM14636,KM14636,RLE02,04,"Læreplan i kristendom, religion, livssyn og etikk (KRLE), samisk plan","Religion, livssyn og etikk - samisk, 1. årstrinn | Religion, livssyn og etikk - samisk, 2. årstrinn | Religion, livssyn og etikk - samisk, 3. årstrinn | Religion, livssyn og etikk - samisk, 4. årstrinn",Fjerde årstrinn,status_publisert,"samtale om hva menneskeverd, respekt, toleranse og samiske rettigheter betyr og hva det innebærer for hvordan vi lever sammen",,"samtale om hva menneskeverd, respekt, toleranse og samiske rettigheter betyr og hva det innebærer for hvordan vi lever sammen",,nei,,KM1947
http://psi.udir.no/kl06/KM14640,KM14640,RLE02,04,"Læreplan i kristendom, religion, livssyn og etikk (KRLE), samisk plan","Religion, livssyn og etikk - samisk, 5. årstrinn | Religion, livssyn og etikk - samisk, 6. årstrinn | Religion, livssyn og etikk - samisk, 7. årstrinn",Syvende årstrinn,status_publisert,"gjøre rede for historien til kristendom og andre religioner og livssyn i Sápmi/Sábme/Saepmie og Norge, inkludert overgangen til kristendom, og nasjonale minoriteters religions- og livssynshistorie",,"gjøre rede for historien til kristendom og andre religioner og livssyn i Sápmi/Sábme/Saepmie og Norge, inkludert overgangen til kristendom, og nasjonale minoriteters religions- og livssynshistorie",,nei,,KM1951
http://psi.udir.no/kl06/KM14641,KM14641,RLE02,04,"Læreplan i kristendom, religion, livssyn og etikk (KRLE), samisk plan","Religion, livssyn og etikk - samisk, 5. årstrinn | Religion, livssyn og etikk - samisk, 6. årstrinn | Religion, livssyn og etikk - samisk, 7. årstrinn",Syvende årstrinn,status_publisert,beskrive og presentere noen sentrale rituelle praksiser og etiske normer i kristendom,,beskrive og presentere noen sentrale rituelle praksiser og etiske normer i kristendom,,nei,,KM1952
http://psi.udir.no/kl06/KM14650,KM14650,RLE02,04,"Læreplan i kristendom, religion, livssyn og etikk (KRLE), samisk plan","Religion, livssyn og etikk - samisk, 5. årstrinn | Religion, livssyn og etikk - samisk, 6. årstrinn | Religion, livssyn og etikk - samisk, 7. årstrinn",Syvende årstrinn,status_publisert,beskrive og presentere noen sentrale rituelle praksiser og etiske normer fra østlige og vestlige religioner og livssynstradisjoner,,beskrive og presentere noen sentrale rituelle praksiser og etiske normer fra østlige og vestlige religioner og livssynstradisjoner,,nei,,KM1919
http://psi.udir.no/kl06/KM14651,KM14651,RLE02,04,"Læreplan i kristendom, religion, livssyn og etikk (KRLE), samisk plan","Religion, livssyn og etikk - samisk, 5. årstrinn | Religion, livssyn og etikk - samisk, 6. årstrinn | Religion, livssyn og etikk - samisk, 7. årstrinn",Syvende årstrinn,status_publisert,utforske og sammenligne tekster og materielle uttrykk som kilder til kunnskap om kulturarv knyttet til kristendom og ulike religions- og livssynstradisjoner,,utforske og sammenligne tekster og materielle uttrykk som kilder til kunnskap om kulturarv knyttet til kristendom og ulike religions- og livssynstradisjoner,,nei,,KM1920
http://psi.udir.no/kl06/KM14642,KM14642,RLE02,04,"Læreplan i kristendom, religion, livssyn og etikk (KRLE), samisk plan","Religion, livssyn og etikk - samisk, 5. årstrinn | Religion, livssyn og etikk - samisk, 6. årstrinn | Religion, livssyn og etikk - samisk, 7. årstrinn",Syvende årstrinn,status_publisert,sammenligne og samtale om tradisjonelle kunnskaper og praksiser fra ulike deler av Sápmi/Sábme/Saepmie,,sammenligne og samtale om tradisjonelle kunnskaper og praksiser fra ulike deler av Sápmi/Sábme/Saepmie,,nei,,KM1953
http://psi.udir.no/kl06/KM14649,KM14649,RLE02,04,"Læreplan i kristendom, religion, livssyn og etikk (KRLE), samisk plan","Religion, livssyn og etikk - samisk, 5. årstrinn | Religion, livssyn og etikk - samisk, 6. årstrinn | Religion, livssyn og etikk - samisk, 7. årstrinn",Syvende årstrinn,status_publisert,bruke fagbegreper i arbeidet med religioner og livssyn,,bruke fagbegreper i arbeidet med religioner og livssyn,,nei,,KM1918
http://psi.udir.no/kl06/KM14647,KM14647,RLE02,04,"Læreplan i kristendom, religion, livssyn og etikk (KRLE), samisk plan","Religion, livssyn og etikk - samisk, 5. årstrinn | Religion, livssyn og etikk - samisk, 6. årstrinn | Religion, livssyn og etikk - samisk, 7. årstrinn",Syvende årstrinn,status_publisert,"gjøre rede for ulike syn på barndom, familie og samliv i religioner og livssyn og i samiske samfunn",,"gjøre rede for ulike syn på barndom, familie og samliv i religioner og livssyn og i samiske samfunn",,nei,,KM1937
http://psi.udir.no/kl06/KM14643,KM14643,RLE02,04,"Læreplan i kristendom, religion, livssyn og etikk (KRLE), samisk plan","Religion, livssyn og etikk - samisk, 5. årstrinn | Religion, livssyn og etikk - samisk, 6. årstrinn | Religion, livssyn og etikk - samisk, 7. årstrinn",Syvende årstrinn,status_publisert,bruke filosofiske tenkemåter i samtale og undring,,bruke filosofiske tenkemåter i samtale og undring,,nei,,KM1954
http://psi.udir.no/kl06/KM14644,KM14644,RLE02,04,"Læreplan i kristendom, religion, livssyn og etikk (KRLE), samisk plan","Religion, livssyn og etikk - samisk, 5. årstrinn | Religion, livssyn og etikk - samisk, 6. årstrinn | Religion, livssyn og etikk - samisk, 7. årstrinn",Syvende årstrinn,status_publisert,samtale om og formidle etiske ideer fra sentrale skikkelser i religiøse og livssynsbaserte tradisjoner,,samtale om og formidle etiske ideer fra sentrale skikkelser i religiøse og livssynsbaserte tradisjoner,,nei,,KM1955
http://psi.udir.no/kl06/KM14652,KM14652,RLE02,04,"Læreplan i kristendom, religion, livssyn og etikk (KRLE), samisk plan","Religion, livssyn og etikk - samisk, 5. årstrinn | Religion, livssyn og etikk - samisk, 6. årstrinn | Religion, livssyn og etikk - samisk, 7. årstrinn",Syvende årstrinn,status_publisert,samtale om og formidle etiske ideer fra sentrale skikkelser i filosofihistorien,,samtale om og formidle etiske ideer fra sentrale skikkelser i filosofihistorien,,nei,,KM1921
http://psi.udir.no/kl06/KM14645,KM14645,RLE02,04,"Læreplan i kristendom, religion, livssyn og etikk (KRLE), samisk plan","Religion, livssyn og etikk - samisk, 5. årstrinn | Religion, livssyn og etikk - samisk, 6. årstrinn | Religion, livssyn og etikk - samisk, 7. årstrinn",Syvende årstrinn,status_publisert,utforske og beskrive egne og andres perspektiver i etiske dilemmaer knyttet til hverdags- og samfunnsutfordringer,,utforske og beskrive egne og andres perspektiver i etiske dilemmaer knyttet til hverdags- og samfunnsutfordringer,,nei,,KM1938
http://psi.udir.no/kl06/KM14646,KM14646,RLE02,04,"Læreplan i kristendom, religion, livssyn og etikk (KRLE), samisk plan","Religion, livssyn og etikk - samisk, 5. årstrinn | Religion, livssyn og etikk - samisk, 6. årstrinn | Religion, livssyn og etikk - samisk, 7. årstrinn",Syvende årstrinn,status_publisert,reflektere over eksistensielle spørsmål knyttet til menneskets levesett og levekår og klodens framtid,,reflektere over eksistensielle spørsmål knyttet til menneskets levesett og levekår og klodens framtid,,nei,,KM1956
http://psi.udir.no/kl06/KM14648,KM14648,RLE02,04,"Læreplan i kristendom, religion, livssyn og etikk (KRLE), samisk plan","Religion, livssyn og etikk - samisk, 5. årstrinn | Religion, livssyn og etikk - samisk, 6. årstrinn | Religion, livssyn og etikk - samisk, 7. årstrinn",Syvende årstrinn,status_publisert,"gjøre rede for hva menneskerettighetene innebærer for urfolks rettigheter, for ytrings- og religionsfrihet og for religiøse minoriteters situasjon i Sápmi/Sábme/Saepmie og Norge",,"gjøre rede for hva menneskerettighetene innebærer for urfolks rettigheter, for ytrings- og religionsfrihet og for religiøse minoriteters situasjon i Sápmi/Sábme/Saepmie og Norge",,nei,,KM1935
http://psi.udir.no/kl06/KM14653,KM14653,RLE02,04,"Læreplan i kristendom, religion, livssyn og etikk (KRLE), samisk plan","Religion, livssyn og etikk - samisk, 8. årstrinn | Religion, livssyn og etikk - samisk, 9. årstrinn | Religion, livssyn og etikk - samisk, 10. årstrinn",Tiende årstrinn,status_publisert,utforske og presentere sentrale trekk ved kristendom og andre religions- og livssynstradisjoner og deres utbredelse i dag,,utforske og presentere sentrale trekk ved kristendom og andre religions- og livssynstradisjoner og deres utbredelse i dag,,nei,,KM1922
http://psi.udir.no/kl06/KM14665,KM14665,RLE02,04,"Læreplan i kristendom, religion, livssyn og etikk (KRLE), samisk plan","Religion, livssyn og etikk - samisk, 8. årstrinn | Religion, livssyn og etikk - samisk, 9. årstrinn | Religion, livssyn og etikk - samisk, 10. årstrinn",Tiende årstrinn,status_publisert,utforske og drøfte hvordan kristendom og andre religioner inngår i historiske endringsprosesser globalt og nasjonalt,,utforske og drøfte hvordan kristendom og andre religioner inngår i historiske endringsprosesser globalt og nasjonalt,,nei,,KM1934
http://psi.udir.no/kl06/KM14666,KM14666,RLE02,04,"Læreplan i kristendom, religion, livssyn og etikk (KRLE), samisk plan","Religion, livssyn og etikk - samisk, 8. årstrinn | Religion, livssyn og etikk - samisk, 9. årstrinn | Religion, livssyn og etikk - samisk, 10. årstrinn",Tiende årstrinn,status_publisert,undersøke og presentere sentrale ideer fra livssynshumanisme og andre ikke-religiøse livssyn,,undersøke og presentere sentrale ideer fra livssynshumanisme og andre ikke-religiøse livssyn,,nei,,KM1936
http://psi.udir.no/kl06/KM14654,KM14654,RLE02,04,"Læreplan i kristendom, religion, livssyn og etikk (KRLE), samisk plan","Religion, livssyn og etikk - samisk, 8. årstrinn | Religion, livssyn og etikk - samisk, 9. årstrinn | Religion, livssyn og etikk - samisk, 10. årstrinn",Tiende årstrinn,status_publisert,utforske og presentere religiøst mangfold og religiøse praksiser utenfor etablerte religionssamfunn,,utforske og presentere religiøst mangfold og religiøse praksiser utenfor etablerte religionssamfunn,,nei,,KM1923
http://psi.udir.no/kl06/KM14655,KM14655,RLE02,04,"Læreplan i kristendom, religion, livssyn og etikk (KRLE), samisk plan","Religion, livssyn og etikk - samisk, 8. årstrinn | Religion, livssyn og etikk - samisk, 9. årstrinn | Religion, livssyn og etikk - samisk, 10. årstrinn",Tiende årstrinn,status_publisert,gjøre rede for og reflektere over andre urfolks religions- og livssynstradisjoner,,gjøre rede for og reflektere over andre urfolks religions- og livssynstradisjoner,,nei,,KM1924
http://psi.udir.no/kl06/KM14657,KM14657,RLE02,04,"Læreplan i kristendom, religion, livssyn og etikk (KRLE), samisk plan","Religion, livssyn og etikk - samisk, 8. årstrinn | Religion, livssyn og etikk - samisk, 9. årstrinn | Religion, livssyn og etikk - samisk, 10. årstrinn",Tiende årstrinn,status_publisert,bruke og drøfte fagbegreper om religioner og livssyn og om samiske åndelige tradisjoner,,bruke og drøfte fagbegreper om religioner og livssyn og om samiske åndelige tradisjoner,,nei,,KM1926
http://psi.udir.no/kl06/KM14658,KM14658,RLE02,04,"Læreplan i kristendom, religion, livssyn og etikk (KRLE), samisk plan","Religion, livssyn og etikk - samisk, 8. årstrinn | Religion, livssyn og etikk - samisk, 9. årstrinn | Religion, livssyn og etikk - samisk, 10. årstrinn",Tiende årstrinn,status_publisert,sammenligne og vurdere kritisk ulike kilder til kunnskap om religioner og livssyn,,sammenligne og vurdere kritisk ulike kilder til kunnskap om religioner og livssyn,,nei,,KM1927
http://psi.udir.no/kl06/KM14656,KM14656,RLE02,04,"Læreplan i kristendom, religion, livssyn og etikk (KRLE), samisk plan","Religion, livssyn og etikk - samisk, 8. årstrinn | Religion, livssyn og etikk - samisk, 9. årstrinn | Religion, livssyn og etikk - samisk, 10. årstrinn",Tiende årstrinn,status_publisert,gjøre rede for og reflektere over ulike syn på kjønn og seksualitet i kristendom og andre religioner og livssyn,,gjøre rede for og reflektere over ulike syn på kjønn og seksualitet i kristendom og andre religioner og livssyn,,nei,,KM1925
http://psi.udir.no/kl06/KM14663,KM14663,RLE02,04,"Læreplan i kristendom, religion, livssyn og etikk (KRLE), samisk plan","Religion, livssyn og etikk - samisk, 8. årstrinn | Religion, livssyn og etikk - samisk, 9. årstrinn | Religion, livssyn og etikk - samisk, 10. årstrinn",Tiende årstrinn,status_publisert,utforske og presentere hvordan elementer fra kristendom og andre religioner og livssyn kommer til uttrykk i medier og populærkultur,,utforske og presentere hvordan elementer fra kristendom og andre religioner og livssyn kommer til uttrykk i medier og populærkultur,,nei,,KM1932
http://psi.udir.no/kl06/KM14664,KM14664,RLE02,04,"Læreplan i kristendom, religion, livssyn og etikk (KRLE), samisk plan","Religion, livssyn og etikk - samisk, 8. årstrinn | Religion, livssyn og etikk - samisk, 9. årstrinn | Religion, livssyn og etikk - samisk, 10. årstrinn",Tiende årstrinn,status_publisert,utforske og sammenligne etiske ideer fra sentrale skikkelser i religiøse og livssynsbaserte tradisjoner,,utforske og sammenligne etiske ideer fra sentrale skikkelser i religiøse og livssynsbaserte tradisjoner,,nei,,KM1933
http://psi.udir.no/kl06/KM14667,KM14667,RLE02,04,"Læreplan i kristendom, religion, livssyn og etikk (KRLE), samisk plan","Religion, livssyn og etikk - samisk, 8. årstrinn | Religion, livssyn og etikk - samisk, 9. årstrinn | Religion, livssyn og etikk - samisk, 10. årstrinn",Tiende årstrinn,status_publisert,utforske etiske ideer fra sentrale skikkelser i filosofihistorien og anvende ideene til å drøfte aktuelle etiske spørsmål,,utforske etiske ideer fra sentrale skikkelser i filosofihistorien og anvende ideene til å drøfte aktuelle etiske spørsmål,,nei,,KM1957
http://psi.udir.no/kl06/KM14659,KM14659,RLE02,04,"Læreplan i kristendom, religion, livssyn og etikk (KRLE), samisk plan","Religion, livssyn og etikk - samisk, 8. årstrinn | Religion, livssyn og etikk - samisk, 9. årstrinn | Religion, livssyn og etikk - samisk, 10. årstrinn",Tiende årstrinn,status_publisert,utforske andres perspektiv og håndtere uenighet og meningsbrytning,,utforske andres perspektiv og håndtere uenighet og meningsbrytning,,nei,,KM1928
http://psi.udir.no/kl06/KM14660,KM14660,RLE02,04,"Læreplan i kristendom, religion, livssyn og etikk (KRLE), samisk plan","Religion, livssyn og etikk - samisk, 8. årstrinn | Religion, livssyn og etikk - samisk, 9. årstrinn | Religion, livssyn og etikk - samisk, 10. årstrinn",Tiende årstrinn,status_publisert,reflektere over eksistensielle spørsmål knyttet til det å vokse opp og leve i et mangfoldig og globalt samfunn,,reflektere over eksistensielle spørsmål knyttet til det å vokse opp og leve i et mangfoldig og globalt samfunn,,nei,,KM1929
http://psi.udir.no/kl06/KM14661,KM14661,RLE02,04,"Læreplan i kristendom, religion, livssyn og etikk (KRLE), samisk plan","Religion, livssyn og etikk - samisk, 8. årstrinn | Religion, livssyn og etikk - samisk, 9. årstrinn | Religion, livssyn og etikk - samisk, 10. årstrinn",Tiende årstrinn,status_publisert,identifisere og drøfte etiske problemstillinger knyttet til ulike former for kommunikasjon,,identifisere og drøfte etiske problemstillinger knyttet til ulike former for kommunikasjon,,nei,,KM1930
http://psi.udir.no/kl06/KM14662,KM14662,RLE02,04,"Læreplan i kristendom, religion, livssyn og etikk (KRLE), samisk plan","Religion, livssyn og etikk - samisk, 8. årstrinn | Religion, livssyn og etikk - samisk, 9. årstrinn | Religion, livssyn og etikk - samisk, 10. årstrinn",Tiende årstrinn,status_publisert,"identifisere og drøfte aktuelle etiske problemstillinger knyttet til menneskerettigheter, urfolks rettigheter, bærekraft og fattigdom",,"identifisere og drøfte aktuelle etiske problemstillinger knyttet til menneskerettigheter, urfolks rettigheter, bærekraft og fattigdom",,nei,,KM1931
http://psi.udir.no/kl06/KM13228,KM13228,MAT01,06,Læreplan i matematikk 1.-10. trinn,Matematikk 1. årstrinn | Matematikk 2. årstrinn,Andre årstrinn,status_publisert,gruppere tall og mengder ut fra egenskaper og reflektere over om dette kan gjøres på flere måter,gruppere tal og mengder ut frå eigenskapar og reflektere over om dette kan gjerast på fleire måtar,gruppere tal og mengder ut frå eigenskapar og reflektere over om dette kan gjerast på fleire måtar,group numbers and sets based on their properties and to reflect upon whether there are multiple ways to do this,ja,,
http://psi.udir.no/kl06/KM13229,KM13229,MAT01,06,Læreplan i matematikk 1.-10. trinn,Matematikk 1. årstrinn | Matematikk 2. årstrinn,Andre årstrinn,status_publisert,"utforske tall, mengder og telling i lek, natur, billedkunst, musikk og barnelitteratur","utforske tal, mengder og teljing i leik, natur, biletkunst, musikk og barnelitteratur","utforske tal, mengder og teljing i leik, natur, biletkunst, musikk og barnelitteratur","explore numbers, sets and counting through play, nature, visual art, music and children’s literature",ja,,
http://psi.udir.no/kl06/KM13241,KM13241,MAT01,06,Læreplan i matematikk 1.-10. trinn,Matematikk 1. årstrinn | Matematikk 2. årstrinn,Andre årstrinn,status_publisert,"bruke tallsymboler, tallord, tegning og konkreter til å representere tall og mengder på ulike måter og oversette mellom de ulike representasjonene","bruke talsymbol, talord, teikning og konkret til å representere tal og mengder på ulike måtar og omsetje mellom dei ulike representasjonane","bruke talsymbol, talord, teikning og konkret til å representere tal og mengder på ulike måtar og omsetje mellom dei ulike representasjonane","use numerals, number words, drawings and tangible objects to represent numbers and sets in different ways and translate between the different representations",ja,,
http://psi.udir.no/kl06/KM13230,KM13230,MAT01,06,Læreplan i matematikk 1.-10. trinn,Matematikk 1. årstrinn | Matematikk 2. årstrinn,Andre årstrinn,status_publisert,"telle både framlengs og baklengs, velge ulike startpunkter og ulik differanse og forklare mønstre i tellinger","telje både framlengs og baklengs, velje ulike startpunkt og ulik differanse og forklare mønster i teljingar","telje både framlengs og baklengs, velje ulike startpunkt og ulik differanse og forklare mønster i teljingar","count both up and down, choose different starting points and intervals for counting, and explain counting patterns",ja,,
http://psi.udir.no/kl06/KM13231,KM13231,MAT01,06,Læreplan i matematikk 1.-10. trinn,Matematikk 1. årstrinn | Matematikk 2. årstrinn,Andre årstrinn,status_publisert,beskrive og utforske egenskaper ved partall og oddetall,beskrive og utforske eigenskapar ved partal og oddetal,beskrive og utforske eigenskapar ved partal og oddetal,describe and explore the properties of odd and even numbers,ja,,
http://psi.udir.no/kl06/KM13232,KM13232,MAT01,06,Læreplan i matematikk 1.-10. trinn,Matematikk 1. årstrinn | Matematikk 2. årstrinn,Andre årstrinn,status_publisert,"bruke tallsymboler, tallord, tegning og konkreter til å representere posisjonssystemet og oversette mellom de ulike representasjonene","bruke talsymbol, talord, teikning og konkret til å representere posisjonssystemet og omsetje mellom dei ulike representasjonane","bruke talsymbol, talord, teikning og konkret til å representere posisjonssystemet og omsetje mellom dei ulike representasjonane","use numerals, number words, drawings and tangible objects to represent the positional system and translate between the different representations",ja,,
http://psi.udir.no/kl06/KM13233,KM13233,MAT01,06,Læreplan i matematikk 1.-10. trinn,Matematikk 1. årstrinn | Matematikk 2. årstrinn,Andre årstrinn,status_publisert,plassere tall på tallinjen og bruke tallinjen i regning og problemløsing,plassere tal på tallinja og bruke tallinja i rekning og problemløysing,plassere tal på tallinja og bruke tallinja i rekning og problemløysing,place numbers on the number line and use the number line to carry out arithmetic and solve problems,ja,,
http://psi.udir.no/kl06/KM13234,KM13234,MAT01,06,Læreplan i matematikk 1.-10. trinn,Matematikk 1. årstrinn | Matematikk 2. årstrinn,Andre årstrinn,status_publisert,bruke addisjon og subtraksjon til å lage og løse problemer fra lek og hverdag,bruke addisjon og subtraksjon til å lage og løyse problem frå leik og kvardag,bruke addisjon og subtraksjon til å lage og løyse problem frå leik og kvardag,use addition and subtraction in order to create and solve problems from play and in daily life,ja,,
http://psi.udir.no/kl06/KM13235,KM13235,MAT01,06,Læreplan i matematikk 1.-10. trinn,Matematikk 1. årstrinn | Matematikk 2. årstrinn,Andre årstrinn,status_publisert,bruke kommutative og assosiative egenskaper ved addisjon i hoderegning og skriftlig regning,bruke kommutative og assosiative eigenskapar ved addisjon i hovudrekning og skriftleg rekning,bruke kommutative og assosiative eigenskapar ved addisjon i hovudrekning og skriftleg rekning,use commutative and associative properties when carrying out addition in written and mental arithmetic,ja,,
http://psi.udir.no/kl06/KM13242,KM13242,MAT01,06,Læreplan i matematikk 1.-10. trinn,Matematikk 1. årstrinn | Matematikk 2. årstrinn,Andre årstrinn,status_publisert,bruke likhetstegnet som et relasjonelt symbol som viser at to uttrykk har samme verdi,bruke likskapsteiknet som eit relasjonelt symbol som viser at to uttrykk har same verdi,bruke likskapsteiknet som eit relasjonelt symbol som viser at to uttrykk har same verdi,use the equals sign as a relational symbol that shows that two expressions have the same value,ja,,
http://psi.udir.no/kl06/KM13236,KM13236,MAT01,06,Læreplan i matematikk 1.-10. trinn,Matematikk 1. årstrinn | Matematikk 2. årstrinn,Andre årstrinn,status_publisert,kjenne igjen og beskrive repeterende enheter i mønstre og lage egne mønstre,kjenne att og beskrive repeterande einingar i mønster og lage eigne mønster,kjenne att og beskrive repeterande einingar i mønster og lage eigne mønster,recognise and describe repeating units in patterns and create their own patterns,ja,,
http://psi.udir.no/kl06/KM13237,KM13237,MAT01,06,Læreplan i matematikk 1.-10. trinn,Matematikk 1. årstrinn | Matematikk 2. årstrinn,Andre årstrinn,status_publisert,"utforske, tegne og beskrive geometriske figurer fra sitt eget nærmiljø og argumentere for måter å sortere dem på etter egenskaper","utforske, teikne og beskrive geometriske figurar frå sitt eige nærmiljø og argumentere for måtar å sortere dei på etter eigenskapar","utforske, teikne og beskrive geometriske figurar frå sitt eige nærmiljø og argumentere for måtar å sortere dei på etter eigenskapar","explore, draw and describe geometric shapes from their own local environment and reason in relation to ways to sort them according to their properties",ja,,KM258
http://psi.udir.no/kl06/KM13240,KM13240,MAT01,06,Læreplan i matematikk 1.-10. trinn,Matematikk 1. årstrinn | Matematikk 2. årstrinn,Andre årstrinn,status_publisert,måle lengde og masse i praktiske situasjoner med ikke-standardiserte og standardiserte måleenheter og samtale om resultatene,måle lengd og masse i praktiske situasjonar med ikkje-standardiserte og standardiserte måleiningar og samtale om resultata,måle lengd og masse i praktiske situasjonar med ikkje-standardiserte og standardiserte måleiningar og samtale om resultata,"measure length and mass in practical situations using both non-standardised and standardised units of measurement, and to discuss the results",ja,,
http://psi.udir.no/kl06/KM13238,KM13238,MAT01,06,Læreplan i matematikk 1.-10. trinn,Matematikk 1. årstrinn | Matematikk 2. årstrinn,Andre årstrinn,status_publisert,beskrive tid ved hjelp av kalender og analog og digital klokke,beskrive tid ved hjelp av kalender og analog og digital klokke,beskrive tid ved hjelp av kalender og analog og digital klokke,describe time with the aid of a calendar as well as analogue and digital clocks,ja,,
http://psi.udir.no/kl06/KM13239,KM13239,MAT01,06,Læreplan i matematikk 1.-10. trinn,Matematikk 1. årstrinn | Matematikk 2. årstrinn,Andre årstrinn,status_publisert,lage og følge regler og trinnvise instruksjoner i lek og spill,lage og følgje reglar og trinnvise instruksjonar i leik og spel,lage og følgje reglar og trinnvise instruksjonar i leik og spel,create and follow rules and step-by-step instructions during play and games,ja,,KM257
http://psi.udir.no/kl06/KM13243,KM13243,MAT01,06,Læreplan i matematikk 1.-10. trinn,Matematikk 3. årstrinn,Tredje årstrinn,status_publisert,bruke hensiktsmessige strategier for addisjon og subtraksjon til å lage og løse problemer fra lek og hverdag,bruke formålstenlege strategiar for addisjon og subtraksjon til å lage og løyse problem frå leik og kvardag,bruke formålstenlege strategiar for addisjon og subtraksjon til å lage og løyse problem frå leik og kvardag,use appropriate strategies for addition and subtraction in order to create and solve problems from play and in daily life,ja,,
http://psi.udir.no/kl06/KM13244,KM13244,MAT01,06,Læreplan i matematikk 1.-10. trinn,Matematikk 3. årstrinn,Tredje årstrinn,status_publisert,forklare og utforske sammenhenger mellom addisjon og subtraksjon i hoderegning og skriftlig regning,forklare og utforske samanhengar mellom addisjon og subtraksjon i hovudrekning og skriftleg rekning,forklare og utforske samanhengar mellom addisjon og subtraksjon i hovudrekning og skriftleg rekning,explain and explore the relationships between addition and subtraction in written and mental arithmetic,ja,,
http://psi.udir.no/kl06/KM13245,KM13245,MAT01,06,Læreplan i matematikk 1.-10. trinn,Matematikk 3. årstrinn,Tredje årstrinn,status_publisert,beskrive og utforske multiplikasjon ved telling og gruppering,beskrive og utforske multiplikasjon ved teljing og gruppering,beskrive og utforske multiplikasjon ved teljing og gruppering,describe and explore multiplication through counting and grouping,ja,,
http://psi.udir.no/kl06/KM13254,KM13254,MAT01,06,Læreplan i matematikk 1.-10. trinn,Matematikk 3. årstrinn,Tredje årstrinn,status_publisert,bruke dobling og halvering i hoderegning og skriftlig regning,bruke dobling og halvering i hovudrekning og skriftleg rekning,bruke dobling og halvering i hovudrekning og skriftleg rekning,double and halve in written and mental arithmetic,ja,,
http://psi.udir.no/kl06/KM13246,KM13246,MAT01,06,Læreplan i matematikk 1.-10. trinn,Matematikk 3. årstrinn,Tredje årstrinn,status_publisert,bruke multiplikasjon og divisjon til å lage og løse problemer fra lek og hverdag,bruke multiplikasjon og divisjon til å lage og løyse problem frå leik og kvardag,bruke multiplikasjon og divisjon til å lage og løyse problem frå leik og kvardag,use multiplication and division in order to create and solve problems from play and in daily life,ja,,
http://psi.udir.no/kl06/KM13247,KM13247,MAT01,06,Læreplan i matematikk 1.-10. trinn,Matematikk 3. årstrinn,Tredje årstrinn,status_publisert,"bruke tallsymboler, tekst, tabeller, tegning og konkreter til å representere multiplikasjon på ulike måter og oversette mellom de ulike representasjonene","bruke talsymbol, tekst, tabellar, teikning og konkret til å representere multiplikasjon på ulike måtar og omsetje mellom dei ulike representasjonane","bruke talsymbol, tekst, tabellar, teikning og konkret til å representere multiplikasjon på ulike måtar og omsetje mellom dei ulike representasjonane","use numerals, text, tables, drawings and tangible objects to represent multiplication in different ways and translate between the different representations",ja,,
http://psi.udir.no/kl06/KM13248,KM13248,MAT01,06,Læreplan i matematikk 1.-10. trinn,Matematikk 3. årstrinn,Tredje årstrinn,status_publisert,"bruke kommutative, assosiative og distributive egenskaper ved multiplikasjon i hoderegning og skriftlig regning","bruke kommutative, assosiative og distributive eigenskapar ved multiplikasjon i hovudrekning og skriftleg rekning","bruke kommutative, assosiative og distributive eigenskapar ved multiplikasjon i hovudrekning og skriftleg rekning","use commutative, associative and distributive properties when carrying out multiplication in written and mental arithmetic",ja,,
http://psi.udir.no/kl06/KM13249,KM13249,MAT01,06,Læreplan i matematikk 1.-10. trinn,Matematikk 3. årstrinn,Tredje årstrinn,status_publisert,"bruke likhets- og ulikhetstegn som relasjonelle symboler for å sammenligne størrelser, mengder, uttrykk og tall","bruke likskaps- og ulikskapsteikn som relasjonelle symbol for å samanlikne storleikar, mengder, uttrykk og tal","bruke likskaps- og ulikskapsteikn som relasjonelle symbol for å samanlikne storleikar, mengder, uttrykk og tal","use the equals sign and inequality signs as relational symbols to compare measures, quantities, expressions, and numbers",ja,,
http://psi.udir.no/kl06/KM13250,KM13250,MAT01,06,Læreplan i matematikk 1.-10. trinn,Matematikk 3. årstrinn,Tredje årstrinn,status_publisert,"bruke tallsymboler, tegning og konkreter for å utforske likevekt og oversette mellom de ulike representasjonene","bruke talsymbol, teikning og konkret for å utforske likevekt og omsetje mellom dei ulike representasjonane","bruke talsymbol, teikning og konkret for å utforske likevekt og omsetje mellom dei ulike representasjonane","use numerals, drawings, and tangible objects to explore equivalence and translate between the different representations",ja,,
http://psi.udir.no/kl06/KM13253,KM13253,MAT01,06,Læreplan i matematikk 1.-10. trinn,Matematikk 3. årstrinn,Tredje årstrinn,status_publisert,måle arealer i praktiske situasjoner med ikke-standardiserte og standardiserte måleenheter,måle areal i praktiske situasjonar med ikkje-standardiserte og standardiserte måleiningar,måle areal i praktiske situasjonar med ikkje-standardiserte og standardiserte måleiningar,measure areas in practical situations using both non-standardised and standardised units of measurement,ja,,
http://psi.udir.no/kl06/KM13251,KM13251,MAT01,06,Læreplan i matematikk 1.-10. trinn,Matematikk 3. årstrinn,Tredje årstrinn,status_publisert,"eksperimentere med, navngi og plassere punkter i koordinatsystemet","eksperimentere med, namngi og plassere punkt i koordinatsystemet","eksperimentere med, namngi og plassere punkt i koordinatsystemet","experiment with, name and plot points using a coordinate system",ja,,
http://psi.udir.no/kl06/KM13252,KM13252,MAT01,06,Læreplan i matematikk 1.-10. trinn,Matematikk 3. årstrinn,Tredje årstrinn,status_publisert,lage og følge regler og trinnvise instruksjoner i lek og spill knyttet til koordinatsystemet,lage og følgje reglar og trinnvise instruksjonar i leik og spel knytte til koordinatsystemet,lage og følgje reglar og trinnvise instruksjonar i leik og spel knytte til koordinatsystemet,create and follow rules and step-by-step instructions during play and games related to a coordinate system,ja,,KM268
http://psi.udir.no/kl06/KM13255,KM13255,MAT01,06,Læreplan i matematikk 1.-10. trinn,Matematikk 4. årstrinn,Fjerde årstrinn,status_publisert,utforske og bruke målings- og delingsdivisjon i praktiske situasjoner,utforske og bruke målings- og delingsdivisjon i praktiske situasjonar,utforske og bruke målings- og delingsdivisjon i praktiske situasjonar,explore and use grouping and sharing division in practical situations,ja,,KM270
http://psi.udir.no/kl06/KM13256,KM13256,MAT01,06,Læreplan i matematikk 1.-10. trinn,Matematikk 4. årstrinn,Fjerde årstrinn,status_publisert,"bruke tall, tekst, tegning og konkreter for å utforske divisjon på ulike måter og oversette mellom de ulike representasjonene","bruke tal, tekst, teikning og konkret for å utforske divisjon på ulike måtar og omsetje mellom dei ulike representasjonane","bruke tal, tekst, teikning og konkret for å utforske divisjon på ulike måtar og omsetje mellom dei ulike representasjonane","use numbers, text, drawings, and tangible objects to explore division in different ways and translate between the different representations",ja,,
http://psi.udir.no/kl06/KM13257,KM13257,MAT01,06,Læreplan i matematikk 1.-10. trinn,Matematikk 4. årstrinn,Fjerde årstrinn,status_publisert,bruke og forklare ulike divisjonsstrategier,bruke og forklare ulike divisjonsstrategiar,bruke og forklare ulike divisjonsstrategiar,use and explain different division strategies,ja,,
http://psi.udir.no/kl06/KM13258,KM13258,MAT01,06,Læreplan i matematikk 1.-10. trinn,Matematikk 4. årstrinn,Fjerde årstrinn,status_publisert,bruke hoderegning og skriftlig regning til å utforske og forklare sammenhenger mellom de fire regneartene,bruke hovudrekning og skriftleg rekning til å utforske og forklare samanhengar mellom dei fire rekneartane,bruke hovudrekning og skriftleg rekning til å utforske og forklare samanhengar mellom dei fire rekneartane,use written and mental arithmetic to explore and explain the relationships between the four arithmetic operations,ja,,
http://psi.udir.no/kl06/KM13259,KM13259,MAT01,06,Læreplan i matematikk 1.-10. trinn,Matematikk 4. årstrinn,Fjerde årstrinn,status_publisert,"estimere, gjøre overslag, forklare tenkemåter og vurdere kritisk egne og andres modeller og løsninger i arbeid med praktiske situasjoner","estimere, gjere overslag, forklare tenkjemåtar og vurdere kritisk eigne og andre sine modellar og løysingar i arbeid med praktiske situasjonar","estimere, gjere overslag, forklare tenkjemåtar og vurdere kritisk eigne og andre sine modellar og løysingar i arbeid med praktiske situasjonar","assess, estimate, explain their reasoning, and critically assess their own and others’ models and solutions when working in practical situations",ja,,
http://psi.udir.no/kl06/KM13260,KM13260,MAT01,06,Læreplan i matematikk 1.-10. trinn,Matematikk 4. årstrinn,Fjerde årstrinn,status_publisert,lage regneuttrykk til praktiske situasjoner og finne praktiske situasjoner som passer til oppgitte regneuttrykk,lage rekneuttrykk til praktiske situasjonar og finne praktiske situasjonar som passar til oppgitte rekneuttrykk,lage rekneuttrykk til praktiske situasjonar og finne praktiske situasjonar som passar til oppgitte rekneuttrykk,create mathematical expressions for practical situations and identify practical situations that fit a given mathematical expression,ja,,KM287
http://psi.udir.no/kl06/KM13261,KM13261,MAT01,06,Læreplan i matematikk 1.-10. trinn,Matematikk 4. årstrinn,Fjerde årstrinn,status_publisert,"beskrive og utforske egenskaper ved to- og tredimensjonale figurer ved å bruke vinkler, kanter, hjørner og flater","beskrive og utforske eigenskapar ved to- og tredimensjonale figurar ved å bruke vinklar, kantar, hjørne og flater","beskrive og utforske eigenskapar ved to- og tredimensjonale figurar ved å bruke vinklar, kantar, hjørne og flater","describe and explore the properties of two- and three-dimensional shapes by using angles, edges, corners, and faces",ja,,
http://psi.udir.no/kl06/KM13264,KM13264,MAT01,06,Læreplan i matematikk 1.-10. trinn,Matematikk 4. årstrinn,Fjerde årstrinn,status_publisert,måle volum i praktiske situasjoner med ikke-standardiserte og standardiserte måleenheter og samtale om resultatene,måle volum i praktiske situasjonar med ikkje-standardiserte og standardiserte måleiningar og samtale om resultata,måle volum i praktiske situasjonar med ikkje-standardiserte og standardiserte måleiningar og samtale om resultata,"measure volume in practical situations using both non-standardised and standardised units of measurement, and to discuss the results",ja,,
http://psi.udir.no/kl06/KM13262,KM13262,MAT01,06,Læreplan i matematikk 1.-10. trinn,Matematikk 4. årstrinn,Fjerde årstrinn,status_publisert,beskrive og utforske strukturer og mønstre i lek og spill,beskrive og utforske strukturar og mønster i leik og spel,beskrive og utforske strukturar og mønster i leik og spel,describe and explore structures and patterns in games and play,ja,,
http://psi.udir.no/kl06/KM13263,KM13263,MAT01,06,Læreplan i matematikk 1.-10. trinn,Matematikk 4. årstrinn,Fjerde årstrinn,status_publisert,"lage algoritmer og uttrykke dem ved bruk av variabler, vilkår og løkker","lage algoritmar og uttrykkje dei ved bruk av variablar, vilkår og lykkjer","lage algoritmar og uttrykkje dei ved bruk av variablar, vilkår og lykkjer","create algorithms and express them using variables, conditions and loops",ja,,KM283
http://psi.udir.no/kl06/KM13265,KM13265,MAT01,06,Læreplan i matematikk 1.-10. trinn,Matematikk 5. årstrinn,Femte årstrinn,status_publisert,"bruke tall, tegning og konkreter til å beskrive og utforske sammenhenger mellom brøker, desimaltall og prosenter","bruke tal, teikning og konkret til å beskrive og utforske samanhengar mellom brøkar, desimaltal og prosent","bruke tal, teikning og konkret til å beskrive og utforske samanhengar mellom brøkar, desimaltal og prosent","use numbers, drawings, and tangible objects to describe and explore the relationships between fractions, decimals, and percentages",ja,,
http://psi.udir.no/kl06/KM13266,KM13266,MAT01,06,Læreplan i matematikk 1.-10. trinn,Matematikk 5. årstrinn,Femte årstrinn,status_publisert,"beskrive brøk som del av en hel, som del av en mengde, som en divisjon og som tall på tallinjen","beskrive brøk som del av ein heil, som del av ei mengd, som ein divisjon og som tal på tallinja","beskrive brøk som del av ein heil, som del av ei mengd, som ein divisjon og som tal på tallinja","describe fractions as part of a whole, as part of a quantity, as part of a division, and as a number on a number line",ja,,
http://psi.udir.no/kl06/KM13267,KM13267,MAT01,06,Læreplan i matematikk 1.-10. trinn,Matematikk 5. årstrinn,Femte årstrinn,status_publisert,"bruke tall, tekst, tegning, konkreter og praktiske situasjoner for å representere brøker og kunne oversette mellom de ulike representasjonene","bruke tal, tekst, teikning, konkret og praktiske situasjonar for å representere brøkar og kunne omsetje mellom dei ulike representasjonane","bruke tal, tekst, teikning, konkret og praktiske situasjonar for å representere brøkar og kunne omsetje mellom dei ulike representasjonane","use numbers, text, drawings, tangible objects, and practical situation to represent fractions, and to be able to translate between different representations",ja,,
http://psi.udir.no/kl06/KM13268,KM13268,MAT01,06,Læreplan i matematikk 1.-10. trinn,Matematikk 5. årstrinn,Femte årstrinn,status_publisert,utvikle og bruke ulike strategier for regning med positive tall og brøk og forklare tenkemåtene sine,utvikle og bruke ulike strategiar for rekning med positive tal og brøk og forklare tenkjemåtane sine,utvikle og bruke ulike strategiar for rekning med positive tal og brøk og forklare tenkjemåtane sine,"develop and use different strategies for arithmetic using positive numbers and fractions, and to explain their reasoning",ja,,
http://psi.udir.no/kl06/KM13269,KM13269,MAT01,06,Læreplan i matematikk 1.-10. trinn,Matematikk 5. årstrinn,Femte årstrinn,status_publisert,formulere og løse problemer som har med brøk å gjøre,formulere og løyse problem som har med brøk å gjere,formulere og løyse problem som har med brøk å gjere,formulate and solve problems related to fractions,ja,,
http://psi.udir.no/kl06/KM13270,KM13270,MAT01,06,Læreplan i matematikk 1.-10. trinn,Matematikk 5. årstrinn,Femte årstrinn,status_publisert,utforske og beskrive tilfeldighet og sannsynlighet i spill og praktiske situasjoner og knytte det til brøk,"utforske og beskrive tilfeldigheit og sannsyn i spel og praktiske situasjonar, og knyte det til brøk","utforske og beskrive tilfeldigheit og sannsyn i spel og praktiske situasjonar, og knyte det til brøk","explore and describe chance and probability in games and practical situations, and to connect these concepts to fractions",ja,,
http://psi.udir.no/kl06/KM13274,KM13274,MAT01,06,Læreplan i matematikk 1.-10. trinn,Matematikk 5. årstrinn,Femte årstrinn,status_publisert,"bruke tall, tekst, tegning og konkreter til å løse ligninger og teste og forklare løsninger","bruke tal, tekst, teikning og konkret til å løyse likningar og teste og forklare løysingar","bruke tal, tekst, teikning og konkret til å løyse likningar og teste og forklare løysingar","use numbers, text, drawings and tangible objects to solve equations and test and explain solutions",ja,,
http://psi.udir.no/kl06/KM13271,KM13271,MAT01,06,Læreplan i matematikk 1.-10. trinn,Matematikk 5. årstrinn,Femte årstrinn,status_publisert,bruke regneark for å lage og løse oppgaver som handler om personlig økonomi,bruke rekneark for å lage og løyse oppgåver som handlar om personleg økonomi,bruke rekneark for å lage og løyse oppgåver som handlar om personleg økonomi,use spreadsheets to create and solve tasks relating to personal finance,ja,,
http://psi.udir.no/kl06/KM13273,KM13273,MAT01,06,Læreplan i matematikk 1.-10. trinn,Matematikk 5. årstrinn,Femte årstrinn,status_publisert,lage og løse oppgaver som handler om tid,lage og løyse oppgåver som handlar om tid,lage og løyse oppgåver som handlar om tid,create and solve tasks relating to time,ja,,
http://psi.udir.no/kl06/KM13272,KM13272,MAT01,06,Læreplan i matematikk 1.-10. trinn,Matematikk 5. årstrinn,Femte årstrinn,status_publisert,"lage og programmere algoritmer med bruk av variabler, vilkår og løkker","lage og programmere algoritmar med bruk av variablar, vilkår og lykkjer","lage og programmere algoritmar med bruk av variablar, vilkår og lykkjer","create and program algorithms using variables, conditions and loops",ja,,KM275
http://psi.udir.no/kl06/KM13275,KM13275,MAT01,06,Læreplan i matematikk 1.-10. trinn,Matematikk 6. årstrinn,Sjette årstrinn,status_publisert,beskrive og plassere desimaltall på tallinjen og sammenligne tall med ulikt antall desimaler som en del av posisjonssystemet,beskrive og plassere desimaltal på tallinja og samanlikne tal med ulikt antal desimalar som ein del av posisjonssystemet,beskrive og plassere desimaltal på tallinja og samanlikne tal med ulikt antal desimalar som ein del av posisjonssystemet,describe and place decimal numbers on the number line and compare numbers with different numbers of decimals as part of the positional system,ja,,
http://psi.udir.no/kl06/KM13276,KM13276,MAT01,06,Læreplan i matematikk 1.-10. trinn,Matematikk 6. årstrinn,Sjette årstrinn,status_publisert,utvikle og bruke ulike strategier for regning med desimaltall og sammenligne med regnestrategier for hele tall,utvikle og bruke ulike strategiar for rekning med desimaltal og samanlikne med reknestrategiar for heile tal,utvikle og bruke ulike strategiar for rekning med desimaltal og samanlikne med reknestrategiar for heile tal,develop and use different strategies for arithmetic using decimals and be able to compare these to numeracy strategies used for whole numbers,ja,,
http://psi.udir.no/kl06/KM13277,KM13277,MAT01,06,Læreplan i matematikk 1.-10. trinn,Matematikk 6. årstrinn,Sjette årstrinn,status_publisert,"lage og løse problemer med desimaltall, brøk og prosent og argumentere for egne løsninger","lage og løyse problem med desimaltal, brøk og prosent og argumentere for eigne løysingar","lage og løyse problem med desimaltal, brøk og prosent og argumentere for eigne løysingar","create and solve problems featuring decimal numbers, fractions, and percentages, and to provide reasoning for their own solutions",ja,,
http://psi.udir.no/kl06/KM13278,KM13278,MAT01,06,Læreplan i matematikk 1.-10. trinn,Matematikk 6. årstrinn,Sjette årstrinn,status_publisert,"beskrive og utforske egenskaper ved to- og tredimensjonale figurer og forklare hvilke egenskaper figurene har til felles, og hvilke egenskaper som skiller figurene fra hverandre","beskrive og utforske eigenskapar ved to- og tredimensjonale figurar og forklare kva for eigenskapar figurane har til felles, og kva for eigenskapar som skil figurane frå kvarandre","beskrive og utforske eigenskapar ved to- og tredimensjonale figurar og forklare kva for eigenskapar figurane har til felles, og kva for eigenskapar som skil figurane frå kvarandre","describe and explore the properties of two- and three-dimensional shapes and explain which properties the shapes share in common, and which properties distinguish the shapes from each other",ja,,
http://psi.udir.no/kl06/KM13283,KM13283,MAT01,06,Læreplan i matematikk 1.-10. trinn,Matematikk 6. årstrinn,Sjette årstrinn,status_publisert,utforske og beskrive symmetri i mønstre,utforske og beskrive symmetri i mønster,utforske og beskrive symmetri i mønster,explore and describe symmetry in patterns,ja,,
http://psi.udir.no/kl06/KM13284,KM13284,MAT01,06,Læreplan i matematikk 1.-10. trinn,Matematikk 6. årstrinn,Sjette årstrinn,status_publisert,lage kongruensavbildninger med og uten koordinatsystemer,lage kongruensavbildingar med og utan koordinatsystem,lage kongruensavbildingar med og utan koordinatsystem,perform congruence transformations with and without a coordinate system,ja,,
http://psi.udir.no/kl06/KM13279,KM13279,MAT01,06,Læreplan i matematikk 1.-10. trinn,Matematikk 6. årstrinn,Sjette årstrinn,status_publisert,"måle radius, diameter og omkrets i sirkler og utforske og forklare sammenhengen mellom pi og diameteren i en sirkel","måle radius, diameter og omkrins i sirklar og utforske og forklare samanhengen mellom pi og diameteren i ein sirkel","måle radius, diameter og omkrins i sirklar og utforske og forklare samanhengen mellom pi og diameteren i ein sirkel","measure the radius, diameter and circumference of circles, and explore and explain the relationship between pi and the diameter of a circle",ja,,
http://psi.udir.no/kl06/KM13280,KM13280,MAT01,06,Læreplan i matematikk 1.-10. trinn,Matematikk 6. årstrinn,Sjette årstrinn,status_publisert,utforske arealer og volum i praktiske situasjoner og bruke hensiktsmessige måleenheter,utforske areal og volum i praktiske situasjonar og bruke formålstjenlege måleiningar,utforske areal og volum i praktiske situasjonar og bruke formålstjenlege måleiningar,explore areas and volumes in practical situations and use appropriate units of measurement,ja,,
http://psi.udir.no/kl06/KM13285,KM13285,MAT01,06,Læreplan i matematikk 1.-10. trinn,Matematikk 6. årstrinn,Sjette årstrinn,status_publisert,utforske praktiske problemer med areal ved å bruke oppdeling og distributivitet,utforske praktiske problem med areal ved å bruke oppdeling og distributivitet,utforske praktiske problem med areal ved å bruke oppdeling og distributivitet,explore practical issues relating to area through the use of partitioning and distributivity,ja,,
http://psi.udir.no/kl06/KM13281,KM13281,MAT01,06,Læreplan i matematikk 1.-10. trinn,Matematikk 6. årstrinn,Sjette årstrinn,status_publisert,bruke og utforske strategier for å måle og regne ut areal og omkrets,bruke og utforske strategiar for å måle og rekne ut areal og omkrins,bruke og utforske strategiar for å måle og rekne ut areal og omkrins,use and explore strategies for measuring and calculating area and perimeter,ja,,
http://psi.udir.no/kl06/KM13282,KM13282,MAT01,06,Læreplan i matematikk 1.-10. trinn,Matematikk 6. årstrinn,Sjette årstrinn,status_publisert,"bruke variabler, løkker, vilkår og funksjoner i programmering til å utforske geometriske figurer og mønstre","bruke variablar, lykkjer, vilkår og funksjonar i programmering til å utforske geometriske figurar og mønster","bruke variablar, lykkjer, vilkår og funksjonar i programmering til å utforske geometriske figurar og mønster","use variables, loops, conditions and functions in programming to explore geometric shapes and patterns",ja,,KM217
http://psi.udir.no/kl06/KM13286,KM13286,MAT01,06,Læreplan i matematikk 1.-10. trinn,Matematikk 7. årstrinn,Syvende årstrinn,status_publisert,"bruke tall, tekst, tabeller, tegning og konkreter for å representere prosenter og kunne oversette mellom brøk, desimaltall og prosent","bruke tal, tekst, tabellar, teikning og konkret for å representere prosent og kunne omsetje mellom brøk, desimaltal og prosent","bruke tal, tekst, tabellar, teikning og konkret for å representere prosent og kunne omsetje mellom brøk, desimaltal og prosent","use numbers, text, tables, drawings, and tangible objects to represent percentages, and to translate between fractions, decimals, and percentages",ja,,
http://psi.udir.no/kl06/KM13288,KM13288,MAT01,06,Læreplan i matematikk 1.-10. trinn,Matematikk 7. årstrinn,Syvende årstrinn,status_publisert,"bruke hensiktsmessige strategier i hoderegning og skriftlig regning med brøk, desimaltall og prosent og forklare strategier","bruke formålstjenlege strategiar i hovudrekning og skriftleg rekning med brøk, desimaltal og prosent og forklare strategiar","bruke formålstjenlege strategiar i hovudrekning og skriftleg rekning med brøk, desimaltal og prosent og forklare strategiar","use appropriate strategies in written and mental arithmetic relating to fractions, decimals, and percentages, and to be able to explain these strategies",ja,,
http://psi.udir.no/kl06/KM13292,KM13292,MAT01,06,Læreplan i matematikk 1.-10. trinn,Matematikk 7. årstrinn,Syvende årstrinn,status_publisert,bruke og utforske negative tall både praktisk og teoretisk,bruke og utforske negative tal både praktisk og teoretisk,bruke og utforske negative tal både praktisk og teoretisk,use and explore negative numbers in both practical and theoretical terms,ja,,
http://psi.udir.no/kl06/KM13287,KM13287,MAT01,06,Læreplan i matematikk 1.-10. trinn,Matematikk 7. årstrinn,Syvende årstrinn,status_publisert,bruke regler for regnerekkefølge i problemløsing og til å lage og løse sammensatte regneuttrykk,bruke reglar for reknerekkefølgje i problemløysing og til å lage og løyse samansette rekneuttrykk,bruke reglar for reknerekkefølgje i problemløysing og til å lage og løyse samansette rekneuttrykk,apply the rules for the order of operations in problem solving and to create and solve multi-step numerical expressions,ja,,
http://psi.udir.no/kl06/KM13291,KM13291,MAT01,06,Læreplan i matematikk 1.-10. trinn,Matematikk 7. årstrinn,Syvende årstrinn,status_publisert,bruke ulike strategier for å løse ligninger og vurdere om løsninger er gyldige,bruke ulike strategiar for å løyse likningar og vurdere om løysingar er gyldige,bruke ulike strategiar for å løyse likningar og vurdere om løysingar er gyldige,use different strategies to solve equations and assess whether those solutions are valid,ja,,
http://psi.udir.no/kl06/KM13294,KM13294,MAT01,06,Læreplan i matematikk 1.-10. trinn,Matematikk 7. årstrinn,Syvende årstrinn,status_publisert,formulere og løse problemer som har med ligninger å gjøre,formulere og løyse problem som har med likningar å gjere,formulere og løyse problem som har med likningar å gjere,formulate and solve problems related to equations,ja,,
http://psi.udir.no/kl06/KM13296,KM13296,MAT01,06,Læreplan i matematikk 1.-10. trinn,Matematikk 7. årstrinn,Syvende årstrinn,status_publisert,"bruke tall, tekst, tegning og konkreter til å løse ulikheter og teste og forklare løsninger","bruke tal, tekst, teikning og konkret til å løyse ulikskapar og teste og forklare løysingar","bruke tal, tekst, teikning og konkret til å løyse ulikskapar og teste og forklare løysingar","use numbers, text, drawings and tangible objects to solve inequalities and test and explain solutions",ja,,
http://psi.udir.no/kl06/KM13289,KM13289,MAT01,06,Læreplan i matematikk 1.-10. trinn,Matematikk 7. årstrinn,Syvende årstrinn,status_publisert,regne sentralmål i egne og andres datasett og velge hensiktsmessig sentralmål,rekne sentralmål i eigne og andre sine datasett og velje formålstenleg sentralmål,rekne sentralmål i eigne og andre sine datasett og velje formålstenleg sentralmål,"calculate averages from their own and others’ datasets, and to choose which average it is appropriate to use",ja,,
http://psi.udir.no/kl06/KM13290,KM13290,MAT01,06,Læreplan i matematikk 1.-10. trinn,Matematikk 7. årstrinn,Syvende årstrinn,status_publisert,"logge, sortere, lese av og presentere data i tabeller og diagrammer og forklare valget av framstilling","logge, sortere, lese av og presentere data i tabellar og diagram og forklare valet av framstilling","logge, sortere, lese av og presentere data i tabellar og diagram og forklare valet av framstilling","log, sort, read and present data in tables and diagrams, and explain the choice of presentation",ja,,
http://psi.udir.no/kl06/KM13295,KM13295,MAT01,06,Læreplan i matematikk 1.-10. trinn,Matematikk 7. årstrinn,Syvende årstrinn,status_publisert,"estimere, gjøre overslag, forklare tenkemåter og vurdere kritisk egne og andres modeller og løsninger knyttet til praktiske situasjoner i arbeid med økonomi","estimere, gjere overslag, forklare tenkjemåtar og vurdere kritisk eigne og andre sine modellar og løysingar knytte til praktiske situasjonar i arbeid med økonomi","estimere, gjere overslag, forklare tenkjemåtar og vurdere kritisk eigne og andre sine modellar og løysingar knytte til praktiske situasjonar i arbeid med økonomi","assess, estimate, explain their reasoning, and critically assess their own and others’ models and solutions in relation to practical situations when working on finance",ja,,
http://psi.udir.no/kl06/KM13293,KM13293,MAT01,06,Læreplan i matematikk 1.-10. trinn,Matematikk 7. årstrinn,Syvende årstrinn,status_publisert,bruke programmering til å utforske data i tabeller og datasett,bruke programmering til å utforske data i tabellar og datasett,bruke programmering til å utforske data i tabellar og datasett,use programming to explore data contained in tables and datasets,ja,,KM205
http://psi.udir.no/kl06/KM13297,KM13297,MAT01,06,Læreplan i matematikk 1.-10. trinn,Matematikk 8. årstrinn,Åttende årstrinn,status_publisert,regne med potenser og kvadratrøtter og forklare framgangsmåter og resultater,rekne med potensar og kvadratrøter og forklare framgangsmåtar og resultat,rekne med potensar og kvadratrøter og forklare framgangsmåtar og resultat,"work with powers and square roots, and explain their approach and results",ja,,
http://psi.udir.no/kl06/KM13303,KM13303,MAT01,06,Læreplan i matematikk 1.-10. trinn,Matematikk 8. årstrinn,Åttende årstrinn,status_publisert,"bruke kommutative, assosiative og distributive egenskaper til å utvikle og kommunisere strategier for hoderegning og skriftlig regning","bruke kommutative, assosiative og distributive eigenskapar til å utvikle og kommunisere strategiar for hovudrekning og skriftleg rekning","bruke kommutative, assosiative og distributive eigenskapar til å utvikle og kommunisere strategiar for hovudrekning og skriftleg rekning","use commutative, associative and distributive properties to develop and communicate strategies for written and mental arithmetic",ja,,
http://psi.udir.no/kl06/KM13298,KM13298,MAT01,06,Læreplan i matematikk 1.-10. trinn,Matematikk 8. årstrinn,Åttende årstrinn,status_publisert,beskrive og utforske faktorisering og primtallsfaktorisering og bruke det i brøkregning,beskrive og utforske faktorisering og primtalsfaktorisering og bruke det i brøkrekning,beskrive og utforske faktorisering og primtalsfaktorisering og bruke det i brøkrekning,"describe and explore factorisation and prime factorisation, and to use this in fractional arithmetic",ja,,
http://psi.udir.no/kl06/KM13299,KM13299,MAT01,06,Læreplan i matematikk 1.-10. trinn,Matematikk 8. årstrinn,Åttende årstrinn,status_publisert,utforske og generalisere geometriske mønstre og tallmønstre med egne ord og algebraisk,utforske og generalisere geometriske mønster og tallmønster med eigne ord og algebraisk,utforske og generalisere geometriske mønster og tallmønster med eigne ord og algebraisk,explore and generalise geometric patterns and numerical patterns in their own words and algebraically,ja,,
http://psi.udir.no/kl06/KM13301,KM13301,MAT01,06,Læreplan i matematikk 1.-10. trinn,Matematikk 8. årstrinn,Åttende årstrinn,status_publisert,"lage og forklare regneuttrykk med tall, variabler og konstanter knyttet til praktiske situasjoner","lage og forklare rekneuttrykk med tal, variablar og konstantar knytte til praktiske situasjonar","lage og forklare rekneuttrykk med tal, variablar og konstantar knytte til praktiske situasjonar","create and explain mathematical expressions with numbers, variables and constants related to practical situations",ja,,KM200
http://psi.udir.no/kl06/KM13304,KM13304,MAT01,06,Læreplan i matematikk 1.-10. trinn,Matematikk 8. årstrinn,Åttende årstrinn,status_publisert,lage og løse ligninger knyttet til praktiske situasjoner og kritisk vurdere løsninger,lage og løyse likningar knytte til praktiske situasjonar og kritisk vurdere løysingar,lage og løyse likningar knytte til praktiske situasjonar og kritisk vurdere løysingar,create and solve equations related to practical situations and critically assess solutions,ja,,
http://psi.udir.no/kl06/KM13305,KM13305,MAT01,06,Læreplan i matematikk 1.-10. trinn,Matematikk 8. årstrinn,Åttende årstrinn,status_publisert,bruke ulike strategier for å løse ulikheter og vurdere om løsninger er gyldige,bruke ulike strategiar for å løyse ulikskapar og vurdere om løysingar er gyldige,bruke ulike strategiar for å løyse ulikskapar og vurdere om løysingar er gyldige,use different strategies to solve inequalities and assess whether those solutions are valid,ja,,
http://psi.udir.no/kl06/KM13302,KM13302,MAT01,06,Læreplan i matematikk 1.-10. trinn,Matematikk 8. årstrinn,Åttende årstrinn,status_publisert,"beskrive, sammenligne og utforske funksjoner knyttet til praktiske situasjoner","beskrive, samanlikne og utforske funksjonar knytte til praktiske situasjonar","beskrive, samanlikne og utforske funksjonar knytte til praktiske situasjonar","describe, compare and explore functions related to practical situations",ja,,
http://psi.udir.no/kl06/KM13306,KM13306,MAT01,06,Læreplan i matematikk 1.-10. trinn,Matematikk 8. årstrinn,Åttende årstrinn,status_publisert,"bruke situasjoner, tabeller, grafer og uttrykk til å representere funksjoner og vise sammenhenger mellom representasjonene","bruke situasjonar, tabellar, grafar og uttrykk til å representere funksjonar og vise samanhengar mellom representasjonane","bruke situasjonar, tabellar, grafar og uttrykk til å representere funksjonar og vise samanhengar mellom representasjonane","use situations, tables, graphs and expressions to represent functions and show relationships between the representations",ja,,
http://psi.udir.no/kl06/KM13300,KM13300,MAT01,06,Læreplan i matematikk 1.-10. trinn,Matematikk 8. årstrinn,Åttende årstrinn,status_publisert,"utforske hvordan algoritmer kan skapes, testes og forbedres ved hjelp av programmering","utforske korleis algoritmar kan skapast, testast og forbetrast ved hjelp av programmering","utforske korleis algoritmar kan skapast, testast og forbetrast ved hjelp av programmering","explore how algorithms can be created, tested and improved using programming",ja,,KM201
http://psi.udir.no/kl06/KM13316,KM13316,MAT01,06,Læreplan i matematikk 1.-10. trinn,Matematikk 9. årstrinn,Niende årstrinn,status_publisert,lage og løse problemer som handler om sammensatte måleenheter,lage og løyse problem som handlar om samansette måleiningar,lage og løyse problem som handlar om samansette måleiningar,create and solve problems involving compound units,ja,,
http://psi.udir.no/kl06/KM13308,KM13308,MAT01,06,Læreplan i matematikk 1.-10. trinn,Matematikk 9. årstrinn,Niende årstrinn,status_publisert,utforske egenskapene ved ulike todimensjonale figurer og forklare begrepene formlikhet og kongruens,utforske eigenskapane ved ulike todimensjonale figurar og forklare omgrepa formlikskap og kongruens,utforske eigenskapane ved ulike todimensjonale figurar og forklare omgrepa formlikskap og kongruens,explore the properties of different two-dimensional shapes and explain the concepts of isomorphism and congruence,ja,,
http://psi.udir.no/kl06/KM13317,KM13317,MAT01,06,Læreplan i matematikk 1.-10. trinn,Matematikk 9. årstrinn,Niende årstrinn,status_publisert,bruke formlikhet og Pytagoras’ læresetning til utforsking av praktiske situasjoner,bruke formlikskap og læresetninga til Pytagoras til utforsking av praktiske situasjonar,bruke formlikskap og læresetninga til Pytagoras til utforsking av praktiske situasjonar,use isomorphism and Pythagoras’ theorem to explore practical situations,ja,,
http://psi.udir.no/kl06/KM13307,KM13307,MAT01,06,Læreplan i matematikk 1.-10. trinn,Matematikk 9. årstrinn,Niende årstrinn,status_publisert,"utforske, beskrive og argumentere for sammenhenger mellom sidelengdene i trekanter","utforske, beskrive og argumentere for samanhengar mellom sidelengdene i trekantar","utforske, beskrive og argumentere for samanhengar mellom sidelengdene i trekantar","explore, describe and reason around the relationships between side lengths in triangles",ja,,KM240
http://psi.udir.no/kl06/KM13309,KM13309,MAT01,06,Læreplan i matematikk 1.-10. trinn,Matematikk 9. årstrinn,Niende årstrinn,status_publisert,utforske og argumentere for hvordan det å endre forutsetninger i geometriske problemstillinger påvirker løsninger både praktisk og algebraisk,utforske og argumentere for korleis det å endre føresetnader i geometriske problemstillingar påverkar løysingar både praktisk og algebraisk,utforske og argumentere for korleis det å endre føresetnader i geometriske problemstillingar påverkar løysingar både praktisk og algebraisk,explore and put forward the argument for how changing assumptions in geometric problems affects solutions both practically and algebraically,ja,,
http://psi.udir.no/kl06/KM13310,KM13310,MAT01,06,Læreplan i matematikk 1.-10. trinn,Matematikk 9. årstrinn,Niende årstrinn,status_publisert,bruke og argumentere for formler for overflateareal og volum av tredimensjonale figurer,bruke og argumentere for formlar for overflateareal og volum av tredimensjonale figurar,bruke og argumentere for formlar for overflateareal og volum av tredimensjonale figurar,use and put forward the argument for formulas for the calculation of the surface area and volume of three-dimensional shapes,ja,,
http://psi.udir.no/kl06/KM13312,KM13312,MAT01,06,Læreplan i matematikk 1.-10. trinn,Matematikk 9. årstrinn,Niende årstrinn,status_publisert,tolke og kritisk vurdere statistiske framstillinger fra media og lokalsamfunnet,tolke og kritisk vurdere statistiske framstillingar frå media og lokalsamfunnet,tolke og kritisk vurdere statistiske framstillingar frå media og lokalsamfunnet,interpret and critically assess statistical presentations found in the media and the local community,ja,,
http://psi.udir.no/kl06/KM13313,KM13313,MAT01,06,Læreplan i matematikk 1.-10. trinn,Matematikk 9. årstrinn,Niende årstrinn,status_publisert,regne på sentralmål og spredningsmål i egne og reelle datasett og bruke resultatene til å beskrive dataene,rekne på sentralmål og spreiingsmål i eigne og reelle datasett og bruke resultata til å beskrive dataa,rekne på sentralmål og spreiingsmål i eigne og reelle datasett og bruke resultata til å beskrive dataa,"calculate averages and measures of dispersion in their own and others’ datasets, and then use these results to describe the data",ja,,
http://psi.udir.no/kl06/KM13314,KM13314,MAT01,06,Læreplan i matematikk 1.-10. trinn,Matematikk 9. årstrinn,Niende årstrinn,status_publisert,sammenligne og argumentere for hvordan framstillinger av tall og data kan brukes for å fremme ulike synspunkter,samanlikne og argumentere for korleis framstillingar av tal og data kan brukast for å fremje ulike synspunkt,samanlikne og argumentere for korleis framstillingar av tal og data kan brukast for å fremje ulike synspunkt,compare and put forward the argument for how presentations of figures and data can be used to promote different points of view,ja,,
http://psi.udir.no/kl06/KM13315,KM13315,MAT01,06,Læreplan i matematikk 1.-10. trinn,Matematikk 9. årstrinn,Niende årstrinn,status_publisert,beregne og vurdere sannsynlighet i statistikk og spill,berekne og vurdere sannsyn i statistikk og spel,berekne og vurdere sannsyn i statistikk og spel,calculate and assess probability in statistics and games,ja,,KM233
http://psi.udir.no/kl06/KM13311,KM13311,MAT01,06,Læreplan i matematikk 1.-10. trinn,Matematikk 9. årstrinn,Niende årstrinn,status_publisert,"simulere utfall i tilfeldige forsøk og beregne sannsynligheten for at noe skal inntreffe, ved å bruke programmering","simulere utfall i tilfeldige forsøk og berekne sannsynet for at noko skal inntreffe, ved å bruke programmering","simulere utfall i tilfeldige forsøk og berekne sannsynet for at noko skal inntreffe, ved å bruke programmering",simulate outcomes in randomised trials and calculate the probability of something occurring through the use of programming,ja,,KM236
http://psi.udir.no/kl06/KM13328,KM13328,MAT01,06,Læreplan i matematikk 1.-10. trinn,Matematikk 10. årstrinn,Tiende årstrinn,status_publisert,bruke regneregler og generalisere sammenhenger algebraisk,bruke reknereglar og generalisere samanhengar algebraisk,bruke reknereglar og generalisere samanhengar algebraisk,use the order of operations and generalise relationships algebraically,ja,,
http://psi.udir.no/kl06/KM13318,KM13318,MAT01,06,Læreplan i matematikk 1.-10. trinn,Matematikk 10. årstrinn,Tiende årstrinn,status_publisert,utforske kvadratsetningene geometrisk og algebraisk og bruke kvadratsetningene som regnestrategier,utforske kvadratsetningane geometrisk og algebraisk og bruke kvadratsetningane som reknestrategiar,utforske kvadratsetningane geometrisk og algebraisk og bruke kvadratsetningane som reknestrategiar,explore the square theorems geometrically and algebraically and use the square theorems as calculation strategies,ja,,
http://psi.udir.no/kl06/KM13324,KM13324,MAT01,06,Læreplan i matematikk 1.-10. trinn,Matematikk 10. årstrinn,Tiende årstrinn,status_publisert,"lage, løse og forklare ligningssett knyttet til praktiske situasjoner","lage, løyse og forklare likningssett knytte til praktiske situasjonar","lage, løyse og forklare likningssett knytte til praktiske situasjonar","create, solve and explain systems of equations related to practical situations",ja,,KM224
http://psi.udir.no/kl06/KM13319,KM13319,MAT01,06,Læreplan i matematikk 1.-10. trinn,Matematikk 10. årstrinn,Tiende årstrinn,status_publisert,"utforske og sammenligne egenskaper ved lineære funksjoner, eksponentialfunksjoner, brøkfunksjoner og andregradsfunksjoner ved å bruke digitale verktøy","utforske og samanlikne eigenskapar ved lineære funksjonar, eksponentialfunksjonar, brøkfunksjonar og andregradsfunksjonar ved å bruke digitale verktøy","utforske og samanlikne eigenskapar ved lineære funksjonar, eksponentialfunksjonar, brøkfunksjonar og andregradsfunksjonar ved å bruke digitale verktøy","explore and compare properties of linear functions, exponential functions, fractional functions and second-degree functions through the use of digital tools",ja,,
http://psi.udir.no/kl06/KM13320,KM13320,MAT01,06,Læreplan i matematikk 1.-10. trinn,Matematikk 10. årstrinn,Tiende årstrinn,status_publisert,forklare begrepet endring per enhet og regne ut stigningstallet til lineære funksjoner,forklare omgrepet endring per eining og rekne ut stigningstalet til lineære funksjonar,forklare omgrepet endring per eining og rekne ut stigningstalet til lineære funksjonar,explain the concept of change per unit and calculate the slope of linear functions,ja,,
http://psi.udir.no/kl06/KM13322,KM13322,MAT01,06,Læreplan i matematikk 1.-10. trinn,Matematikk 10. årstrinn,Tiende årstrinn,status_publisert,"utforske og forklare sammenhengen mellom konstant prosentvis endring, vekstfaktor og eksponentialfunksjoner","utforske og forklare samanhengen mellom konstant prosentvis endring, vekstfaktor og eksponentialfunksjonar","utforske og forklare samanhengen mellom konstant prosentvis endring, vekstfaktor og eksponentialfunksjonar","explore and explain the relationship between constant percentage change, growth factor and exponential functions",ja,,
http://psi.udir.no/kl06/KM13321,KM13321,MAT01,06,Læreplan i matematikk 1.-10. trinn,Matematikk 10. årstrinn,Tiende årstrinn,status_publisert,"hente ut og tolke relevant informasjon og reflektere over mulige konsekvenser ved kjøp og salg, renter på sparing, lån og kredittkjøp","hente ut og tolke relevant informasjon og reflektere over moglege konsekvensar ved kjøp og sal, renter på sparing, lån og kredittkjøp","hente ut og tolke relevant informasjon og reflektere over moglege konsekvensar ved kjøp og sal, renter på sparing, lån og kredittkjøp","retrieve and interpret relevant information and reflect on the possible consequences of buying and selling, interest on savings, loans and credit purchases",ja,,
http://psi.udir.no/kl06/KM13325,KM13325,MAT01,06,Læreplan i matematikk 1.-10. trinn,Matematikk 10. årstrinn,Tiende årstrinn,status_publisert,"planlegge, utføre og presentere et utforskende arbeid knyttet til personlig økonomi","planleggje, utføre og presentere eit utforskande arbeid knytt til personleg økonomi","planleggje, utføre og presentere eit utforskande arbeid knytt til personleg økonomi","plan, carry out and present an exploratory assignment related to personal finance",ja,,KM292
http://psi.udir.no/kl06/KM13323,KM13323,MAT01,06,Læreplan i matematikk 1.-10. trinn,Matematikk 10. årstrinn,Tiende årstrinn,status_publisert,"modellere situasjoner, presentere resultatene og vurdere hvor gyldige modellene er","modellere situasjonar, presentere resultata og vurdere kor gyldige modellane er","modellere situasjonar, presentere resultata og vurdere kor gyldige modellane er","model situations, present the results and assess the validity of the models",ja,,
http://psi.udir.no/kl06/KM13326,KM13326,MAT01,06,Læreplan i matematikk 1.-10. trinn,Matematikk 10. årstrinn,Tiende årstrinn,status_publisert,utforske matematiske egenskaper og sammenhenger ved å bruke programmering,utforske matematiske eigenskapar og samanhengar ved å bruke programmering,utforske matematiske eigenskapar og samanhengar ved å bruke programmering,explore mathematical properties and relationships using programming,ja,,KM293
http://psi.udir.no/kl06/KM13327,KM13327,MAT01,06,Læreplan i matematikk 1.-10. trinn,Matematikk 10. årstrinn,Tiende årstrinn,status_publisert,lese og forklare tekstbasert programkode i Python,lese og forklare tekstbasert programkode i Python,lese og forklare tekstbasert programkode i Python,read and explain text-based programming code in Python,ja,,
